x,y,z
0.699999,0.100001,0.299999
0.699998,0.1,0.3
0.699998,0.1,0.3
0.699977,0.0999932,0.300004
0.699945,0.0999819,0.300012
0.699944,0.0999795,0.300012
0.699952,0.0999817,0.30001
0.699939,0.0999781,0.300013
0.69992,0.0999725,0.300017
0.699925,0.0999746,0.300016
0.699933,0.0999799,0.300013
0.699934,0.0999865,0.300012
0.699926,0.0999913,0.300011
0.699918,0.0999952,0.300011
0.699924,0.100008,0.300007
0.699922,0.100022,0.300004
0.6999,0.100031,0.300005
0.699882,0.100041,0.300004
0.699876,0.100058,0.300001
0.699871,0.100079,0.299996
0.699877,0.100105,0.299989
0.699884,0.100134,0.299981
0.699866,0.100159,0.299978
0.699853,0.10019,0.299973
0.699848,0.100227,0.299964
0.699826,0.100261,0.299958
0.699809,0.100297,0.299952
0.699799,0.100339,0.299944
0.6998,0.10039,0.299932
0.699815,0.100451,0.299916
0.699807,0.100508,0.299903
0.699788,0.100565,0.299893
0.699789,0.100632,0.299877
0.699789,0.100706,0.29986
0.699789,0.100785,0.299842
0.699777,0.100864,0.299826
0.699754,0.100946,0.299811
0.69974,0.101032,0.299793
0.699731,0.101126,0.299773
0.699718,0.101226,0.299753
0.699705,0.10133,0.299731
0.699685,0.101437,0.29971
0.699649,0.101543,0.299691
0.699621,0.101658,0.29967
0.699595,0.101779,0.299646
0.699562,0.101903,0.299623
0.699542,0.102038,0.299595
0.699527,0.102181,0.299565
0.699506,0.102327,0.299534
0.699497,0.102483,0.299501
0.699473,0.102642,0.299469
0.699433,0.102802,0.299438
0.699403,0.102969,0.299405
0.699387,0.103149,0.299367
0.699368,0.103337,0.299328
0.699333,0.103524,0.299291
0.699288,0.103714,0.299255
0.699256,0.103916,0.299215
0.699225,0.104126,0.299173
0.699196,0.104344,0.299128
0.699175,0.104573,0.29908
0.699132,0.104802,0.299035
0.699085,0.105035,0.29899
0.699052,0.105282,0.298941
0.699015,0.105536,0.298889
0.698966,0.105793,0.298839
0.698909,0.106054,0.29879
0.698865,0.106329,0.298735
0.698814,0.10661,0.298679
0.698748,0.106893,0.298626
0.69869,0.107185,0.298569
0.698644,0.10749,0.298508
0.698594,0.107803,0.298446
0.698538,0.10812,0.298383
0.698488,0.108449,0.298318
0.698431,0.108784,0.298252
0.698363,0.109124,0.298186
0.698303,0.109476,0.298117
0.698241,0.109836,0.298046
0.698178,0.110204,0.297973
0.698124,0.110583,0.297897
0.698053,0.110967,0.297823
0.697984,0.111362,0.297746
0.697912,0.111764,0.297666
0.697836,0.112173,0.297587
0.697776,0.112598,0.297502
0.697708,0.113029,0.297416
0.697635,0.113467,0.297331
0.697556,0.113914,0.297244
0.697469,0.114368,0.297156
0.697384,0.114831,0.297066
0.697293,0.115301,0.296976
0.697199,0.115781,0.296885
0.697111,0.116272,0.296789
0.697018,0.116771,0.296693
0.69691,0.117273,0.296599
0.696805,0.117785,0.296502
0.696708,0.118311,0.296401
0.696605,0.118844,0.296299
0.696506,0.119389,0.296194
0.696403,0.119942,0.296088
0.696297,0.120504,0.295981
0.696186,0.121075,0.295872
0.696057,0.121649,0.295766
0.695931,0.122235,0.295656
0.695819,0.122837,0.295541
0.69572,0.123455,0.29542
0.695592,0.124074,0.295303
0.695455,0.124698,0.295187
0.695339,0.12534,0.295064
0.695218,0.125989,0.29494
0.695093,0.126649,0.294815
0.694961,0.127318,0.29469
0.694829,0.127997,0.294561
0.694685,0.128684,0.294433
0.694538,0.12938,0.294304
0.69439,0.130086,0.294172
0.694228,0.130797,0.294042
0.694077,0.131523,0.293907
0.693923,0.13226,0.29377
0.693758,0.133002,0.293634
0.6936,0.13376,0.293493
0.693446,0.134529,0.293349
0.693287,0.135309,0.293204
0.693113,0.136094,0.29306
0.692928,0.136885,0.292916
0.692763,0.137694,0.292766
0.69259,0.138511,0.292616
0.69241,0.139337,0.292466
0.692231,0.140174,0.292313
0.692054,0.141024,0.292157
0.691866,0.141882,0.292001
0.691674,0.142749,0.291843
0.691476,0.143625,0.291685
0.691251,0.144502,0.291531
0.691038,0.145394,0.291373
0.690836,0.146305,0.291208
0.690626,0.147223,0.291043
0.690412,0.148151,0.290877
0.690201,0.149091,0.290708
0.689986,0.150042,0.290538
0.689753,0.150997,0.29037
0.689522,0.151964,0.290199
0.689298,0.152946,0.290024
0.68906,0.153936,0.28985
0.688823,0.154935,0.289674
0.688571,0.155941,0.289499
0.688312,0.156954,0.289324
0.688062,0.157985,0.289144
0.687807,0.159025,0.288963
0.687546,0.160074,0.288781
0.687272,0.161129,0.2886
0.686991,0.162192,0.288419
0.686703,0.163264,0.288238
0.686415,0.164348,0.288054
0.686125,0.165442,0.287868
0.68583,0.166546,0.287681
0.685544,0.167667,0.28749
0.685248,0.168795,0.287299
0.684946,0.169932,0.287107
0.684639,0.171079,0.286914
0.684314,0.172228,0.286724
0.683986,0.173387,0.286533
0.683659,0.17456,0.286339
0.683334,0.175745,0.286142
0.683,0.176937,0.285946
0.682662,0.178139,0.285749
0.682323,0.179353,0.285549
0.681981,0.180577,0.285349
0.681631,0.181809,0.285148
0.681265,0.183046,0.284949
0.680904,0.184298,0.284747
0.680542,0.185562,0.284542
0.680175,0.186835,0.284337
0.679803,0.188118,0.284132
0.679417,0.189407,0.283927
0.679036,0.190708,0.28372
0.678638,0.192014,0.283515
0.678234,0.193328,0.28331
0.677838,0.194658,0.2831
0.67743,0.195995,0.282892
0.677013,0.19734,0.282684
0.676585,0.198691,0.282476
0.676141,0.200044,0.282271
0.675701,0.201413,0.282064
0.675263,0.202794,0.281853
0.674822,0.204185,0.281641
0.674384,0.20559,0.281427
0.673914,0.206991,0.281219
0.673429,0.208394,0.281014
0.672961,0.209818,0.280802
0.67249,0.211254,0.280588
0.671991,0.212686,0.28038
0.671479,0.214121,0.280175
0.670975,0.215569,0.279966
0.670479,0.217035,0.279753
0.669983,0.218515,0.279538
0.669469,0.219996,0.279325
0.668954,0.221486,0.279112
0.66844,0.22299,0.278897
0.667906,0.224497,0.278685
0.667362,0.226011,0.278473
0.666824,0.227538,0.278258
0.666265,0.229065,0.278048
0.665684,0.230591,0.277842
0.665108,0.232129,0.277634
0.664538,0.233683,0.277422
0.663956,0.235243,0.277212
0.663354,0.236801,0.277006
0.662745,0.238364,0.276801
0.662128,0.239935,0.276596
0.661518,0.24152,0.276388
0.660903,0.243115,0.27618
0.660285,0.244719,0.275971
0.659663,0.246333,0.275762
0.659037,0.247955,0.275552
0.6584,0.249582,0.275344
0.657736,0.251206,0.275142
0.657076,0.252845,0.274938
0.656409,0.25449,0.274733
0.65573,0.256139,0.27453
0.655049,0.257798,0.274327
0.654367,0.259466,0.274123
0.653669,0.261137,0.273922
0.652966,0.262814,0.273722
0.652252,0.264496,0.273523
0.651529,0.266183,0.273326
0.650797,0.267876,0.27313
0.650048,0.269566,0.272939
0.649294,0.271263,0.272748
0.648544,0.272974,0.272555
0.647791,0.274694,0.272361
0.64703,0.27642,0.272169
0.646269,0.278158,0.271975
0.64549,0.279896,0.271785
0.644686,0.281626,0.271601
0.643872,0.283359,0.27142
0.643068,0.28511,0.271235
0.642251,0.286864,0.271052
0.641419,0.288617,0.270873
0.64059,0.290381,0.270692
0.639762,0.292157,0.270511
0.638921,0.293936,0.270331
0.638057,0.295707,0.270158
0.637186,0.297481,0.269988
0.636313,0.299265,0.269817
0.635435,0.301056,0.269647
0.634557,0.302859,0.269475
0.633669,0.304665,0.269305
0.632772,0.306474,0.269138
0.631865,0.308285,0.268973
0.630945,0.310098,0.268811
0.630019,0.311916,0.268651
0.629088,0.31374,0.268492
0.628142,0.315563,0.268336
0.62719,0.317391,0.268182
0.626224,0.31922,0.268032
0.625246,0.321047,0.267885
0.624278,0.322892,0.267734
0.623297,0.324738,0.267586
0.622307,0.326587,0.267441
0.621299,0.32843,0.267302
0.620276,0.330269,0.267167
0.619251,0.332117,0.267032
0.618218,0.333967,0.2669
0.617183,0.335825,0.266767
0.61614,0.337684,0.266638
0.615078,0.339537,0.266514
0.614013,0.341395,0.266392
0.612952,0.343267,0.266268
0.611876,0.345137,0.266147
0.610779,0.346996,0.266034
0.609677,0.348859,0.265923
0.608573,0.350729,0.265812
0.607471,0.352611,0.2657
0.606354,0.354491,0.265592
0.605216,0.356357,0.265492
0.604069,0.358224,0.265396
0.602918,0.360093,0.265301
0.601773,0.361979,0.265204
0.600624,0.36387,0.265108
0.59946,0.365759,0.265016
0.598289,0.367646,0.264928
0.597108,0.369532,0.264844
0.595917,0.371418,0.264763
0.59472,0.373309,0.264684
0.593508,0.375193,0.26461
0.592279,0.377069,0.264542
0.591052,0.378954,0.264474
0.589812,0.380835,0.264411
0.588565,0.382717,0.26435
0.587311,0.3846,0.264292
0.586051,0.386483,0.264237
0.584796,0.38838,0.264181
0.583529,0.390273,0.264128
0.582253,0.392164,0.26408
0.580965,0.39405,0.264037
0.579667,0.395934,0.263998
0.578357,0.397813,0.263963
0.577033,0.399684,0.263934
0.575702,0.401554,0.263909
0.574376,0.403436,0.263883
0.57303,0.405307,0.263863
0.571677,0.407176,0.263846
0.57034,0.409066,0.263826
0.568987,0.410945,0.263812
0.567614,0.41281,0.263807
0.566237,0.414676,0.263805
0.564862,0.416551,0.263802
0.563473,0.41842,0.263804
0.562069,0.420277,0.263812
0.560658,0.422132,0.263825
0.559237,0.423981,0.263843
0.557813,0.425834,0.263862
0.556382,0.427684,0.263885
0.554942,0.429529,0.263912
0.553506,0.431384,0.263939
0.552057,0.433231,0.263972
0.550599,0.435073,0.264009
0.549131,0.436907,0.264051
0.547653,0.438734,0.264099
0.546169,0.440558,0.26415
0.544722,0.442344,0.26421
0.543393,0.444086,0.264285
0.542188,0.445766,0.264379
0.541111,0.44733,0.26448
0.54017,0.448742,0.264605
0.539368,0.449999,0.264751
0.5387,0.451108,0.264908
0.538164,0.452085,0.265076
0.53776,0.452925,0.265253
0.537483,0.453609,0.265432
0.537327,0.454159,0.265604
0.537286,0.454581,0.265765
0.537352,0.454849,0.265909
0.537516,0.454972,0.266025
0.537765,0.45497,0.266106
0.538091,0.454851,0.266146
0.538488,0.454599,0.266161
0.538954,0.454247,0.266161
0.539484,0.453807,0.266157
0.54007,0.453277,0.266149
0.540699,0.452666,0.266133
0.541374,0.452009,0.266114
0.542086,0.451313,0.266094
0.542832,0.450569,0.266078
0.543607,0.449785,0.266071
0.544414,0.448979,0.266074
0.545248,0.448183,0.266064
0.546096,0.447361,0.266051
0.546963,0.446504,0.266064
0.547862,0.44565,0.266092
0.548785,0.444825,0.266097
0.549707,0.443974,0.266101
0.550651,0.443117,0.266123
0.551623,0.442285,0.266134
0.552575,0.44141,0.266163
0.553479,0.44046,0.266231
0.554315,0.439439,0.266323
0.555068,0.438352,0.266433
0.555733,0.437214,0.266558
0.556306,0.436018,0.266727
0.556812,0.434784,0.266959
0.557259,0.433536,0.26724
0.557631,0.432271,0.267576
0.557922,0.430995,0.267969
0.558151,0.429734,0.268394
0.558344,0.428517,0.268823
0.558515,0.427356,0.269239
0.558661,0.426248,0.269654
0.558789,0.425194,0.270071
0.558896,0.424194,0.270495
0.558976,0.423242,0.270942
0.559031,0.422348,0.271394
0.559071,0.421521,0.271821
0.559089,0.420758,0.272241
0.559075,0.420051,0.272685
0.559028,0.419407,0.273136
0.558959,0.418835,0.273558
0.558861,0.418333,0.273971
0.558725,0.417898,0.2744
0.558552,0.417534,0.274828
0.558347,0.417248,0.275228
0.558105,0.41704,0.275614
0.557817,0.416908,0.276012
0.557484,0.416856,0.276404
0.557103,0.416889,0.276785
0.556672,0.417008,0.277153
0.556191,0.417216,0.277505
0.555658,0.417517,0.277837
0.555073,0.417913,0.278148
0.554431,0.418406,0.278438
0.553731,0.418999,0.278709
0.55297,0.419696,0.27896
0.552144,0.4205,0.279188
0.551253,0.421415,0.279391
0.550294,0.422445,0.279565
0.549265,0.423594,0.279708
0.548163,0.424866,0.279819
0.546987,0.426265,0.279893
0.545735,0.427798,0.279927
0.54437,0.429481,0.279924
0.542836,0.431341,0.2799
0.541185,0.433363,0.279879
0.539498,0.435522,0.279848
0.537778,0.437822,0.279795
0.536021,0.440269,0.279725
0.534223,0.442868,0.279649
0.532391,0.445623,0.279565
0.530532,0.448534,0.27948
0.528647,0.451605,0.279406
0.526744,0.454838,0.279341
0.524826,0.458235,0.279292
0.522899,0.461799,0.279252
0.520968,0.465533,0.279204
0.519039,0.469439,0.279146
0.517135,0.473505,0.279105
0.515241,0.477627,0.279084
0.513288,0.481652,0.279088
0.511241,0.485531,0.279153
0.509097,0.489272,0.279291
0.506872,0.492903,0.279496
0.50457,0.49643,0.27973
0.502192,0.499856,0.27995
0.499735,0.503172,0.280133
0.497197,0.506374,0.280281
0.494589,0.509483,0.280405
0.49189,0.512472,0.28051
0.489114,0.515341,0.280626
0.486315,0.518143,0.280768
0.483488,0.520872,0.280945
0.480631,0.523522,0.281163
0.477742,0.526085,0.281424
0.474829,0.528565,0.281745
0.471893,0.530975,0.282131
0.468907,0.533276,0.282585
0.465901,0.535498,0.283104
0.462903,0.537684,0.283669
0.459918,0.539841,0.284263
0.456977,0.542006,0.284855
0.454073,0.544181,0.285444
0.451207,0.546374,0.286023
0.448382,0.548589,0.286568
0.445601,0.550834,0.287086
0.442859,0.553096,0.287595
0.440122,0.555325,0.288108
0.437396,0.557527,0.288625
0.434674,0.559688,0.289149
0.431962,0.561822,0.289678
0.429257,0.563926,0.290211
0.426556,0.565997,0.290749
0.423875,0.568061,0.291287
0.421197,0.570091,0.291829
0.418521,0.572076,0.292379
0.415849,0.574019,0.292935
0.413189,0.575938,0.293496
0.410547,0.577849,0.294055
0.407915,0.579739,0.294616
0.405294,0.581605,0.29518
0.40269,0.58346,0.295745
0.400094,0.585287,0.296313
0.397506,0.587084,0.296885
0.394928,0.588857,0.297461
0.392361,0.590606,0.29804
0.389802,0.592324,0.298622
0.387252,0.594015,0.299207
0.384717,0.595693,0.299794
0.38219,0.597338,0.300385
0.379676,0.598965,0.300977
0.377167,0.600556,0.301573
0.374667,0.602119,0.302173
0.37219,0.603685,0.302771
0.369719,0.605226,0.303369
0.367257,0.606732,0.303972
0.364809,0.60822,0.304577
0.362378,0.609701,0.305182
0.359959,0.611166,0.305787
0.357547,0.612595,0.306395
0.355145,0.613995,0.307007
0.35276,0.615388,0.307619
0.350385,0.616761,0.308232
0.348023,0.618113,0.308845
0.345677,0.619461,0.309459
0.34334,0.620782,0.310074
0.341013,0.622072,0.310691
0.338699,0.623342,0.311311
0.336403,0.624612,0.31193
0.334117,0.625864,0.312548
0.331842,0.627092,0.313167
0.329583,0.628313,0.313787
0.327333,0.629505,0.314409
0.325091,0.63066,0.315034
0.322863,0.631802,0.31566
0.32065,0.632935,0.316284
0.318453,0.634066,0.316906
0.316272,0.635191,0.317527
0.314099,0.636291,0.31815
0.311939,0.637369,0.318773
0.309789,0.638418,0.319399
0.307656,0.639469,0.320023
0.305536,0.640512,0.320646
0.303423,0.641519,0.32127
0.301324,0.642506,0.321896
0.299241,0.643494,0.322521
0.297171,0.64447,0.323144
0.29511,0.645416,0.323768
0.293061,0.64634,0.324393
0.291027,0.647254,0.325018
0.289011,0.648173,0.32564
0.287003,0.649071,0.326261
0.285005,0.649941,0.326882
0.283025,0.65081,0.327503
0.281057,0.651662,0.328124
0.279102,0.652499,0.328743
0.277162,0.653335,0.32936
0.275233,0.654154,0.329977
0.273318,0.654955,0.330593
0.271417,0.655753,0.331208
0.269532,0.656553,0.33182
0.267656,0.657332,0.332432
0.26579,0.65808,0.333045
0.263939,0.658814,0.333657
0.2621,0.659535,0.334269
0.260279,0.660271,0.334877
0.258471,0.661012,0.33548
0.256669,0.661719,0.336084
0.254881,0.6624,0.336688
0.253108,0.663067,0.337293
0.251348,0.663727,0.337896
0.249599,0.664374,0.338497
0.247863,0.665024,0.339095
0.246141,0.665669,0.33969
0.244428,0.66628,0.340284
0.242734,0.666903,0.340877
0.241053,0.667519,0.341468
0.239383,0.668124,0.342057
0.237727,0.668737,0.342642
0.236079,0.669321,0.343226
0.234445,0.669898,0.34381
0.232823,0.670457,0.344392
0.231212,0.671002,0.344974
0.229615,0.671539,0.345552
0.228031,0.67207,0.346128
0.226458,0.672591,0.346702
0.224898,0.673094,0.347274
0.223351,0.673594,0.347844
0.221817,0.674084,0.348411
0.220295,0.674561,0.348976
0.218787,0.675044,0.349539
0.217291,0.675526,0.350098
0.215806,0.675994,0.350654
0.214334,0.676451,0.351209
0.212875,0.676908,0.351761
0.211428,0.677364,0.35231
0.209991,0.677797,0.352857
0.208567,0.678211,0.353403
0.207156,0.678624,0.353947
0.205757,0.679035,0.354487
0.204369,0.679437,0.355023
0.202994,0.679831,0.355557
0.201631,0.680227,0.356089
0.200281,0.680629,0.356616
0.198941,0.681021,0.357141
0.197614,0.681419,0.357663
0.196297,0.681788,0.358183
0.194992,0.682146,0.358701
0.193699,0.682496,0.359217
0.192418,0.682824,0.35973
0.191148,0.683147,0.36024
0.189891,0.68348,0.360747
0.188645,0.683827,0.361249
0.187409,0.684153,0.361747
0.186185,0.684464,0.362243
0.184975,0.684774,0.362738
0.183777,0.6851,0.363229
0.182588,0.685429,0.363715
0.181408,0.685731,0.364198
0.180241,0.686036,0.364679
0.179086,0.686342,0.365158
0.177939,0.686619,0.365633
0.176806,0.68689,0.366106
0.175682,0.687152,0.366577
0.17457,0.687412,0.367043
0.173468,0.687671,0.367506
0.172377,0.687926,0.367964
0.171297,0.688179,0.36842
0.17023,0.688427,0.368872
0.169174,0.688685,0.369322
0.168127,0.688934,0.369767
0.16709,0.689161,0.370209
0.166066,0.689378,0.370649
0.165052,0.689591,0.371086
0.164049,0.689812,0.371519
0.163054,0.690028,0.371947
0.16207,0.690237,0.372371
0.161097,0.690444,0.372792
0.160137,0.690633,0.373212
0.159188,0.690834,0.373627
0.158247,0.691034,0.374038
0.157317,0.691234,0.374444
0.156397,0.69144,0.374848
0.155486,0.691638,0.375247
0.154587,0.691832,0.375643
0.153696,0.692011,0.376037
0.152816,0.692187,0.376427
0.151946,0.692366,0.376814
0.151086,0.692549,0.377197
0.150234,0.69273,0.377576
0.149391,0.692883,0.377951
0.148561,0.693023,0.378325
0.147741,0.693173,0.378695
0.14693,0.693326,0.37906
0.146128,0.693468,0.379421
0.145336,0.693607,0.379779
0.144553,0.693757,0.380134
0.143779,0.693908,0.380483
0.143013,0.694045,0.380829
0.142259,0.694182,0.381172
0.141515,0.694334,0.381512
0.140778,0.69449,0.381847
0.140049,0.694615,0.382178
0.139332,0.694734,0.382507
0.138623,0.694861,0.382833
0.137924,0.694986,0.383155
0.137233,0.695108,0.383473
0.136552,0.695223,0.383788
0.13588,0.695323,0.384099
0.135217,0.695416,0.384407
0.134563,0.695521,0.384711
0.133917,0.695629,0.385009
0.133279,0.695746,0.385305
0.132648,0.695849,0.385596
0.132027,0.695948,0.385885
0.131416,0.696049,0.38617
0.130813,0.696146,0.386451
0.130218,0.696253,0.386729
0.129632,0.696357,0.387004
0.129054,0.69646,0.387275
0.128484,0.696541,0.387542
0.127923,0.696609,0.387806
0.127371,0.696679,0.388066
0.126826,0.696762,0.388323
0.126288,0.696839,0.388575
0.125758,0.696902,0.388822
0.125238,0.696967,0.389067
0.124728,0.697029,0.38931
0.124226,0.697105,0.389548
0.123728,0.697182,0.389781
0.123238,0.697269,0.390011
0.122755,0.697349,0.390238
0.122281,0.697409,0.390461
0.121817,0.697464,0.390683
0.12136,0.69753,0.390901
0.120909,0.697598,0.391114
0.120464,0.697659,0.391322
0.120027,0.697729,0.391529
0.119598,0.697801,0.391732
0.119175,0.697876,0.391932
0.118759,0.697937,0.392128
0.11835,0.697997,0.39232
0.117949,0.698049,0.39251
0.117556,0.698091,0.392698
0.117171,0.698137,0.392882
0.116791,0.69818,0.393062
0.116419,0.698225,0.393238
0.116052,0.698286,0.393412
0.11569,0.698336,0.393582
0.115337,0.698366,0.393748
0.114994,0.698396,0.393912
0.114657,0.698431,0.394074
0.114326,0.698472,0.394231
0.113998,0.698527,0.394385
0.113676,0.698575,0.394534
0.113361,0.698604,0.394679
0.113055,0.698637,0.394825
0.112757,0.698681,0.394968
0.112462,0.698731,0.395107
0.112172,0.698782,0.395242
0.111887,0.698824,0.395374
0.11161,0.698852,0.395503
0.11134,0.698878,0.395631
0.111076,0.698919,0.395756
0.110814,0.698968,0.395878
0.11056,0.699012,0.395996
0.110312,0.699036,0.396112
0.110071,0.699051,0.396225
0.109837,0.699075,0.396337
0.109606,0.699085,0.396445
0.10938,0.699114,0.39655
0.109157,0.699138,0.396651
0.108941,0.69915,0.396749
0.10878,0.699158,0.396853
0.108671,0.69915,0.396957
0.108565,0.69915,0.397045
0.108464,0.699165,0.397104
0.108362,0.699206,0.397142
0.108256,0.699272,0.397178
0.108147,0.699323,0.397218
0.108038,0.699339,0.397261
0.107939,0.699374,0.397293
0.107851,0.699406,0.397317
0.107768,0.699401,0.397346
0.107689,0.699392,0.39738
0.107607,0.699386,0.397415
0.107525,0.699383,0.397449
0.107444,0.699402,0.397476
0.107362,0.699423,0.3975
0.107285,0.699437,0.39752
0.107213,0.699448,0.397542
0.107143,0.699456,0.397566
0.107077,0.69945,0.397587
0.107015,0.699441,0.397608
0.106953,0.699452,0.397628
0.106891,0.699456,0.397643
0.106834,0.699447,0.397657
0.106782,0.699441,0.397671
0.106734,0.699445,0.397684
0.106687,0.69944,0.397695
0.106643,0.69944,0.397704
0.106601,0.69945,0.39771
0.106562,0.699458,0.397715
0.106527,0.699457,0.397718
0.106498,0.69945,0.39772
0.106473,0.699454,0.397721
0.10645,0.699447,0.397718
0.106431,0.699438,0.397714
0.106416,0.699434,0.397708
0.106402,0.699444,0.397701
0.106391,0.699461,0.39769
0.106385,0.699456,0.397676
0.106385,0.699439,0.397661
0.10639,0.699424,0.397646
0.106397,0.69943,0.397629
0.106405,0.699437,0.397608
0.106417,0.699434,0.397585
0.106434,0.699441,0.39756
0.106456,0.699428,0.397533
0.106484,0.699404,0.397505
0.106516,0.699407,0.397474
0.10655,0.699409,0.397439
0.106588,0.699393,0.397401
0.106633,0.699379,0.397364
0.106681,0.699382,0.397324
0.106733,0.699384,0.397279
0.10679,0.699361,0.397232
0.106855,0.699333,0.397184
0.106925,0.699312,0.397133
0.106998,0.699286,0.397079
0.107076,0.699281,0.397023
0.107156,0.699272,0.396962
0.107242,0.69924,0.396898
0.107337,0.699213,0.396834
0.107437,0.699179,0.396767
0.10754,0.69916,0.396698
0.107645,0.699165,0.396624
0.107754,0.699147,0.396544
0.10787,0.699122,0.396463
0.107994,0.699111,0.396382
0.108122,0.699097,0.396298
0.108255,0.699083,0.396211
0.108395,0.699051,0.39612
0.10854,0.699011,0.396028
0.10869,0.698991,0.395932
0.108843,0.698977,0.395832
0.109002,0.698955,0.395728
0.109168,0.698924,0.395622
0.109339,0.6989,0.395516
0.109516,0.698871,0.395404
0.109698,0.698844,0.395289
0.109885,0.698839,0.395172
0.110077,0.698812,0.395051
0.110275,0.698782,0.394928
0.11048,0.698751,0.394802
0.110691,0.698714,0.394673
0.110908,0.698691,0.394541
0.11113,0.698663,0.394405
0.111358,0.698637,0.394267
0.111591,0.698596,0.394124
0.111833,0.698542,0.393979
0.112082,0.69849,0.393831
0.112335,0.698454,0.39368
0.112591,0.698414,0.393524
0.112855,0.698368,0.393364
0.113126,0.698334,0.393202
0.113402,0.698304,0.393038
0.113685,0.698262,0.392869
0.113974,0.698219,0.392697
0.11427,0.698177,0.392522
0.114572,0.69813,0.392344
0.114881,0.698086,0.392163
0.115196,0.698028,0.391977
0.115519,0.697966,0.391789
0.115848,0.697921,0.391599
0.116181,0.697871,0.391403
0.116521,0.697802,0.391203
0.116871,0.697733,0.391001
0.117228,0.697672,0.390797
0.117591,0.697608,0.390588
0.117959,0.697556,0.390376
0.118332,0.697502,0.390159
0.118713,0.697432,0.389938
0.119104,0.697367,0.389715
0.119502,0.697304,0.389491
0.119905,0.697244,0.389261
0.120313,0.697176,0.389028
0.120729,0.697121,0.388791
0.12115,0.697055,0.38855
0.121579,0.696986,0.388308
0.122016,0.696916,0.388061
0.12246,0.696844,0.387811
0.122911,0.696764,0.387558
0.123368,0.696679,0.387301
0.123833,0.696621,0.387042
0.124302,0.696546,0.386776
0.124781,0.696447,0.386508
0.12527,0.696353,0.386239
0.125766,0.69626,0.385967
0.126267,0.696187,0.385689
0.126772,0.696127,0.385407
0.127283,0.696048,0.38512
0.127805,0.695955,0.384832
0.128336,0.695851,0.384543
0.128875,0.695758,0.38425
0.129418,0.695678,0.383952
0.129966,0.695581,0.38365
0.130523,0.695482,0.383345
0.131088,0.69539,0.383038
0.131659,0.695276,0.382727
0.13224,0.695163,0.382414
0.132828,0.695053,0.382096
0.133424,0.694933,0.381775
0.134027,0.694824,0.381451
0.134637,0.694711,0.381123
0.135255,0.694601,0.380792
0.135879,0.694478,0.380457
0.136513,0.694347,0.38012
0.137155,0.694222,0.379779
0.137803,0.694085,0.379435
0.138461,0.693953,0.379087
0.139124,0.693836,0.378735
0.139793,0.693701,0.378379
0.140472,0.693565,0.378021
0.141159,0.69344,0.37766
0.141853,0.693298,0.377296
0.142556,0.693155,0.376929
0.143266,0.693021,0.376559
0.143981,0.692881,0.376184
0.144705,0.692723,0.375807
0.145439,0.692554,0.375428
0.146181,0.692395,0.375047
0.146929,0.692239,0.37466
0.147685,0.692076,0.37427
0.148449,0.69192,0.373877
0.14922,0.691752,0.373481
0.15,0.691577,0.373083
0.150788,0.691399,0.372682
0.151584,0.691219,0.372278
0.152387,0.691043,0.37187
0.153198,0.690875,0.371458
0.154017,0.690712,0.371043
0.154842,0.690538,0.370626
0.155676,0.690353,0.370207
0.156519,0.690156,0.369785
0.15737,0.689969,0.369361
0.158226,0.689776,0.368933
0.159091,0.689576,0.368502
0.159964,0.689373,0.368069
0.160846,0.689163,0.367634
0.161736,0.688939,0.367196
0.162634,0.688707,0.366756
0.163541,0.688487,0.366312
0.164453,0.688269,0.365865
0.165374,0.68806,0.365413
0.166302,0.687842,0.36496
0.16724,0.687616,0.364505
0.168186,0.687379,0.364048
0.16914,0.687131,0.36359
0.170101,0.686892,0.363128
0.171071,0.68665,0.362664
0.17205,0.686412,0.362197
0.173032,0.686152,0.361727
0.174024,0.685879,0.361257
0.175026,0.685628,0.360783
0.176033,0.685375,0.360304
0.177048,0.685106,0.359823
0.178072,0.684823,0.359342
0.179105,0.684546,0.35886
0.180145,0.684257,0.358375
0.181192,0.68396,0.357887
0.18225,0.683677,0.357396
0.183313,0.683383,0.356904
0.184385,0.683086,0.356409
0.185464,0.682779,0.355912
0.186552,0.682471,0.355414
0.18765,0.682177,0.354912
0.188752,0.681874,0.354408
0.189861,0.681553,0.353903
0.19098,0.681214,0.353398
0.192108,0.680877,0.352892
0.193244,0.680549,0.352382
0.194385,0.680218,0.351869
0.195534,0.679889,0.351353
0.19669,0.679538,0.350837
0.197855,0.679169,0.350322
0.199029,0.678809,0.349805
0.20021,0.67845,0.349284
0.201399,0.678096,0.348761
0.202593,0.677726,0.348236
0.203796,0.677342,0.347712
0.205009,0.67697,0.347186
0.206227,0.676592,0.346657
0.207452,0.676191,0.346127
0.208686,0.675772,0.345599
0.209929,0.675355,0.345069
0.21118,0.674956,0.344536
0.212437,0.674566,0.343998
0.2137,0.674165,0.343459
0.214969,0.673729,0.342922
0.216249,0.673292,0.342387
0.217541,0.672879,0.341848
0.218835,0.672456,0.341305
0.220133,0.672012,0.340763
0.221437,0.671551,0.340221
0.222752,0.671078,0.33968
0.224076,0.670598,0.339139
0.225409,0.67013,0.338596
0.226748,0.669659,0.338049
0.22809,0.669167,0.337503
0.229442,0.668674,0.336956
0.230801,0.668172,0.336409
0.232166,0.667665,0.335862
0.233543,0.667176,0.335311
0.234923,0.666679,0.334758
0.236309,0.666162,0.334206
0.237704,0.665629,0.333656
0.239106,0.665094,0.333108
0.240514,0.664551,0.332557
0.241927,0.663995,0.332005
0.24335,0.663448,0.331453
0.244782,0.662915,0.330897
0.246219,0.66238,0.33034
0.247661,0.661822,0.329784
0.24911,0.661241,0.32923
0.250565,0.660653,0.32868
0.252027,0.660057,0.328128
0.253496,0.659468,0.327574
0.254973,0.658884,0.327019
0.256453,0.658284,0.326464
0.257938,0.657663,0.325912
0.259429,0.657027,0.325362
0.260931,0.656404,0.32481
0.262436,0.655768,0.324256
0.26395,0.655135,0.323703
0.265468,0.654493,0.323151
0.266992,0.65384,0.322599
0.268522,0.653178,0.322048
0.270056,0.652495,0.321499
0.271599,0.65181,0.320951
0.273149,0.651137,0.320401
0.274703,0.650455,0.31985
0.276258,0.649747,0.319302
0.277823,0.649034,0.318756
0.279393,0.648311,0.318211
0.280971,0.647597,0.317665
0.282557,0.646893,0.317116
0.284143,0.646167,0.316568
0.285737,0.645426,0.316024
0.287337,0.644682,0.315482
0.28894,0.64392,0.314942
0.290551,0.643163,0.314401
0.292167,0.642401,0.313859
0.293781,0.641606,0.313323
0.295403,0.640804,0.312789
0.297034,0.640016,0.312253
0.298665,0.639209,0.311718
0.300301,0.638389,0.311185
0.301946,0.637573,0.310653
0.303594,0.636743,0.310123
0.305247,0.635905,0.309594
0.306904,0.63506,0.309066
0.308567,0.634209,0.30854
0.310238,0.633369,0.308012
0.311911,0.632521,0.307485
0.313585,0.631646,0.306962
0.315262,0.630749,0.306444
0.316944,0.629843,0.305929
0.318632,0.628941,0.305414
0.320323,0.628034,0.304898
0.322019,0.62712,0.304384
0.323723,0.626215,0.30387
0.325427,0.625293,0.303359
0.327134,0.624359,0.302851
0.328846,0.623416,0.302345
0.33056,0.622457,0.301842
0.332282,0.621506,0.30134
0.334004,0.620543,0.300839
0.335731,0.619575,0.30034
0.337457,0.618587,0.299845
0.339187,0.617585,0.299354
0.340919,0.616572,0.298866
0.342656,0.615561,0.298379
0.344396,0.614543,0.297891
0.346139,0.61352,0.297406
0.347886,0.612486,0.296925
0.349632,0.61143,0.296448
0.351385,0.610376,0.295974
0.353138,0.609312,0.295501
0.354894,0.608241,0.295029
0.356657,0.607179,0.294558
0.358417,0.606096,0.294091
0.360179,0.605001,0.293628
0.361944,0.603898,0.293167
0.36371,0.602778,0.292711
0.365483,0.601664,0.292256
0.367254,0.60054,0.291803
0.369027,0.599401,0.291353
0.370802,0.598255,0.290907
0.372579,0.597102,0.290464
0.374359,0.595947,0.290022
0.376141,0.594787,0.289582
0.377924,0.593617,0.289146
0.379707,0.592435,0.288714
0.38149,0.59124,0.288286
0.383272,0.590032,0.287861
0.385055,0.588815,0.28744
0.38684,0.587592,0.287022
0.388626,0.586362,0.286606
0.390414,0.585126,0.286193
0.392202,0.583881,0.285783
0.393991,0.582629,0.285377
0.395781,0.581368,0.284974
0.39757,0.580098,0.284574
0.39936,0.578818,0.284178
0.401155,0.577547,0.283783
0.402947,0.576263,0.28339
0.404738,0.574968,0.283002
0.406527,0.573656,0.28262
0.40831,0.572322,0.282244
0.410093,0.570979,0.281873
0.411883,0.569644,0.281501
0.413672,0.568304,0.281131
0.415456,0.566948,0.280766
0.41725,0.565602,0.280401
0.419042,0.564246,0.280041
0.420835,0.562886,0.279683
0.422622,0.561511,0.279331
0.424406,0.560125,0.278984
0.426188,0.558725,0.278641
0.427962,0.557302,0.278305
0.429737,0.555873,0.277974
0.431518,0.554456,0.277641
0.433298,0.553034,0.27731
0.435072,0.551593,0.276985
0.436843,0.55014,0.276667
0.438613,0.548679,0.276353
0.440393,0.547232,0.276037
0.442172,0.545786,0.275722
0.443944,0.544325,0.275412
0.445709,0.542843,0.275111
0.447465,0.541341,0.274818
0.449227,0.539841,0.274526
0.450984,0.538337,0.274236
0.452743,0.536834,0.273948
0.454497,0.535317,0.273665
0.456249,0.533806,0.273401
0.458007,0.532313,0.273154
0.459754,0.530814,0.272933
0.461499,0.529335,0.272758
0.463249,0.527887,0.27263
0.46501,0.52648,0.272541
0.466771,0.525091,0.272485
0.468521,0.523693,0.272468
0.470269,0.522302,0.272498
0.472018,0.520919,0.272568
0.473758,0.519525,0.272678
0.475508,0.518155,0.272816
0.477289,0.516859,0.272951
0.479097,0.515633,0.27306
0.48094,0.51448,0.273168
0.482821,0.513401,0.273299
0.484737,0.512391,0.273437
0.486671,0.51146,0.273599
0.488601,0.51063,0.273809
0.490512,0.509912,0.274072
0.492485,0.509277,0.274435
0.49463,0.508653,0.274922
0.496975,0.507969,0.275455
0.499502,0.507194,0.276001
0.502205,0.5063,0.276557
0.505105,0.505202,0.277066
0.508195,0.503815,0.277458
0.511342,0.502213,0.277743
0.514399,0.500537,0.277978
0.51733,0.498812,0.278159
0.520137,0.497032,0.27828
0.52288,0.495079,0.278352
0.52558,0.492866,0.278385
0.528163,0.49045,0.278378
0.530575,0.487882,0.278326
0.532784,0.485196,0.278238
0.534778,0.48242,0.278134
0.536541,0.479571,0.278016
0.538071,0.476713,0.277891
0.539399,0.473904,0.277807
0.540539,0.471138,0.277777
0.541495,0.468404,0.277803
0.542278,0.465703,0.2779
0.542912,0.463015,0.278076
0.543462,0.460336,0.278275
0.543982,0.457675,0.27844
0.544509,0.455052,0.278555
0.545088,0.45249,0.278607
0.545735,0.449989,0.278614
0.546459,0.447548,0.278574
0.547259,0.445174,0.27849
0.548131,0.442877,0.278369
0.549069,0.440652,0.278207
0.550047,0.438477,0.278023
0.551054,0.436351,0.277831
0.552105,0.434297,0.277626
0.553199,0.432305,0.277411
0.554328,0.430354,0.277195
0.555502,0.428447,0.276976
0.556739,0.426598,0.276748
0.558037,0.424797,0.276511
0.559399,0.42304,0.276266
0.56084,0.421335,0.27601
0.56235,0.419669,0.275745
0.563924,0.418039,0.275474
0.565557,0.416446,0.275196
0.56721,0.414867,0.274928
0.568865,0.413301,0.274677
0.570529,0.411751,0.274442
0.572203,0.410218,0.274204
0.57387,0.408689,0.273966
0.575505,0.407148,0.273746
0.577084,0.405566,0.273552
0.578593,0.403924,0.273387
0.580036,0.402228,0.273249
0.581413,0.400483,0.273133
0.582725,0.3987,0.273034
0.58397,0.396876,0.272954
0.58514,0.394999,0.272895
0.586227,0.393062,0.272861
0.587234,0.391068,0.272849
0.588192,0.389046,0.272847
0.589124,0.387011,0.272849
0.590034,0.384964,0.272853
0.590936,0.382917,0.272856
0.591863,0.380893,0.27285
0.592817,0.378891,0.272838
0.593803,0.376912,0.272818
0.594843,0.374977,0.272786
0.595934,0.373079,0.272743
0.59707,0.371213,0.272694
0.59827,0.369395,0.272634
0.599542,0.367633,0.27256
0.600858,0.365905,0.272482
0.602182,0.364184,0.272411
0.603503,0.362462,0.272349
0.604814,0.360739,0.272295
0.606097,0.359006,0.272252
0.607344,0.35726,0.272222
0.608538,0.355487,0.272207
0.609668,0.353679,0.272212
0.610736,0.351841,0.272233
0.611722,0.349955,0.272276
0.612645,0.348035,0.272334
0.613538,0.346103,0.272397
0.614419,0.344173,0.272462
0.615301,0.342248,0.272525
0.616202,0.34034,0.272584
0.617144,0.338464,0.272634
0.618118,0.336609,0.272678
0.619138,0.334787,0.272714
0.6202,0.332996,0.272745
0.621275,0.331219,0.272776
0.622356,0.329453,0.272809
0.62341,0.327678,0.272852
0.624422,0.325884,0.272908
0.625397,0.324081,0.272973
0.626331,0.322261,0.273049
0.62723,0.320426,0.273132
0.628121,0.318596,0.273218
0.629016,0.316772,0.273304
0.629913,0.314954,0.273392
0.630811,0.313146,0.273482
0.631692,0.311337,0.273577
0.632566,0.309533,0.273672
0.633434,0.307734,0.273769
0.634306,0.305944,0.273865
0.635177,0.304159,0.273964
0.636036,0.302374,0.274069
0.636901,0.300605,0.274171
0.63776,0.29884,0.274275
0.638596,0.297071,0.274385
0.639426,0.295307,0.274498
0.640246,0.293544,0.274614
0.64106,0.291786,0.274732
0.641868,0.290032,0.274852
0.642664,0.28828,0.274977
0.643471,0.286545,0.275098
0.64426,0.284809,0.275223
0.645036,0.283073,0.275353
0.645797,0.281338,0.275487
0.646553,0.279608,0.275623
0.647304,0.277885,0.27576
0.648051,0.276169,0.275897
0.648796,0.274459,0.276036
0.649516,0.272746,0.276182
0.650241,0.271048,0.276325
0.650966,0.269358,0.276467
0.651667,0.267663,0.276616
0.65237,0.265977,0.276765
0.653073,0.264302,0.276915
0.653773,0.262635,0.277064
0.654462,0.260972,0.277216
0.655135,0.259309,0.277372
0.655816,0.257662,0.277526
0.656488,0.256023,0.27768
0.657143,0.254382,0.277839
0.65779,0.252745,0.278001
0.658436,0.25112,0.278162
0.659081,0.249507,0.278321
0.659717,0.247899,0.278482
0.660331,0.246288,0.278649
0.660935,0.244681,0.278819
0.661554,0.243094,0.278983
0.662169,0.241518,0.279147
0.66277,0.239944,0.279314
0.663354,0.23837,0.279485
0.663931,0.236804,0.279658
0.664497,0.235241,0.279832
0.665057,0.233687,0.280007
0.665632,0.232151,0.280177
0.66619,0.230619,0.28035
0.66674,0.229094,0.280525
0.667289,0.227577,0.280699
0.667822,0.226064,0.280876
0.668347,0.224557,0.281054
0.668867,0.223057,0.281233
0.669382,0.221566,0.281412
0.669892,0.220085,0.281591
0.670398,0.218612,0.28177
0.670888,0.21714,0.281952
0.671377,0.21568,0.282133
0.671872,0.214234,0.282312
0.672363,0.212799,0.28249
0.672837,0.211365,0.282671
0.673292,0.209933,0.282856
0.673747,0.208511,0.28304
0.674215,0.207108,0.283219
0.674666,0.20571,0.2834
0.675102,0.204314,0.283584
0.67554,0.20293,0.283767
0.675983,0.201561,0.283946
0.676421,0.200202,0.284125
0.676854,0.198852,0.284304
0.677287,0.197514,0.284481
0.677689,0.196173,0.284665
0.678076,0.194834,0.284852
0.678481,0.193515,0.285032
0.678888,0.192208,0.28521
0.679284,0.190909,0.28539
0.679662,0.189614,0.285573
0.68003,0.188322,0.285757
0.680396,0.187044,0.285939
0.680754,0.185773,0.286121
0.68111,0.184512,0.286302
0.681477,0.183269,0.286479
0.681836,0.182034,0.286655
0.682181,0.180804,0.286834
0.682526,0.179585,0.287011
0.682872,0.17838,0.287186
0.683203,0.177178,0.287362
0.683516,0.175978,0.287542
0.68383,0.17479,0.287721
0.684151,0.173617,0.287896
0.684464,0.172452,0.28807
0.684779,0.171299,0.288243
0.685089,0.170156,0.288415
0.685371,0.169012,0.288592
0.685663,0.167883,0.288765
0.685964,0.166772,0.288933
0.68626,0.16567,0.2891
0.686536,0.16457,0.28927
0.686799,0.163476,0.289443
0.687061,0.162391,0.289614
0.687336,0.161324,0.289779
0.687617,0.160272,0.289941
0.687875,0.159224,0.290106
0.68813,0.158187,0.290269
0.688392,0.157164,0.290429
0.688632,0.156142,0.290591
0.688863,0.155127,0.290755
0.689096,0.154125,0.290917
0.68934,0.153139,0.291074
0.689595,0.152169,0.291225
0.689826,0.1512,0.291381
0.690034,0.150233,0.291541
0.690252,0.14928,0.291697
0.69048,0.148345,0.291847
0.690699,0.147418,0.291997
0.690899,0.146493,0.29215
0.691103,0.145583,0.2923
0.691327,0.14469,0.292444
0.691544,0.143807,0.292587
0.691735,0.142926,0.292734
0.691924,0.142057,0.292879
0.692112,0.141196,0.293022
0.692291,0.140343,0.293165
0.692488,0.139509,0.293302
0.692686,0.138686,0.293437
0.692851,0.137863,0.293578
0.693005,0.137046,0.293719
0.693177,0.136247,0.293853
0.69336,0.135463,0.293982
0.693526,0.134684,0.294114
0.69369,0.133914,0.294245
0.693858,0.133157,0.294372
0.694016,0.132408,0.2945
0.694178,0.13167,0.294624
0.694321,0.130938,0.294751
0.694453,0.13021,0.294879
0.694605,0.1295,0.295
0.694757,0.128804,0.295118
0.694894,0.12811,0.295238
0.695022,0.127424,0.295359
0.695151,0.126749,0.295477
0.695281,0.126085,0.295592
0.695404,0.125429,0.295707
0.695522,0.124781,0.295822
0.695654,0.124149,0.29593
0.695781,0.123527,0.296038
0.695903,0.122914,0.296144
0.69602,0.122308,0.29625
0.696128,0.121709,0.296356
0.696234,0.12112,0.29646
0.696345,0.120543,0.296561
0.696455,0.119976,0.29666
0.696563,0.119418,0.296758
0.696668,0.11887,0.296854
0.696771,0.11833,0.296949
0.696869,0.117798,0.297043
0.696964,0.117276,0.297135
0.697058,0.116762,0.297226
0.697139,0.116252,0.297319
0.697228,0.115756,0.297407
0.697316,0.115268,0.297494
0.697397,0.114788,0.29758
0.697491,0.114323,0.297661
0.697576,0.113865,0.297742
0.697659,0.113414,0.297822
0.697756,0.112979,0.297896
0.697834,0.112547,0.297973
0.697898,0.112118,0.298051
0.697974,0.111703,0.298125
0.698059,0.111301,0.298194
0.698119,0.110899,0.298268
0.698173,0.110503,0.298341
0.698248,0.110122,0.298408
0.698323,0.109752,0.298472
0.698379,0.109384,0.298539
0.698435,0.109022,0.298605
0.698462,0.108779,0.29865
0.698435,0.108671,0.298677
0.698406,0.108583,0.298704
0.698409,0.108485,0.298729
0.698427,0.108373,0.298753
0.698448,0.108252,0.298775
0.698462,0.108121,0.298796
0.698477,0.107987,0.298814
0.698516,0.107862,0.298826
0.698561,0.107745,0.298836
0.698602,0.107638,0.298846
0.698614,0.107538,0.298861
0.698606,0.10745,0.298877
0.698611,0.107381,0.298887
0.698618,0.107321,0.298897
0.698633,0.107267,0.298907
0.698662,0.10722,0.298914
0.698676,0.107166,0.298924
0.698678,0.107106,0.298936
0.698686,0.107047,0.298945
0.698703,0.106992,0.29895
0.698724,0.106945,0.298954
0.698741,0.106907,0.298958
0.698738,0.106869,0.298965
0.698727,0.106831,0.298973
0.698729,0.106799,0.298977
0.698741,0.106772,0.298978
0.698761,0.106752,0.298977
0.698774,0.106736,0.298976
0.698761,0.106719,0.29898
0.69873,0.106702,0.298986
0.698711,0.106692,0.298987
0.698721,0.106696,0.298982
0.698745,0.106709,0.298973
0.69875,0.106721,0.298967
0.698735,0.106732,0.298965
0.698722,0.106751,0.298961
0.698709,0.106777,0.298953
0.698695,0.106805,0.298945
0.698691,0.106841,0.298936
0.698703,0.106889,0.298922
0.69871,0.106945,0.298907
0.69869,0.106998,0.298895
0.698662,0.107054,0.298883
0.698644,0.107119,0.298869
0.698643,0.107195,0.298849
0.698648,0.107282,0.298827
0.698631,0.107368,0.298809
0.698606,0.107457,0.29879
0.698579,0.107553,0.298771
0.698564,0.107661,0.298746
0.698562,0.107782,0.298717
0.698533,0.107901,0.298692
0.698493,0.108022,0.298669
0.698465,0.108153,0.298641
0.698449,0.108296,0.298609
0.698441,0.108452,0.298574
0.698422,0.108611,0.298539
0.698384,0.10877,0.298507
0.698346,0.108938,0.298473
0.698331,0.109121,0.298432
0.698314,0.109314,0.298389
0.698275,0.109507,0.29835
0.698228,0.109704,0.298311
0.698178,0.109908,0.298271
0.698141,0.110127,0.298226
0.698121,0.11036,0.298175
0.698081,0.110595,0.298126
0.698034,0.110835,0.298078
0.698002,0.111088,0.298024
0.697966,0.111351,0.297969
0.697921,0.111618,0.297915
0.697879,0.111896,0.297858
0.697826,0.112179,0.297801
0.697758,0.112466,0.297746
0.697703,0.112767,0.297685
0.697658,0.11308,0.29762
0.69759,0.113395,0.297559
0.697518,0.113717,0.297496
0.697469,0.114055,0.297427
0.697422,0.114405,0.297355
0.697352,0.114757,0.297285
0.697272,0.115112,0.297217
0.69719,0.115477,0.297147
0.697111,0.115852,0.297074
0.697037,0.11624,0.296998
0.696975,0.116642,0.296916
0.696907,0.117052,0.296834
0.696835,0.117471,0.29675
0.696758,0.117898,0.296665
0.696674,0.118332,0.29658
0.696588,0.118776,0.296493
0.696504,0.119232,0.296404
0.69642,0.119697,0.296312
0.696333,0.120172,0.296219
0.696239,0.120654,0.296125
0.696136,0.121142,0.296031
0.696041,0.121644,0.295934
0.695942,0.122155,0.295835
0.695844,0.122677,0.295733
0.695744,0.123208,0.29563
0.695637,0.123748,0.295526
0.695541,0.124303,0.295417
0.695435,0.124866,0.295308
0.695324,0.125438,0.295198
0.695207,0.126018,0.295087
0.695087,0.126608,0.294975
0.694962,0.127207,0.294861
0.69482,0.127809,0.294749
0.69468,0.128423,0.294635
0.694557,0.129054,0.294514
0.694433,0.129697,0.294391
0.694295,0.130345,0.294268
0.694155,0.131002,0.294145
0.694023,0.131675,0.294017
0.693889,0.132358,0.293887
0.693752,0.133052,0.293755
0.693603,0.133752,0.293624
0.693443,0.134457,0.293494
0.693296,0.13518,0.293359
0.693142,0.135912,0.293222
0.69297,0.136648,0.293087
0.692801,0.137396,0.29295
0.692634,0.138156,0.292809
0.692472,0.138931,0.292665
0.692299,0.139714,0.29252
0.692119,0.140504,0.292376
0.691937,0.141305,0.292229
0.69175,0.142114,0.292082
0.691574,0.142941,0.291929
0.691393,0.143777,0.291776
0.691202,0.144621,0.291622
0.691007,0.145475,0.291467
0.690822,0.146345,0.291307
0.690625,0.147222,0.291148
0.690406,0.148102,0.290992
0.69019,0.148993,0.290834
0.689979,0.149899,0.290671
0.689768,0.150819,0.290505
0.689542,0.151743,0.290341
0.689312,0.152678,0.290176
0.689096,0.15363,0.290005
0.688868,0.15459,0.289834
0.688635,0.15556,0.289663
0.688389,0.156536,0.289492
0.688133,0.157518,0.289321
0.687891,0.158519,0.289146
0.687648,0.159533,0.288967
0.687383,0.160548,0.288792
0.687105,0.161567,0.288619
0.686838,0.162604,0.28844
0.686566,0.163652,0.28826
0.686297,0.164714,0.288076
0.686019,0.165783,0.287893
0.685732,0.166859,0.28771
0.685453,0.167952,0.287523
0.685162,0.169051,0.287336
0.684859,0.170157,0.28715
0.684552,0.171272,0.286963
0.684236,0.172395,0.286777
0.683925,0.173534,0.286586
0.683626,0.17469,0.28639
0.683303,0.175847,0.286198
0.682962,0.177007,0.286009
0.682627,0.17818,0.285816
0.682299,0.17937,0.285619
0.681971,0.180573,0.28542
0.681625,0.181779,0.285223
0.681271,0.182993,0.285026
0.680915,0.184219,0.284828
0.68056,0.185459,0.284627
0.680206,0.186711,0.284423
0.679834,0.187967,0.284222
0.679462,0.189235,0.284018
0.679078,0.190509,0.283816
0.678686,0.191791,0.283614
0.678288,0.193082,0.283412
0.677884,0.194383,0.283208
0.677476,0.195693,0.283004
0.677052,0.197006,0.282803
0.676629,0.198331,0.282599
0.676216,0.199675,0.28239
0.675791,0.201024,0.282182
0.675358,0.202382,0.281974
0.674927,0.203753,0.281764
0.67449,0.205132,0.281554
0.674038,0.206516,0.281345
0.673565,0.2079,0.281141
0.673094,0.209295,0.280935
0.672624,0.210704,0.280726
0.672158,0.212128,0.280514
0.671686,0.21356,0.280302
0.671204,0.214999,0.28009
0.670719,0.21645,0.279877
0.670213,0.217901,0.279668
0.669696,0.219357,0.279461
0.669171,0.220821,0.279253
0.668645,0.222296,0.279045
0.668121,0.223784,0.278833
0.667593,0.225281,0.278621
0.667071,0.226793,0.278407
0.666523,0.228304,0.278197
0.665966,0.229821,0.277988
0.665406,0.231347,0.277778
0.664837,0.232879,0.277569
0.664268,0.234426,0.277359
0.663691,0.235979,0.277149
0.663109,0.237539,0.276939
0.662515,0.239102,0.276731
0.661909,0.240672,0.276525
0.661298,0.24225,0.276319
0.660688,0.243839,0.276111
0.660065,0.245433,0.275905
0.659433,0.247034,0.2757
0.65879,0.248639,0.275496
0.658137,0.250249,0.275294
0.657499,0.25188,0.275086
0.656847,0.253514,0.27488
0.656163,0.255141,0.274682
0.655472,0.256773,0.274485
0.654793,0.258424,0.274283
0.654105,0.260083,0.274081
0.653399,0.261739,0.273884
0.652687,0.263401,0.273688
0.65198,0.265079,0.273489
0.651261,0.26676,0.273292
0.65052,0.268437,0.2731
0.649779,0.270124,0.272908
0.649049,0.271829,0.272711
0.648312,0.273541,0.272515
0.647545,0.275246,0.272326
0.646777,0.276958,0.272137
0.646008,0.278681,0.271947
0.645227,0.280409,0.271759
0.644434,0.282139,0.271573
0.643627,0.283869,0.271391
0.642826,0.285614,0.271207
0.642025,0.287371,0.27102
0.641199,0.289121,0.27084
0.640362,0.290872,0.270664
0.639527,0.292635,0.270486
0.638683,0.294404,0.270309
0.637842,0.296184,0.27013
0.636989,0.297967,0.269955
0.636102,0.299735,0.269789
0.635208,0.301509,0.269624
0.634328,0.303303,0.269454
0.633451,0.305113,0.269281
0.632553,0.306917,0.269114
0.631646,0.308722,0.26895
0.630739,0.310537,0.268787
0.62982,0.312354,0.268625
0.628878,0.314165,0.268469
0.62793,0.315981,0.268316
0.626992,0.317814,0.268158
0.62604,0.319647,0.268004
0.625057,0.321467,0.26786
0.624061,0.323285,0.267719
0.623077,0.325121,0.267573
0.622086,0.326964,0.267429
0.621078,0.328801,0.26729
0.620059,0.330638,0.267155
0.61904,0.332484,0.26702
0.618019,0.334337,0.266884
0.616991,0.336195,0.26675
0.615947,0.33805,0.266622
0.614889,0.339901,0.266498
0.613822,0.341753,0.266376
0.612743,0.343605,0.266258
0.611676,0.345475,0.266137
0.610598,0.347348,0.266018
0.609513,0.349222,0.265901
0.608416,0.351096,0.265788
0.607296,0.352958,0.265683
0.606168,0.354802,0.265587
0.605049,0.356615,0.265507
0.603954,0.358356,0.265445
0.602909,0.359989,0.265382
0.601913,0.361516,0.265336
0.600967,0.362941,0.265314
0.60008,0.364273,0.265304
0.599245,0.365515,0.265315
0.598461,0.366672,0.265347
0.597731,0.36775,0.265395
0.597055,0.368757,0.265454
0.596433,0.369698,0.265525
0.595856,0.370575,0.265612
0.59533,0.371397,0.265705
0.594856,0.372173,0.265795
0.594428,0.372904,0.265891
0.59404,0.373595,0.265994
0.593688,0.374248,0.266105
0.593374,0.374873,0.266216
0.593089,0.375468,0.266336
0.592834,0.376041,0.266458
0.592616,0.376605,0.266566
0.592414,0.377148,0.266688
0.592233,0.377682,0.26681
0.592082,0.37822,0.266919
0.591945,0.378755,0.267029
0.591827,0.379297,0.267132
0.591717,0.379842,0.267237
0.591602,0.380382,0.26736
0.591495,0.380937,0.26748
0.591396,0.381515,0.267584
0.591282,0.382094,0.267702
0.591163,0.38269,0.267821
0.591049,0.383322,0.267926
0.590921,0.38397,0.26804
0.590772,0.384634,0.268158
0.590612,0.385329,0.268265
0.590432,0.386049,0.268381
0.590222,0.386787,0.268502
0.589995,0.387564,0.268613
0.589739,0.388366,0.268732
0.589455,0.389201,0.268849
0.589153,0.390092,0.268949
0.58881,0.391001,0.269062
0.588434,0.391948,0.269174
0.588022,0.392936,0.269279
0.587572,0.393962,0.26938
0.58709,0.39505,0.269467
0.58656,0.396164,0.269559
0.585987,0.397321,0.269649
0.585366,0.398516,0.269738
0.584694,0.399737,0.269836
0.583977,0.401026,0.269915
0.583208,0.402363,0.269973
0.582387,0.403748,0.270026
0.581513,0.405192,0.270071
0.580577,0.406661,0.270121
0.579582,0.408167,0.270175
0.578525,0.409726,0.270211
0.577405,0.411333,0.270235
0.576219,0.41299,0.270245
0.574965,0.4147,0.27024
0.573641,0.416464,0.270219
0.572245,0.418282,0.270181
0.570774,0.420144,0.270134
0.569226,0.422038,0.270084
0.567605,0.423968,0.270052
0.565908,0.425938,0.270039
0.564133,0.427942,0.270045
0.562279,0.429983,0.270077
0.560344,0.432064,0.27013
0.558323,0.434191,0.270196
0.556215,0.436354,0.270283
0.554019,0.438548,0.270402
0.551738,0.440776,0.27053
0.549454,0.443032,0.270645
0.547231,0.445333,0.270743
0.54504,0.447643,0.270835
0.542872,0.449957,0.270927
0.540742,0.452296,0.271011
0.538631,0.45464,0.271093
0.536519,0.456967,0.27118
0.53441,0.459277,0.271274
0.532314,0.461586,0.271369
0.530232,0.463901,0.271464
0.52816,0.466215,0.27156
0.526078,0.468505,0.271665
0.523991,0.47077,0.271778
0.521912,0.473033,0.271894
0.519831,0.475283,0.272016
0.517757,0.477529,0.272141
0.515687,0.479768,0.272269
0.513613,0.481991,0.272404
0.511528,0.484186,0.272549
0.509436,0.486354,0.272703
0.507359,0.488532,0.272857
0.505282,0.4907,0.273015
0.50319,0.492836,0.273184
0.501098,0.494953,0.27336
0.499,0.497048,0.273545
0.496905,0.499136,0.273733
0.494815,0.50122,0.273924
0.492717,0.503276,0.274123
0.490615,0.505312,0.274331
0.488515,0.507336,0.274543
0.486421,0.509358,0.274759
0.484327,0.511366,0.274979
0.482224,0.513347,0.275207
0.480122,0.515311,0.275443
0.478024,0.517269,0.275682
0.475926,0.519213,0.275927
0.473825,0.52114,0.276176
0.471732,0.523066,0.276429
0.469638,0.524977,0.276687
0.467539,0.526865,0.276952
0.465443,0.528743,0.277223
0.463345,0.530603,0.277499
0.461244,0.532441,0.277783
0.459149,0.534276,0.27807
0.457048,0.536087,0.278363
0.454947,0.537882,0.278662
0.452848,0.539663,0.278966
0.450744,0.541417,0.279277
0.448651,0.543173,0.279591
0.446559,0.544919,0.279908
0.444473,0.546659,0.280228
0.442381,0.548374,0.280556
0.440288,0.550069,0.28089
0.43821,0.551773,0.281223
0.436128,0.553454,0.281563
0.434036,0.555099,0.281913
0.431949,0.556731,0.282268
0.429874,0.558369,0.282623
0.427799,0.559994,0.282981
0.425722,0.5616,0.283346
0.423648,0.56319,0.283716
0.421577,0.564766,0.28409
0.419511,0.566336,0.284467
0.417443,0.567887,0.28485
0.415381,0.569431,0.285235
0.413328,0.570972,0.285623
0.411275,0.572497,0.286015
0.409217,0.573995,0.286415
0.407159,0.57547,0.28682
0.405115,0.576955,0.287226
0.403073,0.578432,0.287633
0.40103,0.579884,0.288046
0.398986,0.581311,0.288467
0.396947,0.582729,0.288891
0.394912,0.584134,0.289318
0.392879,0.585522,0.289749
0.390852,0.586904,0.290183
0.388834,0.588289,0.290618
0.386824,0.589673,0.291054
0.384807,0.59102,0.291497
0.382793,0.592344,0.291946
0.380786,0.593662,0.292399
0.378791,0.594987,0.292851
0.376802,0.596315,0.293303
0.374811,0.597616,0.29376
0.372816,0.598882,0.294226
0.370824,0.600124,0.294698
0.368843,0.601368,0.29517
0.366863,0.602595,0.295645
0.364893,0.603827,0.296121
0.362934,0.605066,0.296595
0.360978,0.606291,0.297073
0.35902,0.607486,0.297557
0.357065,0.608656,0.298047
0.355117,0.609818,0.298539
0.353178,0.610983,0.299031
0.351242,0.612135,0.299526
0.349307,0.613262,0.300024
0.347381,0.614385,0.300526
0.345461,0.615494,0.30103
0.343553,0.616615,0.301533
0.341654,0.61774,0.302035
0.339752,0.618835,0.302542
0.337857,0.619916,0.303053
0.335967,0.620986,0.303567
0.334078,0.622032,0.304085
0.332196,0.623066,0.304605
0.33032,0.62409,0.305128
0.32845,0.625105,0.305651
0.326587,0.62611,0.306177
0.324728,0.627101,0.306705
0.32288,0.628097,0.307233
0.32104,0.629092,0.307761
0.3192,0.630057,0.308292
0.317365,0.631,0.308829
0.315539,0.631937,0.309367
0.313723,0.632878,0.309904
0.311911,0.633805,0.310443
0.310108,0.634735,0.310981
0.30831,0.635649,0.311522
0.306517,0.63654,0.312066
0.30473,0.63742,0.312613
0.302953,0.638303,0.313159
0.301185,0.639192,0.313703
0.299421,0.640059,0.314249
0.297662,0.640909,0.314799
0.295913,0.641759,0.31535
0.294167,0.642592,0.315901
0.292426,0.643398,0.316456
0.290692,0.644189,0.317013
0.288967,0.644976,0.317571
0.28725,0.645757,0.318129
0.285541,0.646537,0.318685
0.283845,0.647333,0.31924
0.282155,0.648123,0.319794
0.280473,0.648906,0.320349
0.278795,0.649667,0.320907
0.277124,0.650406,0.321467
0.275462,0.651149,0.322028
0.273807,0.651886,0.322588
0.272155,0.652594,0.32315
0.270509,0.653279,0.323715
0.268874,0.653963,0.32428
0.26725,0.654663,0.324842
0.265636,0.655371,0.325401
0.264024,0.656055,0.325962
0.262421,0.656717,0.326525
0.260823,0.657358,0.327092
0.259237,0.658001,0.327657
0.257658,0.65864,0.328221
0.256088,0.659281,0.328783
0.254525,0.659919,0.329344
0.252969,0.660533,0.329908
0.25142,0.661133,0.330472
0.249881,0.661739,0.331036
0.248353,0.662359,0.331595
0.246829,0.662958,0.332155
0.245311,0.663531,0.332717
0.243802,0.664086,0.333281
0.242303,0.664644,0.333844
0.240814,0.665208,0.334404
0.239331,0.665763,0.334962
0.237857,0.666311,0.335521
0.236393,0.666857,0.336079
0.234936,0.667391,0.336636
0.233488,0.66792,0.337193
0.232047,0.66844,0.33775
0.230615,0.668952,0.338305
0.229191,0.669456,0.33886
0.227774,0.669942,0.339415
0.226366,0.670422,0.339969
0.224968,0.670909,0.340521
0.223577,0.671393,0.341072
0.222193,0.671858,0.341621
0.22082,0.672324,0.342169
0.219457,0.672799,0.342716
0.218101,0.673273,0.343261
0.216752,0.67372,0.343805
0.215411,0.674154,0.34435
0.21408,0.674581,0.344894
0.212758,0.675017,0.345436
0.211444,0.675459,0.345974
0.210138,0.675887,0.346509
0.208839,0.676303,0.347044
0.207549,0.676704,0.347581
0.206268,0.677092,0.348117
0.204997,0.677491,0.34865
0.203732,0.677881,0.349181
0.202474,0.678251,0.34971
0.201227,0.678613,0.350239
0.19999,0.67897,0.350767
0.198763,0.679342,0.351292
0.197544,0.679723,0.351812
0.196331,0.680087,0.352331
0.195128,0.680442,0.352849
0.193934,0.680804,0.353366
0.192748,0.681159,0.35388
0.191569,0.68149,0.354393
0.1904,0.681804,0.354905
0.189241,0.682121,0.355416
0.188091,0.682456,0.355923
0.186946,0.682774,0.356427
0.185809,0.683078,0.356929
0.184684,0.683401,0.357429
0.183568,0.683724,0.357927
0.182458,0.684031,0.358423
0.181359,0.684339,0.358916
0.180267,0.684636,0.359408
0.179183,0.684913,0.359898
0.178109,0.685185,0.360387
0.177043,0.685454,0.360873
0.175984,0.685717,0.361356
0.174935,0.685985,0.361836
0.173894,0.686251,0.362313
0.172862,0.686501,0.362788
0.17184,0.68675,0.363261
0.170826,0.687013,0.363731
0.169819,0.687275,0.364198
0.168821,0.68752,0.36466
0.167833,0.687754,0.365122
0.166853,0.687986,0.365582
0.165881,0.688208,0.36604
0.164917,0.688432,0.366494
0.163962,0.688656,0.366946
0.163015,0.688881,0.367394
0.162076,0.689109,0.367839
0.161146,0.689331,0.368281
0.160225,0.689561,0.368721
0.159311,0.689767,0.369158
0.158407,0.689969,0.369594
0.15751,0.690161,0.370026
0.156622,0.690347,0.370456
0.155742,0.690551,0.370882
0.15487,0.69075,0.371304
0.154006,0.690929,0.371724
0.153152,0.691099,0.372142
0.152307,0.691273,0.372558
0.15147,0.691465,0.372969
0.150639,0.691648,0.373375
0.149815,0.691808,0.373779
0.149003,0.691976,0.374182
0.148199,0.692148,0.374582
0.147401,0.692315,0.374977
0.146611,0.692488,0.375369
0.145829,0.692651,0.375758
0.145055,0.692813,0.376144
0.144289,0.69297,0.376527
0.143532,0.693118,0.376907
0.142784,0.693262,0.377285
0.142043,0.693406,0.377659
0.14131,0.693548,0.37803
0.140583,0.693688,0.378397
0.139865,0.69383,0.378761
0.139154,0.69397,0.379121
0.138451,0.694103,0.379479
0.137757,0.694231,0.379833
0.137071,0.694352,0.380185
0.136393,0.69447,0.380533
0.135723,0.694592,0.380877
0.13506,0.694718,0.381218
0.134405,0.69484,0.381555
0.133758,0.694954,0.381889
0.133119,0.695083,0.382221
0.132485,0.695198,0.382548
0.13186,0.695291,0.38287
0.131245,0.695384,0.383192
0.130638,0.695478,0.383511
0.130038,0.695584,0.383826
0.129442,0.695686,0.384136
0.128854,0.695792,0.384442
0.128273,0.695899,0.384746
0.127702,0.695997,0.385046
0.127139,0.696097,0.385344
0.126582,0.696196,0.385638
0.126032,0.696293,0.385929
0.125488,0.696394,0.386216
0.124951,0.696485,0.386499
0.124422,0.696566,0.38678
0.123902,0.696653,0.387058
0.123389,0.696731,0.387333
0.122883,0.696804,0.387604
0.122382,0.696889,0.387871
0.121887,0.696966,0.388135
0.121401,0.697029,0.388393
0.120924,0.697098,0.388651
0.120454,0.697174,0.388905
0.119989,0.697245,0.389155
0.119529,0.697319,0.389402
0.119077,0.697401,0.389645
0.11863,0.697466,0.389883
0.118193,0.697523,0.39012
0.117765,0.697569,0.390354
0.117343,0.697623,0.390585
0.116926,0.697687,0.390811
0.116514,0.697753,0.391033
0.116109,0.697831,0.391252
0.11571,0.697892,0.391468
0.115319,0.697955,0.391682
0.114934,0.69803,0.391893
0.114553,0.698096,0.392099
0.11418,0.698145,0.392302
0.113815,0.69818,0.392503
0.113458,0.698226,0.392702
0.113105,0.698275,0.392895
0.112758,0.698331,0.393086
0.112415,0.698379,0.393273
0.112079,0.698424,0.393457
0.111749,0.698471,0.393638
0.111427,0.698514,0.393815
0.11111,0.69857,0.393991
0.110798,0.698611,0.394162
0.110492,0.698656,0.39433
0.110192,0.698694,0.394496
0.1099,0.698718,0.394658
0.109614,0.698759,0.394818
0.109331,0.698798,0.394974
0.109056,0.698831,0.395126
0.108787,0.698861,0.395276
0.108524,0.698889,0.395423
0.108266,0.69892,0.395567
0.108091,0.698927,0.395713
0.107996,0.698894,0.39586
0.107901,0.698861,0.39599
0.107808,0.698866,0.39609
0.107716,0.698916,0.39616
0.107618,0.699006,0.396221
0.107508,0.699088,0.3963
0.10739,0.699164,0.396402
0.107266,0.699232,0.396521
0.107139,0.699262,0.396651
0.107014,0.699288,0.396776
0.106892,0.699296,0.396899
0.106773,0.699287,0.397024
0.106661,0.699276,0.397139
0.106562,0.699264,0.397235
0.106479,0.699265,0.397307
0.106418,0.699279,0.397355
0.106372,0.699297,0.397396
0.106336,0.69932,0.397432
0.106309,0.699345,0.397458
0.106288,0.699361,0.397483
0.106268,0.699345,0.397512
0.106242,0.699304,0.397558
0.106207,0.699244,0.397623
0.106165,0.699171,0.397693
0.10612,0.699136,0.397754
0.106075,0.699164,0.397791
0.106033,0.699236,0.3978
0.105995,0.699325,0.397781
0.105961,0.699413,0.397751
0.105931,0.699494,0.397716
0.105909,0.699567,0.397672
0.105891,0.699618,0.397636
0.105878,0.699636,0.397613
0.10587,0.699601,0.397604
0.105868,0.699552,0.397605
0.105871,0.699523,0.397599
0.105872,0.699501,0.397598
0.105872,0.699469,0.397598
0.105874,0.699454,0.397587
0.10588,0.699465,0.397566
0.105887,0.699464,0.397544
0.105899,0.699452,0.39753
0.105919,0.699454,0.397513
0.105946,0.699459,0.397492
0.105977,0.699444,0.397468
0.106013,0.699417,0.397441
0.106053,0.699393,0.397412
0.106094,0.699392,0.39738
0.106138,0.699406,0.397344
0.106185,0.699403,0.397305
0.10624,0.699397,0.397266
0.1063,0.699394,0.397226
0.106363,0.699381,0.397181
0.106431,0.699375,0.397135
0.106503,0.699365,0.397085
0.10658,0.699347,0.397032
0.106662,0.699338,0.396978
0.106748,0.699321,0.396921
0.10684,0.699308,0.396862
0.106937,0.699284,0.396799
0.107039,0.699255,0.396733
0.107146,0.699225,0.396665
0.107258,0.699203,0.396593
0.107373,0.699194,0.396519
0.107494,0.69917,0.39644
0.107622,0.699139,0.396359
0.107756,0.699123,0.396277
0.107893,0.699114,0.396191
0.108035,0.699082,0.3961
0.108185,0.699044,0.396009
0.10834,0.699012,0.395915
0.1085,0.698996,0.395817
0.108662,0.698988,0.395715
0.108829,0.69898,0.39561
0.109003,0.698958,0.395502
0.109184,0.698922,0.395392
0.109372,0.698879,0.39528
0.109565,0.698843,0.395164
0.109762,0.698811,0.395045
0.109964,0.698784,0.394921
0.110171,0.698754,0.394794
0.110385,0.698716,0.394665
0.110606,0.6987,0.394534
0.110831,0.698664,0.394397
0.111064,0.69862,0.394259
0.111303,0.698587,0.394118
0.111548,0.698554,0.393973
0.111798,0.698519,0.393824
0.112053,0.69849,0.393673
0.112315,0.698452,0.393518
0.112584,0.698407,0.39336
0.112859,0.698371,0.3932
0.113141,0.698333,0.393037
0.11343,0.698302,0.392871
0.113722,0.698246,0.392699
0.114021,0.698185,0.392525
0.114326,0.698156,0.392349
0.114636,0.698127,0.392166
0.114952,0.698075,0.39198
0.115277,0.698001,0.391794
0.115612,0.697926,0.391604
0.115954,0.697859,0.39141
0.116299,0.697806,0.391211
0.116649,0.697756,0.391009
0.117005,0.697702,0.390802
0.117368,0.697667,0.390594
0.117738,0.697615,0.390381
0.118116,0.697558,0.390166
0.118501,0.697502,0.389948
0.118892,0.697429,0.389726
0.119291,0.697357,0.389502
0.119696,0.69728,0.389273
0.120108,0.697216,0.38904
0.120524,0.697154,0.388804
0.120949,0.697085,0.388564
0.121381,0.697021,0.388321
0.12182,0.696946,0.388075
0.122266,0.696874,0.387826
0.122718,0.696799,0.387572
0.123178,0.696722,0.387316
0.123644,0.696645,0.387056
0.124117,0.696569,0.386792
0.124599,0.696493,0.386525
0.125087,0.696407,0.386255
0.125582,0.69634,0.385982
0.126082,0.696267,0.385704
0.12659,0.696167,0.385423
0.127109,0.696056,0.385141
0.127635,0.695944,0.384855
0.128167,0.69585,0.384565
0.128704,0.695753,0.38427
0.129247,0.695655,0.38397
0.1298,0.695577,0.383668
0.13036,0.695478,0.383363
0.130929,0.69537,0.383056
0.131505,0.695268,0.382746
0.132088,0.695163,0.382432
0.132679,0.695064,0.382114
0.133275,0.69495,0.381792
0.13388,0.694831,0.381468
0.134494,0.694715,0.38114
0.135114,0.694606,0.380809
0.135739,0.694502,0.380474
0.136373,0.694379,0.380133
0.137015,0.694237,0.379789
0.137668,0.694096,0.379446
0.138328,0.693966,0.379099
0.138993,0.693833,0.378748
0.139666,0.693715,0.378392
0.140344,0.693585,0.378033
0.141032,0.693434,0.377672
0.14173,0.693283,0.377309
0.142435,0.693147,0.376943
0.143145,0.693025,0.376571
0.14386,0.692894,0.376195
0.144584,0.692735,0.375817
0.14532,0.692577,0.375439
0.146066,0.692447,0.375057
0.146814,0.692309,0.37467
0.147567,0.692142,0.37428
0.14833,0.69196,0.373888
0.149105,0.691776,0.373494
0.149889,0.691608,0.373097
0.150679,0.691435,0.372696
0.151474,0.691253,0.372292
0.152277,0.691088,0.371883
0.153086,0.690899,0.371471
0.153906,0.690709,0.371059
0.154735,0.690538,0.370642
0.15557,0.690359,0.370222
0.156413,0.690173,0.369799
0.157266,0.689981,0.369373
0.158125,0.689796,0.368946
0.158991,0.689604,0.368515
0.159865,0.689395,0.368082
0.160749,0.689168,0.367647
0.161641,0.688942,0.367211
0.16254,0.688716,0.36677
0.163447,0.68849,0.366325
0.164362,0.688278,0.365877
0.165284,0.688054,0.365426
0.166216,0.687831,0.364974
0.167155,0.687619,0.364518
0.1681,0.687395,0.364059
0.169054,0.687171,0.363599
0.170015,0.686929,0.363136
0.170985,0.68667,0.362673
0.171964,0.686409,0.362207
0.172949,0.686154,0.361739
0.173941,0.685895,0.361266
0.17494,0.685612,0.36079
0.175953,0.685353,0.360314
0.176973,0.685095,0.359834
0.177998,0.684831,0.359352
0.179031,0.684574,0.358867
0.180069,0.684302,0.358379
0.181117,0.684001,0.357892
0.182175,0.683703,0.357404
0.183242,0.683409,0.356913
0.184313,0.683105,0.356418
0.185391,0.682797,0.355921
0.186479,0.68248,0.355422
0.187576,0.682168,0.354922
0.188682,0.681868,0.354419
0.189794,0.681566,0.353912
0.190912,0.681231,0.353405
0.192039,0.680884,0.352899
0.193177,0.680539,0.352391
0.194321,0.680214,0.351879
0.195472,0.679897,0.351362
0.196628,0.679564,0.350843
0.197794,0.679223,0.350326
0.198966,0.678854,0.349809
0.200148,0.678469,0.349292
0.201339,0.6781,0.348771
0.202535,0.677733,0.348246
0.203739,0.677371,0.347719
0.204949,0.67699,0.347191
0.206168,0.67659,0.346665
0.207396,0.676183,0.346138
0.208631,0.675782,0.345609
0.209874,0.675397,0.345075
0.211121,0.674984,0.344539
0.212377,0.674555,0.344006
0.213645,0.674124,0.343472
0.21492,0.673706,0.342936
0.216201,0.673294,0.342396
0.217486,0.672864,0.341854
0.21878,0.672431,0.341311
0.220083,0.672002,0.340769
0.221393,0.671552,0.340227
0.222709,0.671092,0.339685
0.224032,0.67062,0.339142
0.225361,0.670129,0.338599
0.226699,0.669635,0.338056
0.228045,0.669156,0.33751
0.229399,0.668696,0.336959
0.230756,0.66821,0.336408
0.232124,0.667715,0.335859
0.233501,0.667227,0.335309
0.234881,0.666717,0.33476
0.236269,0.666205,0.33421
0.237663,0.665682,0.333659
0.239062,0.665137,0.333109
0.24047,0.66459,0.33256
0.241887,0.664048,0.332009
0.243309,0.663497,0.331456
0.244738,0.662943,0.330903
0.246175,0.662397,0.330349
0.247617,0.661837,0.329793
0.249063,0.661249,0.329241
0.250517,0.660651,0.328691
0.251981,0.660064,0.328138
0.253447,0.659461,0.327585
0.254921,0.65886,0.327032
0.256404,0.658264,0.326476
0.257892,0.657657,0.325921
0.259389,0.657056,0.325367
0.26089,0.65644,0.324812
0.262397,0.65581,0.324259
0.263912,0.655177,0.323707
0.265428,0.654523,0.323156
0.266954,0.65387,0.322605
0.268486,0.653213,0.322053
0.270021,0.652543,0.321503
0.271563,0.651867,0.320953
0.273111,0.651184,0.320404
0.274662,0.650485,0.319856
0.276221,0.649781,0.31931
0.277784,0.649066,0.318763
0.279353,0.648343,0.318218
0.280929,0.647613,0.317673
0.28251,0.646878,0.317129
0.284097,0.646139,0.316584
0.285691,0.645395,0.31604
0.287291,0.644647,0.315497
0.288894,0.64388,0.314956
0.290506,0.643117,0.314415
0.292122,0.642346,0.313875
0.293742,0.641564,0.313336
0.29537,0.640791,0.312796
0.297,0.640003,0.312258
0.298635,0.639204,0.311722
0.300275,0.638395,0.311188
0.301917,0.637563,0.310658
0.303568,0.636738,0.310127
0.305222,0.635909,0.309596
0.306884,0.635083,0.309065
0.308546,0.634236,0.308537
0.31021,0.633374,0.308013
0.311888,0.632531,0.307487
0.313569,0.631677,0.306961
0.315248,0.630802,0.30644
0.316929,0.629911,0.305923
0.318619,0.62902,0.305406
0.320311,0.628118,0.30489
0.322,0.627185,0.30438
0.323695,0.626249,0.303874
0.325399,0.625316,0.303365
0.327107,0.624377,0.302856
0.328819,0.623442,0.302349
0.330536,0.622497,0.301844
0.332251,0.62152,0.301346
0.333967,0.620528,0.300851
0.335695,0.61955,0.300355
0.337424,0.61857,0.299858
0.339155,0.617575,0.299363
0.340889,0.616567,0.298874
0.342627,0.61555,0.298387
0.344369,0.61453,0.297901
0.346114,0.613505,0.297417
0.347863,0.612474,0.296934
0.349614,0.611437,0.296454
0.351367,0.610387,0.295977
0.353121,0.609325,0.295504
0.354875,0.608242,0.295035
0.356636,0.607166,0.294567
0.358399,0.606087,0.294099
0.360165,0.605004,0.293633
0.361932,0.603908,0.29317
0.363695,0.602784,0.292715
0.36546,0.601645,0.292264
0.367231,0.600512,0.291814
0.369004,0.599374,0.291364
0.370775,0.598218,0.290918
0.372552,0.597062,0.290474
0.374337,0.595912,0.290031
0.376122,0.594753,0.28959
0.377908,0.593588,0.289153
0.379694,0.592414,0.288719
0.381477,0.591215,0.28829
0.383261,0.590006,0.287866
0.385052,0.588807,0.287442
0.386841,0.587599,0.28702
0.388627,0.586372,0.286603
0.390418,0.585144,0.286189
0.392205,0.583899,0.28578
0.393994,0.582645,0.285374
0.39578,0.581378,0.284972
0.397565,0.580095,0.284575
0.399355,0.578815,0.28418
0.401144,0.577527,0.283787
0.402912,0.576245,0.283411
0.404628,0.574969,0.283074
0.406263,0.573693,0.282795
0.407805,0.572444,0.282582
0.409233,0.571208,0.282437
0.410528,0.569984,0.282338
0.411692,0.568782,0.282283
0.41273,0.567618,0.282264
0.41364,0.566516,0.282282
0.414426,0.565492,0.282335
0.415096,0.564534,0.282404
0.415654,0.563634,0.282492
0.416109,0.562782,0.282582
0.416463,0.562005,0.282678
0.416716,0.561318,0.282795
0.416879,0.560687,0.282916
0.41696,0.560115,0.283024
0.416958,0.559624,0.283145
0.416879,0.559226,0.28328
0.41673,0.558922,0.283417
0.416518,0.558706,0.28356
0.416251,0.558561,0.283695
0.415936,0.558493,0.283823
0.415576,0.558502,0.283957
0.41518,0.558578,0.284089
0.414756,0.558727,0.284215
0.414307,0.558937,0.284343
0.413842,0.559213,0.284469
0.413364,0.559527,0.284587
0.41288,0.559891,0.28471
0.412399,0.560323,0.284846
0.411921,0.560783,0.284978
0.411454,0.561283,0.285112
0.411002,0.56182,0.285257
0.410567,0.562376,0.285403
0.410155,0.562954,0.285554
0.409769,0.563549,0.285713
0.409409,0.56415,0.285877
0.409074,0.56474,0.286036
0.408772,0.565329,0.286203
0.408512,0.565931,0.286393
0.408278,0.566507,0.286578
0.408082,0.567068,0.286769
0.40794,0.567635,0.286982
0.407832,0.568173,0.287192
0.407767,0.568686,0.287406
0.407751,0.569181,0.287632
0.407778,0.569644,0.287859
0.407837,0.570058,0.288073
0.407948,0.570444,0.288299
0.40811,0.570797,0.288532
0.408324,0.571113,0.288769
0.408602,0.571401,0.289022
0.408935,0.571648,0.289273
0.409313,0.571842,0.289509
0.409742,0.571986,0.289742
0.410243,0.572093,0.289989
0.41079,0.572142,0.29022
0.411395,0.572138,0.290445
0.412072,0.572087,0.290681
0.412799,0.571975,0.290898
0.413589,0.571804,0.291107
0.414452,0.571579,0.291322
0.415369,0.571287,0.291516
0.416346,0.570929,0.291692
0.417398,0.570509,0.291872
0.418512,0.570021,0.292036
0.419691,0.56946,0.292182
0.420949,0.568831,0.292331
0.422264,0.568124,0.292449
0.423643,0.567339,0.292549
0.425095,0.566476,0.292658
0.426613,0.565532,0.292777
0.428191,0.564504,0.292903
0.42983,0.563388,0.293043
0.431543,0.562185,0.293214
0.433328,0.560891,0.293414
0.435171,0.559501,0.293612
0.437077,0.55801,0.29381
0.439054,0.556417,0.294026
0.441096,0.554717,0.294246
0.4432,0.552905,0.294456
0.445358,0.550978,0.29465
0.44757,0.54893,0.294827
0.449836,0.546759,0.294994
0.452143,0.544459,0.295132
0.454486,0.542027,0.295231
0.456864,0.539459,0.295305
0.459265,0.536752,0.295346
0.461678,0.533902,0.295336
0.464111,0.530955,0.295267
0.466574,0.527978,0.295084
0.469048,0.524975,0.29475
0.471546,0.522,0.29434
0.474091,0.519117,0.293922
0.476681,0.516323,0.293491
0.479296,0.513589,0.293045
0.481923,0.510903,0.292593
0.48455,0.508249,0.292141
0.487167,0.50561,0.291695
0.489774,0.502987,0.291256
0.492362,0.50037,0.290824
0.494949,0.497784,0.290395
0.497516,0.49521,0.289971
0.500064,0.492643,0.289556
0.502597,0.490089,0.289148
0.505094,0.487517,0.288755
0.507559,0.484932,0.288375
0.510007,0.482357,0.288004
0.512434,0.479788,0.28764
0.51484,0.477228,0.287283
0.517222,0.474669,0.286936
0.519576,0.472103,0.2866
0.521906,0.469538,0.286275
0.524226,0.466992,0.285953
0.526525,0.464456,0.285639
0.528794,0.461912,0.285335
0.531035,0.459363,0.285044
0.533264,0.456829,0.284758
0.53547,0.454301,0.28448
0.537637,0.451757,0.284215
0.539782,0.449211,0.283961
0.541904,0.446668,0.283715
0.544013,0.444141,0.283474
0.546109,0.441629,0.283237
0.548167,0.439105,0.283013
0.550203,0.43658,0.282798
0.552213,0.434053,0.282593
0.554208,0.43154,0.282393
0.556185,0.429035,0.282199
0.558131,0.426524,0.282015
0.560063,0.424023,0.281837
0.561985,0.421538,0.281664
0.563883,0.419058,0.281497
0.56576,0.416581,0.281338
0.56761,0.414103,0.281188
0.569437,0.411626,0.281047
0.571255,0.409166,0.280908
0.573038,0.406698,0.280781
0.574796,0.404229,0.280662
0.576555,0.401784,0.280544
0.578293,0.399342,0.280433
0.580002,0.3969,0.280332
0.581689,0.39446,0.280237
0.58336,0.392024,0.280149
0.585023,0.389608,0.280063
0.58666,0.387195,0.279984
0.588278,0.384789,0.279911
0.589881,0.382389,0.279843
0.591453,0.379982,0.279785
0.593001,0.377577,0.279736
0.594545,0.375195,0.279687
0.596086,0.372831,0.279638
0.597599,0.370465,0.279597
0.599081,0.368095,0.279567
0.600553,0.365738,0.279541
0.602009,0.363389,0.279518
0.60344,0.361043,0.279501
0.604865,0.358714,0.279487
0.606266,0.356387,0.27948
0.607651,0.354067,0.279477
0.609033,0.351766,0.279475
0.610385,0.349463,0.279481
0.61172,0.347164,0.279493
0.613044,0.344879,0.279509
0.614362,0.342611,0.279525
0.615657,0.340347,0.279546
0.61692,0.338078,0.279577
0.618175,0.33582,0.279611
0.619424,0.33358,0.279646
0.620661,0.331353,0.279683
0.621873,0.329127,0.279726
0.623068,0.326906,0.279775
0.624261,0.324705,0.279824
0.625445,0.322519,0.279874
0.626601,0.320333,0.279931
0.627738,0.31815,0.279994
0.628865,0.31598,0.280059
0.629976,0.313819,0.280128
0.631061,0.311658,0.280203
0.632135,0.30951,0.280281
0.633223,0.307389,0.280354
0.634298,0.305279,0.28043
0.635338,0.303165,0.280515
0.636363,0.301058,0.280604
0.637378,0.298962,0.280695
0.638392,0.296888,0.280784
0.639385,0.29482,0.280878
0.640355,0.292756,0.280976
0.641329,0.290709,0.281074
0.6423,0.28868,0.281172
0.643248,0.286657,0.281275
0.644184,0.284645,0.28138
0.645097,0.282636,0.281489
0.645991,0.280631,0.281604
0.646889,0.278648,0.281717
0.647778,0.276679,0.28183
0.648644,0.274714,0.281948
0.649496,0.272756,0.282069
0.650347,0.270817,0.282189
0.651185,0.268888,0.282311
0.652009,0.26697,0.282436
0.652828,0.265067,0.28256
0.65362,0.263164,0.282691
0.654391,0.261265,0.282826
0.655153,0.259378,0.282962
0.655917,0.25751,0.283097
0.656685,0.255663,0.283228
0.657423,0.253816,0.283366
0.65815,0.251976,0.283506
0.658877,0.250156,0.283645
0.659596,0.248348,0.283784
0.660302,0.246549,0.283925
0.661007,0.244768,0.284066
0.661707,0.243002,0.284205
0.662384,0.24124,0.284349
0.663056,0.239492,0.284494
0.66371,0.23775,0.284641
0.664347,0.236016,0.284791
0.664994,0.234304,0.284938
0.665622,0.232602,0.285086
0.666229,0.230903,0.285238
0.666837,0.22922,0.285389
0.667444,0.227554,0.285539
0.668033,0.225896,0.285691
0.668619,0.224252,0.285843
0.669187,0.222615,0.285997
0.66974,0.220985,0.286154
0.670294,0.219373,0.286308
0.670834,0.217769,0.286465
0.671367,0.216178,0.286621
0.671909,0.214609,0.286773
0.672443,0.213052,0.286925
0.672966,0.211506,0.287078
0.67348,0.209971,0.287232
0.673984,0.208448,0.287386
0.674473,0.206932,0.287542
0.674951,0.205426,0.287699
0.675425,0.203934,0.287856
0.675886,0.20245,0.288014
0.676354,0.200986,0.288169
0.676817,0.199536,0.288322
0.677267,0.198096,0.288477
0.677707,0.196666,0.288632
0.678131,0.195243,0.28879
0.678555,0.193837,0.288945
0.678981,0.192447,0.289098
0.679403,0.19107,0.28925
0.679811,0.189701,0.289403
0.680199,0.188337,0.28956
0.680599,0.186994,0.289713
0.680989,0.185662,0.289865
0.681373,0.184343,0.290016
0.681745,0.183034,0.290169
0.682105,0.181735,0.290322
0.682485,0.180459,0.290468
0.682857,0.179194,0.290614
0.683214,0.177938,0.290762
0.683569,0.176697,0.290909
0.683905,0.175462,0.291058
0.684231,0.174239,0.291206
0.684552,0.173026,0.291353
0.684858,0.171822,0.291503
0.685176,0.170637,0.291647
0.685489,0.169465,0.291791
0.685795,0.168305,0.291933
0.686094,0.167156,0.292076
0.686388,0.166018,0.292217
0.686672,0.16489,0.292359
0.68695,0.163774,0.2925
0.687224,0.162669,0.292641
0.687492,0.161575,0.29278
0.687768,0.1605,0.292915
0.68803,0.159432,0.293052
0.688279,0.158371,0.29319
0.688528,0.157323,0.293326
0.688782,0.156292,0.293459
0.689031,0.155273,0.29359
0.68927,0.154264,0.293722
0.689515,0.153271,0.29385
0.689758,0.152292,0.293975
0.689975,0.151314,0.294105
0.690191,0.150349,0.294234
0.690405,0.149397,0.29436
0.690626,0.148461,0.294483
0.690843,0.147537,0.294604
0.691056,0.146625,0.294724
0.69127,0.145727,0.294842
0.691479,0.14484,0.294958
0.691678,0.143961,0.295075
0.691868,0.143092,0.295192
0.692065,0.14224,0.295305
0.692251,0.141395,0.295419
0.692434,0.140561,0.295531
0.692618,0.139741,0.295641
0.6928,0.138933,0.29575
0.692975,0.138136,0.295857
0.693129,0.137341,0.295968
0.693283,0.13656,0.296076
0.693462,0.1358,0.296176
0.693646,0.135053,0.296274
0.693802,0.134309,0.296376
0.693935,0.133568,0.296482
0.694072,0.13284,0.296584
0.69423,0.132131,0.296679
0.694392,0.131438,0.296771
0.694542,0.130753,0.296864
0.694673,0.130071,0.296959
0.6948,0.129398,0.297053
0.694935,0.128742,0.297143
0.69507,0.128099,0.297231
0.695184,0.127459,0.297321
0.695286,0.126825,0.297412
0.69541,0.126208,0.297496
0.695538,0.125605,0.297577
0.695651,0.125009,0.29766
0.69577,0.124427,0.297739
0.695889,0.123855,0.297816
0.695985,0.123284,0.297897
0.696077,0.122724,0.297976
0.696184,0.122179,0.298051
0.696299,0.121648,0.298121
0.696408,0.121128,0.29819
0.696517,0.120617,0.298258
0.696624,0.120118,0.298324
0.696711,0.119621,0.298392
0.696779,0.119127,0.298463
0.696846,0.118642,0.298533
0.696936,0.118175,0.298596
0.697033,0.117722,0.298654
0.697119,0.117275,0.298714
0.697194,0.116833,0.298774
0.697273,0.116404,0.298831
0.697347,0.115982,0.298888
0.697425,0.11557,0.298942
0.697506,0.115168,0.298994
0.697566,0.114769,0.29905
0.697639,0.114385,0.2991
0.697716,0.11401,0.299147
0.697774,0.113637,0.299197
0.697822,0.113271,0.299249
0.697882,0.112918,0.299295
0.697945,0.112574,0.299338
0.698009,0.11224,0.29938
0.698061,0.111911,0.299423
0.698101,0.111586,0.299467
0.698165,0.111277,0.299504
0.698223,0.110974,0.299541
0.698258,0.110672,0.299581
0.698301,0.110382,0.299618
0.698366,0.110106,0.299649
0.698419,0.109834,0.29968
0.69845,0.109564,0.299715
0.698452,0.109376,0.299738
0.698444,0.109268,0.299744
0.69846,0.109156,0.299749
0.698493,0.109042,0.299751
0.69855,0.108937,0.299749
0.698607,0.108838,0.299746
0.698639,0.108741,0.299745
0.698638,0.108641,0.29975
0.69863,0.108541,0.299755
0.698637,0.108447,0.299757
0.698657,0.108358,0.299757
0.698682,0.108273,0.299755
0.698701,0.108191,0.299754
0.698707,0.108106,0.299756
0.698701,0.108018,0.299761
0.698686,0.10793,0.299767
0.69869,0.107854,0.299767
0.698721,0.107789,0.299761
0.698745,0.107728,0.299756
0.698769,0.107669,0.29975
0.69879,0.107614,0.299744
0.698791,0.107556,0.299742
0.698772,0.107495,0.299744
0.698757,0.10744,0.299744
0.698773,0.107398,0.299736
0.698798,0.107364,0.299726
0.698817,0.107334,0.299717
0.698838,0.10731,0.299706
0.698832,0.107282,0.299699
0.698808,0.107252,0.299696
0.698799,0.107231,0.299688
0.698805,0.107221,0.299676
0.698813,0.10722,0.299663
0.698819,0.107223,0.299648
0.698837,0.107234,0.29963
0.698851,0.10725,0.299612
0.698837,0.107264,0.299599
0.698811,0.107278,0.299587
0.698807,0.107304,0.29957
0.698804,0.107338,0.299551
0.698794,0.107377,0.299532
0.698779,0.10742,0.299513
0.698766,0.107468,0.299493
0.698757,0.107524,0.29947
0.698742,0.107587,0.299447
0.698728,0.107657,0.299422
0.698707,0.107729,0.299398
0.698685,0.107807,0.299373
0.698665,0.107896,0.299346
0.698646,0.107992,0.299316
0.698637,0.108097,0.299282
0.698619,0.108207,0.29925
0.698579,0.108316,0.299221
0.698555,0.10844,0.299187
0.698546,0.108576,0.299147
0.698523,0.108713,0.299109
0.698478,0.108852,0.299075
0.698437,0.108999,0.299039
0.69842,0.109162,0.298994
0.698409,0.109336,0.298947
0.698371,0.10951,0.298904
0.698321,0.109686,0.298863
0.698293,0.109877,0.298815
0.698267,0.110078,0.298764
0.698219,0.11028,0.298717
0.698174,0.110492,0.298668
0.698151,0.110719,0.298611
0.698124,0.110954,0.298554
0.698075,0.111191,0.2985
0.698027,0.111436,0.298444
0.697984,0.111691,0.298385
0.697943,0.111956,0.298324
0.697894,0.112228,0.298263
0.697842,0.112508,0.2982
0.697793,0.112797,0.298135
0.697736,0.113092,0.29807
0.697687,0.1134,0.298001
0.697633,0.113716,0.297932
0.697559,0.114033,0.297865
0.697484,0.114359,0.297796
0.697435,0.114704,0.297719
0.697393,0.115061,0.297639
0.697325,0.11542,0.297563
0.697246,0.115783,0.297488
0.697186,0.116161,0.297406
0.697128,0.116552,0.297322
0.697059,0.11695,0.297238
0.696992,0.11736,0.297151
0.696908,0.117771,0.297065
0.696805,0.118187,0.296982
0.696711,0.118614,0.296896
0.696631,0.119057,0.296804
0.696557,0.119513,0.296708
0.696459,0.119971,0.296615
0.696346,0.120432,0.296525
0.696252,0.120909,0.296427
0.696161,0.121397,0.296328
0.696067,0.121897,0.296226
0.695969,0.122406,0.296123
0.695876,0.122925,0.296017
0.695794,0.12346,0.295906
0.695688,0.123999,0.295799
0.695577,0.124546,0.29569
0.695485,0.12511,0.295574
0.695376,0.12568,0.29546
0.695237,0.12625,0.295352
0.695092,0.126828,0.295242
0.69497,0.127425,0.295123
0.694848,0.128035,0.295003
0.694718,0.128651,0.294882
0.694594,0.129279,0.294758
0.694478,0.129922,0.294631
0.694353,0.130573,0.294503
0.694209,0.131227,0.294377
0.69406,0.13189,0.29425
0.69391,0.132565,0.294121
0.693758,0.13325,0.29399
0.693603,0.133945,0.293858
0.693441,0.134648,0.293724
0.693276,0.135361,0.29359
0.69313,0.136093,0.293449
0.692972,0.136832,0.293307
0.692796,0.137575,0.293168
0.692623,0.138329,0.293027
0.692458,0.139097,0.292881
0.692305,0.139883,0.29273
0.69214,0.140678,0.292579
0.691972,0.141483,0.292427
0.691792,0.142295,0.292274
0.691601,0.143114,0.292123
0.691402,0.143942,0.29197
0.691194,0.144777,0.291818
0.691007,0.145632,0.291659
0.690817,0.146499,0.291497
0.690624,0.147377,0.291335
0.690436,0.148268,0.291168
0.69022,0.14916,0.291006
0.689991,0.150056,0.290846
0.689768,0.150968,0.290682
0.68954,0.151889,0.290516
0.689302,0.152818,0.29035
0.689069,0.15376,0.290181
0.688853,0.154722,0.290006
0.688624,0.155692,0.289831
0.688389,0.156672,0.289655
0.688154,0.157662,0.289477
0.687892,0.158653,0.289303
0.687629,0.159656,0.289128
0.687387,0.160678,0.288945
0.687131,0.161707,0.288764
0.686862,0.162743,0.288584
0.686601,0.163796,0.288399
0.686328,0.164853,0.288214
0.68604,0.165916,0.288032
0.685764,0.166997,0.287845
0.685474,0.168084,0.287658
0.68518,0.16918,0.287471
0.684891,0.170291,0.28728
0.684596,0.171412,0.287088
0.684288,0.172539,0.286898
0.683956,0.173666,0.286711
0.683627,0.174806,0.286522
0.683304,0.175961,0.286328
0.682988,0.177133,0.286131
0.682661,0.178312,0.285933
0.682337,0.179503,0.285734
0.682008,0.180705,0.285533
0.68165,0.181906,0.285338
0.681282,0.183116,0.285142
0.680929,0.184344,0.284941
0.680561,0.185578,0.28474
0.680185,0.186817,0.28454
0.679815,0.18807,0.284339
0.679425,0.189327,0.284139
0.679023,0.19059,0.28394
0.678637,0.191872,0.283735
0.67825,0.193168,0.283527
0.677858,0.194472,0.283319
0.677473,0.195791,0.283108
0.67706,0.197109,0.282903
0.676631,0.198431,0.282698
0.676218,0.199774,0.282488
0.675798,0.201126,0.282277
0.675358,0.20248,0.282069
0.674912,0.20384,0.281863
0.674479,0.205219,0.281651
0.674046,0.206611,0.281436
0.673579,0.207999,0.281229
0.673096,0.20939,0.281023
0.672628,0.2108,0.280812
0.672162,0.212225,0.280598
0.671671,0.213648,0.280388
0.671174,0.215077,0.28018
0.67069,0.216526,0.279967
0.670191,0.21798,0.279754
0.669671,0.219434,0.279546
0.669155,0.220899,0.279336
0.668643,0.22238,0.279123
0.66813,0.223874,0.278907
0.667596,0.225366,0.278696
0.667045,0.22686,0.278489
0.66649,0.228363,0.278281
0.66594,0.229883,0.278069
0.665383,0.231411,0.277857
0.664809,0.232939,0.277648
0.664229,0.234475,0.27744
0.663643,0.236018,0.277233
0.66306,0.237575,0.277023
0.662469,0.239141,0.276812
0.66186,0.240706,0.276606
0.661245,0.242278,0.2764
0.660629,0.24386,0.276193
0.660009,0.245453,0.275986
0.659391,0.24706,0.275776
0.658764,0.248673,0.275566
0.658127,0.250291,0.275359
0.657481,0.251916,0.275152
0.65683,0.253549,0.274946
0.656166,0.255186,0.274742
0.655481,0.256821,0.274542
0.654795,0.258468,0.274341
0.654107,0.260123,0.27414
0.653413,0.261787,0.273938
0.652707,0.263455,0.27374
0.651992,0.265127,0.273542
0.651287,0.266817,0.27334
0.650563,0.268506,0.273143
0.649825,0.270197,0.272948
0.649091,0.271901,0.272752
0.648337,0.273604,0.27256
0.647577,0.275314,0.272368
0.646804,0.277026,0.272179
0.646017,0.278739,0.271993
0.645225,0.280459,0.271808
0.644424,0.282183,0.271624
0.643618,0.283914,0.271441
0.642817,0.285658,0.271255
0.642006,0.287409,0.271071
0.641176,0.289154,0.270892
0.640339,0.290904,0.270714
0.639502,0.292666,0.270536
0.638659,0.294433,0.270358
0.637812,0.29621,0.27018
0.636958,0.297992,0.270004
0.636094,0.299778,0.26983
0.635219,0.301565,0.269658
0.634332,0.303354,0.26949
0.633442,0.305152,0.269321
0.632547,0.306956,0.269154
0.63164,0.308763,0.268989
0.630724,0.310572,0.268826
0.629797,0.312382,0.268667
0.62885,0.314186,0.268513
0.627908,0.316004,0.268358
0.626959,0.317828,0.268203
0.625992,0.319647,0.268054
0.625021,0.321473,0.267905
0.624043,0.323303,0.267758
0.623059,0.325138,0.267612
0.622065,0.326975,0.26747
0.621065,0.328816,0.267328
0.620059,0.330663,0.267189
0.619034,0.332502,0.267054
0.618007,0.33435,0.266921
0.616984,0.33621,0.266786
0.615946,0.33807,0.266655
0.614895,0.339929,0.266527
0.613852,0.341801,0.266398
0.612784,0.343663,0.266275
0.61169,0.345511,0.266162
0.610598,0.347371,0.266049
0.609509,0.349241,0.265933
0.608412,0.351116,0.265819
0.607293,0.35298,0.265712
0.606161,0.354839,0.265611
0.605044,0.356718,0.265506
0.603923,0.358606,0.2654
0.602777,0.36048,0.265303
0.601618,0.362351,0.265211
0.600468,0.364236,0.265116
0.599306,0.366122,0.265024
0.598118,0.367993,0.264941
0.596921,0.369862,0.264862
0.595733,0.371747,0.26478
0.594537,0.373635,0.2647
0.593314,0.375505,0.26463
0.59208,0.37737,0.264565
0.590859,0.379255,0.264496
0.589636,0.381149,0.264426
0.588384,0.383022,0.264367
0.587123,0.384893,0.264312
0.585876,0.386784,0.264253
0.584617,0.388673,0.264198
0.583346,0.390558,0.264148
0.582071,0.392444,0.2641
0.580783,0.394326,0.264057
0.579479,0.396198,0.26402
0.578158,0.398061,0.26399
0.576833,0.399923,0.263963
0.575498,0.401783,0.263939
0.574168,0.403656,0.263915
0.572844,0.405542,0.263888
0.571497,0.407411,0.26387
0.570142,0.409275,0.263857
0.56879,0.411149,0.263844
0.567429,0.413024,0.263834
0.56605,0.414883,0.263831
0.564663,0.416738,0.263833
0.563277,0.418602,0.263836
0.56188,0.420461,0.263843
0.560472,0.422313,0.263855
0.559059,0.424165,0.26387
0.557649,0.426028,0.263885
0.55623,0.427888,0.263903
0.554806,0.429747,0.263925
0.553367,0.431594,0.263953
0.551905,0.433419,0.263992
0.550449,0.435257,0.264031
0.548986,0.437093,0.264071
0.547505,0.438915,0.264119
0.54603,0.440745,0.264167
0.544557,0.442584,0.264217
0.54307,0.444412,0.264272
0.541579,0.446238,0.26433
0.540077,0.448056,0.264394
0.538567,0.44987,0.264462
0.537049,0.451678,0.264535
0.535525,0.453484,0.264611
0.533992,0.455282,0.264693
0.53245,0.457072,0.264779
0.530906,0.458863,0.264869
0.52936,0.460656,0.26496
0.527807,0.462445,0.265055
0.526246,0.464228,0.265155
0.524673,0.465998,0.265261
0.52309,0.467756,0.265374
0.521504,0.469513,0.26549
0.51992,0.471275,0.265607
0.518336,0.47304,0.265725
0.516745,0.474801,0.265847
0.515141,0.476548,0.265977
0.513525,0.47828,0.266113
0.511921,0.48003,0.266247
0.510313,0.481778,0.266384
0.50869,0.483511,0.266528
0.507055,0.485227,0.26668
0.505415,0.486935,0.266836
0.503776,0.488646,0.266994
0.502127,0.490348,0.267158
0.500476,0.492048,0.267325
0.498823,0.493745,0.267494
0.497161,0.495432,0.267669
0.4955,0.497122,0.267847
0.493838,0.49881,0.268027
0.492159,0.500475,0.268215
0.490474,0.50213,0.26841
0.488795,0.503795,0.268604
0.487112,0.505459,0.268801
0.485416,0.5071,0.269005
0.483714,0.50873,0.269216
0.482014,0.510364,0.269429
0.480312,0.511995,0.269644
0.478598,0.513607,0.269866
0.476881,0.515213,0.270094
0.475175,0.516835,0.270318
0.473464,0.518454,0.270546
0.471737,0.520044,0.270784
0.470002,0.521616,0.271029
0.468274,0.523198,0.271275
0.466542,0.524773,0.271523
0.464804,0.526339,0.271776
0.463075,0.527918,0.27203
0.461339,0.529484,0.272287
0.459596,0.531038,0.272551
0.457845,0.532574,0.272822
0.456085,0.534092,0.273099
0.454338,0.53563,0.273374
0.452591,0.537169,0.27365
0.450828,0.538675,0.273936
0.449058,0.540161,0.274231
0.447289,0.541644,0.274528
0.445522,0.54313,0.274827
0.443751,0.544607,0.275128
0.44198,0.546081,0.275433
0.440216,0.547563,0.275739
0.438447,0.549036,0.276048
0.436668,0.550486,0.276365
0.434888,0.551928,0.276687
0.433115,0.553378,0.277009
0.431333,0.554811,0.277335
0.42955,0.556236,0.277667
0.42777,0.557661,0.278001
0.425979,0.559061,0.278341
0.42419,0.560453,0.278686
0.422405,0.561851,0.279033
0.420616,0.563236,0.279383
0.418829,0.564618,0.279736
0.417034,0.565978,0.280095
0.415234,0.567317,0.280462
0.41344,0.568662,0.28083
0.411644,0.569998,0.2812
0.409843,0.571314,0.281576
0.408044,0.572626,0.281956
0.406248,0.573935,0.282337
0.404453,0.57524,0.282721
0.402658,0.576537,0.283108
0.400868,0.577837,0.283496
0.399079,0.579134,0.283887
0.397287,0.580414,0.284282
0.3955,0.581696,0.28468
0.393708,0.58296,0.285082
0.391918,0.584217,0.285488
0.390131,0.585475,0.285896
0.388339,0.586712,0.286309
0.386546,0.587933,0.286727
0.384753,0.589145,0.287149
0.382967,0.590363,0.287571
0.38118,0.591576,0.287995
0.379389,0.592763,0.288426
0.377596,0.593928,0.288863
0.375806,0.595085,0.289303
0.374019,0.596242,0.289744
0.37224,0.59741,0.290184
0.370459,0.598564,0.290627
0.368679,0.599708,0.291073
0.366908,0.60086,0.291521
0.365138,0.602003,0.29197
0.363363,0.603122,0.292426
0.361588,0.604224,0.292887
0.359822,0.605333,0.293347
0.358051,0.606419,0.293812
0.356284,0.607499,0.29428
0.354525,0.608586,0.294749
0.352765,0.609657,0.29522
0.351,0.6107,0.295698
0.34924,0.611733,0.296179
0.347489,0.612776,0.296659
0.345738,0.61381,0.297141
0.343993,0.614846,0.297624
0.34225,0.615874,0.298109
0.340507,0.616877,0.298598
0.338767,0.61787,0.299092
0.337032,0.618859,0.299587
0.3353,0.619843,0.300084
0.333574,0.620833,0.30058
0.331852,0.621818,0.301077
0.330133,0.622794,0.301577
0.328413,0.623747,0.302081
0.326695,0.624679,0.302591
0.324983,0.62561,0.303101
0.323276,0.626544,0.303612
0.321574,0.627478,0.304122
0.319876,0.628405,0.304633
0.318182,0.629328,0.305147
0.316487,0.630219,0.305666
0.314796,0.631093,0.30619
0.313109,0.631964,0.306714
0.311426,0.632824,0.30724
0.30975,0.63369,0.307765
0.308078,0.634548,0.308291
0.306409,0.635387,0.30882
0.304744,0.636213,0.309352
0.303086,0.637036,0.309885
0.301437,0.637872,0.310417
0.299793,0.638713,0.310947
0.298148,0.639528,0.31148
0.296507,0.640321,0.312018
0.294874,0.641116,0.312557
0.293244,0.641899,0.313097
0.291622,0.642686,0.313636
0.290005,0.643463,0.314176
0.288388,0.644217,0.31472
0.28678,0.64497,0.315265
0.285177,0.645716,0.31581
0.283579,0.646457,0.316356
0.281987,0.647189,0.316903
0.280401,0.647927,0.317449
0.278818,0.648647,0.317997
0.277241,0.649358,0.318546
0.275669,0.650059,0.319096
0.274102,0.650743,0.319648
0.272544,0.651435,0.3202
0.270993,0.652126,0.32075
0.269447,0.652814,0.3213
0.267904,0.653483,0.321852
0.266367,0.654134,0.322406
0.26484,0.654793,0.32296
0.263317,0.65545,0.323514
0.261799,0.656089,0.324068
0.260288,0.656716,0.324625
0.258781,0.65733,0.325182
0.257282,0.657945,0.325738
0.25579,0.658563,0.326293
0.254301,0.659157,0.326849
0.252819,0.659737,0.327407
0.251348,0.66033,0.327964
0.249881,0.660919,0.328518
0.248421,0.661496,0.329073
0.246968,0.662065,0.329629
0.245524,0.662643,0.330184
0.244086,0.663217,0.330737
0.242652,0.663772,0.331291
0.241226,0.664327,0.331846
0.239807,0.664885,0.332399
0.238393,0.665429,0.332952
0.236984,0.665946,0.333507
0.235582,0.66645,0.334063
0.234189,0.666954,0.334619
0.232802,0.667455,0.335172
0.231423,0.667962,0.335724
0.230051,0.668472,0.336273
0.228687,0.668979,0.336822
0.227329,0.669473,0.337371
0.225977,0.669949,0.337921
0.224635,0.670429,0.338471
0.223297,0.670891,0.339019
0.221966,0.671346,0.339567
0.220644,0.671807,0.340113
0.219328,0.672256,0.340658
0.218019,0.67269,0.341204
0.216719,0.673121,0.341748
0.215426,0.673555,0.342291
0.214141,0.673993,0.342832
0.212861,0.674418,0.343371
0.21159,0.674841,0.343909
0.210326,0.675255,0.344447
0.20907,0.675652,0.344985
0.207822,0.676053,0.345522
0.206581,0.676445,0.346056
0.205346,0.676819,0.34659
0.204119,0.67719,0.347123
0.202903,0.677584,0.347653
0.20169,0.677967,0.348179
0.200486,0.67834,0.348705
0.19929,0.678705,0.34923
0.198102,0.679054,0.349756
0.196923,0.679414,0.350279
0.19575,0.679776,0.350798
0.194584,0.680127,0.351316
0.193426,0.680462,0.351834
0.192277,0.680798,0.35235
0.191136,0.681137,0.352864
0.190003,0.681473,0.353376
0.188877,0.681795,0.353887
0.187759,0.682115,0.354396
0.186648,0.682445,0.354902
0.185543,0.682766,0.355406
0.184446,0.683064,0.355908
0.183357,0.683344,0.356411
0.182277,0.683621,0.356912
0.181206,0.683919,0.357409
0.180141,0.684227,0.357902
0.179084,0.684526,0.358389
0.178034,0.684802,0.358876
0.176994,0.685081,0.359364
0.175962,0.685358,0.359851
0.174935,0.685612,0.360336
0.173917,0.685856,0.360818
0.172906,0.686103,0.361298
0.171905,0.686375,0.361775
0.170907,0.686626,0.362248
0.169919,0.686858,0.36272
0.168942,0.6871,0.36319
0.167972,0.687336,0.363658
0.167009,0.687583,0.364122
0.166052,0.687822,0.364583
0.165103,0.688047,0.365041
0.164165,0.688279,0.365498
0.163235,0.688509,0.365953
0.162311,0.688741,0.366405
0.161394,0.688967,0.366854
0.160485,0.689169,0.3673
0.159585,0.689376,0.367746
0.158694,0.689592,0.368188
0.157808,0.689802,0.368625
0.156927,0.689996,0.369061
0.156057,0.690185,0.369493
0.155196,0.690385,0.369924
0.154342,0.690587,0.370352
0.153495,0.690782,0.370776
0.152656,0.690959,0.371198
0.151825,0.691141,0.371618
0.151002,0.691315,0.372034
0.150186,0.691476,0.372448
0.149379,0.691646,0.372859
0.148579,0.691831,0.373266
0.147785,0.692006,0.373669
0.146999,0.692159,0.37407
0.146223,0.692307,0.374469
0.145456,0.692453,0.374866
0.144696,0.692601,0.375258
0.143942,0.692766,0.375647
0.143194,0.692929,0.376032
0.142453,0.693069,0.376414
0.141723,0.693204,0.376794
0.141002,0.693336,0.377172
0.140287,0.693483,0.377547
0.139576,0.693628,0.377916
0.138872,0.693763,0.378281
0.138178,0.6939,0.378645
0.137493,0.694025,0.379006
0.136816,0.694155,0.379365
0.136145,0.694275,0.379719
0.135481,0.694405,0.380071
0.134824,0.694547,0.380418
0.134172,0.694686,0.380761
0.133528,0.694807,0.381102
0.132893,0.694912,0.381442
0.132267,0.695041,0.381778
0.131645,0.695168,0.38211
0.131031,0.69528,0.382436
0.130425,0.69537,0.382761
0.129828,0.69545,0.383085
0.129239,0.695549,0.383405
0.128655,0.695648,0.38372
0.128077,0.695741,0.384031
0.127508,0.695839,0.38434
0.126945,0.695932,0.384645
0.126391,0.696039,0.384948
0.125842,0.696156,0.385246
0.125299,0.696243,0.38554
0.124766,0.696317,0.385833
0.12424,0.696403,0.386124
0.12372,0.696488,0.386408
0.123206,0.696583,0.38669
0.122698,0.696684,0.386969
0.122197,0.69677,0.387242
0.121704,0.696842,0.387513
0.121218,0.696914,0.387783
0.120739,0.696987,0.388049
0.120266,0.697069,0.388312
0.119798,0.697149,0.38857
0.119337,0.697218,0.388825
0.118884,0.697298,0.389078
0.118438,0.697365,0.389327
0.117999,0.697432,0.389573
0.117565,0.697512,0.389816
0.117136,0.697578,0.390054
0.116714,0.697644,0.39029
0.116299,0.697726,0.390523
0.11589,0.697784,0.390752
0.11549,0.697834,0.390979
0.115095,0.697899,0.391203
0.114704,0.697964,0.391422
0.11432,0.698015,0.391637
0.113945,0.698056,0.39185
0.113577,0.698104,0.392061
0.113214,0.69815,0.392267
0.112857,0.698196,0.39247
0.112507,0.698241,0.392669
0.112162,0.698291,0.392866
0.111823,0.69834,0.393059
0.111489,0.698391,0.393249
0.111161,0.698442,0.393435
0.110839,0.698493,0.393618
0.110523,0.698538,0.393798
0.110214,0.698576,0.393976
0.10991,0.698635,0.394151
0.10961,0.698673,0.394321
0.109318,0.698706,0.394489
0.109032,0.698749,0.394654
0.108751,0.698797,0.394817
0.108475,0.69884,0.394975
0.108205,0.698869,0.39513
0.108028,0.69888,0.395301
0.107937,0.698862,0.395494
0.107841,0.698823,0.395695
0.107744,0.698769,0.395891
0.107651,0.698737,0.396056
0.107563,0.698763,0.396171
0.107477,0.698826,0.396242
0.107387,0.698908,0.396298
0.107293,0.699017,0.396353
0.107198,0.699149,0.396405
0.1071,0.699271,0.396468
0.106996,0.699344,0.396554
0.106893,0.699358,0.396646
0.106798,0.699356,0.396727
0.106718,0.699397,0.396776
0.106651,0.699425,0.396808
0.106593,0.699399,0.396846
0.106545,0.699381,0.396871
0.106506,0.699379,0.39688
0.106472,0.699388,0.396879
0.106442,0.699406,0.396877
0.106408,0.699408,0.396891
0.106364,0.699407,0.396934
0.106313,0.6994,0.396976
0.106261,0.699403,0.397006
0.106205,0.699405,0.397042
0.106151,0.699416,0.397072
0.106104,0.699442,0.397087
0.106067,0.699478,0.397093
0.106041,0.699509,0.397095
0.10602,0.699497,0.397105
0.106004,0.699476,0.397122
0.105987,0.699457,0.397144
0.105971,0.699433,0.397163
0.105958,0.699436,0.397171
0.105945,0.699452,0.397172
0.105936,0.699445,0.397172
0.105934,0.699434,0.397175
0.105938,0.699422,0.397175
0.105947,0.699412,0.397172
0.105959,0.699404,0.397166
0.105972,0.699401,0.397158
0.105987,0.699404,0.397146
0.106007,0.699406,0.397131
0.106033,0.699389,0.397114
0.106064,0.699366,0.397097
0.1061,0.699362,0.397077
0.106137,0.699352,0.397053
0.106177,0.69935,0.397027
0.106221,0.699355,0.396997
0.10627,0.69935,0.396965
0.106324,0.699357,0.396933
0.106381,0.69936,0.396897
0.106444,0.699343,0.396858
0.106515,0.699312,0.396817
0.106591,0.699281,0.396774
0.106669,0.69927,0.396728
0.106749,0.699274,0.396677
0.106834,0.699276,0.396623
0.106925,0.699258,0.396566
0.107024,0.699232,0.396509
0.107127,0.699218,0.396449
0.107234,0.699196,0.396385
0.107344,0.69919,0.396318
0.107458,0.699171,0.396248
0.107578,0.69915,0.396176
0.107704,0.69913,0.3961
0.107836,0.699108,0.396022
0.107973,0.699105,0.395941
0.108113,0.699094,0.395856
0.108259,0.699076,0.395769
0.108411,0.69905,0.395679
0.10857,0.69902,0.395586
0.108734,0.698992,0.39549
0.108903,0.698969,0.395392
0.109078,0.698951,0.39529
0.109257,0.698916,0.395184
0.109443,0.69888,0.395074
0.109634,0.698862,0.394963
0.109829,0.698835,0.394847
0.110031,0.698812,0.394729
0.110238,0.698787,0.394607
0.110451,0.698761,0.394482
0.110669,0.698729,0.394354
0.110895,0.698681,0.394222
0.111129,0.698629,0.394088
0.111368,0.698584,0.393951
0.111613,0.698538,0.393809
0.111863,0.698499,0.393663
0.112119,0.698463,0.393515
0.112381,0.698423,0.393363
0.112649,0.698385,0.393208
0.112924,0.69834,0.393049
0.113204,0.698301,0.392888
0.113491,0.69826,0.392723
0.113785,0.698222,0.392555
0.114083,0.698174,0.392383
0.114388,0.698131,0.392208
0.1147,0.698085,0.392028
0.115019,0.698032,0.391847
0.115344,0.697982,0.391662
0.115674,0.697936,0.391473
0.116012,0.697886,0.39128
0.116356,0.697824,0.391084
0.116707,0.697778,0.390886
0.117063,0.697721,0.390683
0.117427,0.697654,0.390476
0.117799,0.697588,0.390267
0.118176,0.697536,0.390055
0.118557,0.697479,0.389838
0.118946,0.697403,0.389617
0.119345,0.697319,0.389393
0.119753,0.697249,0.389167
0.120165,0.697191,0.388938
0.120582,0.697121,0.388702
0.121007,0.697043,0.388463
0.121439,0.696973,0.388222
0.121878,0.696914,0.387978
0.122323,0.696848,0.387729
0.122777,0.696763,0.387478
0.123238,0.69667,0.387223
0.123707,0.696595,0.386966
0.12418,0.696515,0.386703
0.12466,0.696437,0.386436
0.125149,0.696357,0.386166
0.125645,0.696264,0.385894
0.126149,0.696174,0.385619
0.126659,0.696096,0.38534
0.127174,0.696026,0.385056
0.127695,0.695939,0.384767
0.128227,0.69584,0.384476
0.128766,0.695742,0.384185
0.129313,0.695643,0.383889
0.129866,0.695531,0.383588
0.130427,0.695424,0.383286
0.130994,0.695341,0.382979
0.131566,0.695242,0.382667
0.132147,0.695128,0.382352
0.132739,0.695017,0.382036
0.133337,0.69491,0.381717
0.133941,0.694793,0.381394
0.134552,0.694678,0.381066
0.13517,0.694571,0.380735
0.135796,0.694463,0.3804
0.136431,0.694348,0.380063
0.137074,0.694217,0.379723
0.137725,0.694108,0.379381
0.13838,0.694001,0.379033
0.139042,0.69387,0.378681
0.139714,0.693731,0.378329
0.140395,0.693593,0.377973
0.141083,0.693445,0.377614
0.141779,0.69331,0.377252
0.14248,0.693171,0.376885
0.14319,0.693024,0.376515
0.143907,0.692885,0.376142
0.144633,0.692739,0.375767
0.145368,0.692584,0.375389
0.146109,0.692439,0.375007
0.146856,0.692288,0.374621
0.147612,0.692119,0.374232
0.148378,0.691939,0.373842
0.149151,0.691768,0.373449
0.149931,0.691589,0.373052
0.150718,0.691396,0.37265
0.151516,0.691206,0.372247
0.152322,0.691022,0.371841
0.153135,0.690853,0.37143
0.153954,0.690677,0.371015
0.154781,0.690486,0.370598
0.155618,0.690297,0.37018
0.156464,0.69011,0.369758
0.157316,0.689934,0.369333
0.158174,0.689763,0.368904
0.15904,0.68958,0.368471
0.159916,0.689388,0.368036
0.160798,0.68919,0.367602
0.161687,0.688982,0.367164
0.162585,0.688754,0.366724
0.163492,0.688515,0.366283
0.164407,0.688284,0.365839
0.165328,0.68806,0.36539
0.166256,0.687823,0.364937
0.167194,0.68758,0.364483
0.168141,0.687348,0.364027
0.169095,0.687123,0.363567
0.170055,0.686879,0.363103
0.171025,0.686615,0.362639
0.172004,0.686346,0.362175
0.172992,0.6861,0.361706
0.173985,0.685863,0.361231
0.174986,0.685621,0.360753
0.175996,0.685356,0.360274
0.177015,0.685089,0.359796
0.178042,0.684824,0.359316
0.179074,0.684535,0.358833
0.180115,0.684243,0.358348
0.181163,0.683965,0.357861
0.182218,0.683682,0.357369
0.183282,0.683397,0.356876
0.184355,0.683122,0.35638
0.185433,0.682818,0.355884
0.186521,0.682492,0.355389
0.187618,0.682165,0.354891
0.188722,0.681852,0.354389
0.189832,0.68155,0.353883
0.190949,0.681227,0.353375
0.192076,0.680904,0.352866
0.193212,0.680589,0.352356
0.194353,0.680252,0.351845
0.195504,0.679911,0.351333
0.196662,0.679573,0.350818
0.197825,0.679209,0.350302
0.198997,0.678845,0.349785
0.200178,0.67848,0.349265
0.201365,0.678093,0.348745
0.202562,0.677705,0.348224
0.203767,0.677332,0.3477
0.204979,0.676973,0.347171
0.206195,0.676589,0.346639
0.207423,0.676204,0.346108
0.20866,0.675828,0.345577
0.2099,0.675423,0.345046
0.211149,0.675007,0.344515
0.212407,0.674598,0.343981
0.213669,0.67418,0.343445
0.214941,0.673765,0.342908
0.216219,0.673336,0.34237
0.217505,0.672889,0.341833
0.218798,0.672433,0.341296
0.2201,0.671979,0.340757
0.221407,0.671519,0.340215
0.222721,0.671059,0.339672
0.224043,0.670594,0.339128
0.225374,0.670119,0.338583
0.226713,0.66965,0.338038
0.228059,0.669167,0.337491
0.229412,0.668676,0.336945
0.230773,0.668183,0.336397
0.23214,0.66769,0.335848
0.233514,0.667188,0.335298
0.234894,0.666666,0.33475
0.23628,0.666134,0.334202
0.237678,0.665619,0.333651
0.23908,0.665102,0.333097
0.240488,0.66457,0.332545
0.241905,0.664033,0.331992
0.243327,0.663482,0.331441
0.244757,0.662925,0.330889
0.246195,0.662375,0.330336
0.247636,0.66181,0.329782
0.249086,0.661246,0.329228
0.250542,0.660673,0.328673
0.252002,0.660071,0.328122
0.253471,0.659473,0.327571
0.254945,0.658861,0.32702
0.256423,0.658241,0.326468
0.257914,0.657644,0.325913
0.259411,0.657045,0.325356
0.260907,0.65641,0.324803
0.262412,0.655754,0.324255
0.263926,0.655101,0.323706
0.265445,0.654452,0.323154
0.266969,0.653802,0.322601
0.268498,0.653132,0.322049
0.270034,0.65245,0.3215
0.27158,0.651777,0.32095
0.27313,0.651099,0.320399
0.274688,0.650428,0.319847
0.276251,0.649748,0.319295
0.277819,0.649058,0.318745
0.279391,0.648351,0.318198
0.280967,0.647627,0.317654
0.282548,0.646893,0.31711
0.284134,0.646153,0.316567
0.285727,0.645414,0.316023
0.287327,0.644673,0.315478
0.288933,0.643926,0.314935
0.290543,0.643167,0.314394
0.292155,0.642393,0.313856
0.293772,0.641605,0.313319
0.2954,0.640835,0.31278
0.297031,0.640054,0.31224
0.298664,0.639258,0.311705
0.300301,0.638445,0.311173
0.301942,0.637611,0.310644
0.303592,0.63679,0.310114
0.305247,0.635966,0.309583
0.306899,0.635115,0.309056
0.308559,0.634253,0.308532
0.310223,0.63338,0.308011
0.311895,0.632517,0.307488
0.31357,0.63165,0.306964
0.315247,0.630769,0.306443
0.316929,0.629872,0.305925
0.318618,0.628972,0.30541
0.320312,0.628071,0.304895
0.322008,0.627159,0.304382
0.323709,0.626238,0.303869
0.325406,0.625286,0.303363
0.32711,0.624329,0.302861
0.328824,0.62338,0.302356
0.330544,0.622443,0.301849
0.332267,0.621507,0.301341
0.333992,0.620553,0.300838
0.33572,0.619583,0.30034
0.337452,0.618609,0.299844
0.339184,0.617619,0.299351
0.340919,0.616624,0.29886
0.342652,0.615605,0.298373
0.344386,0.614567,0.297891
0.346133,0.613547,0.297407
0.347883,0.612528,0.296922
0.349627,0.61148,0.296444
0.351373,0.61041,0.295972
0.353124,0.609332,0.295502
0.354875,0.608246,0.295035
0.356636,0.607169,0.294566
0.358399,0.606087,0.294098
0.360164,0.604996,0.293634
0.361937,0.603916,0.29317
0.363704,0.602809,0.29271
0.365471,0.601689,0.292256
0.36725,0.600582,0.2918
0.369025,0.599453,0.291348
0.370793,0.59829,0.290906
0.372565,0.597126,0.290467
0.374342,0.59596,0.290027
0.37612,0.594785,0.289589
0.377904,0.59362,0.289152
0.379685,0.592435,0.28872
0.381466,0.591239,0.288291
0.383258,0.590056,0.287862
0.385042,0.588846,0.287438
0.386826,0.587621,0.287021
0.388611,0.586387,0.286607
0.390398,0.585152,0.286194
0.392189,0.583918,0.285782
0.393982,0.582678,0.285372
0.395771,0.581419,0.284968
0.397554,0.580132,0.284573
0.399346,0.578854,0.284179
0.401135,0.577567,0.283786
0.402918,0.576261,0.283398
0.404706,0.57495,0.283013
0.406501,0.573648,0.282629
0.408297,0.572349,0.282245
0.410086,0.571024,0.281868
0.41187,0.569677,0.281499
0.41366,0.568331,0.281132
0.415456,0.566994,0.280764
0.417241,0.565635,0.280402
0.419024,0.564258,0.280046
0.420807,0.562873,0.279694
0.422589,0.561479,0.279347
0.424378,0.560095,0.278999
0.426168,0.558714,0.278651
0.427955,0.557319,0.278307
0.429741,0.555919,0.277968
0.431524,0.554505,0.277635
0.433306,0.553085,0.277305
0.43508,0.551647,0.276981
0.436848,0.550191,0.276664
0.438624,0.548743,0.276346
0.440394,0.547285,0.276033
0.442158,0.545811,0.275725
0.443918,0.54432,0.275424
0.445677,0.542825,0.275127
0.447439,0.541331,0.27483
0.449206,0.539843,0.274533
0.450974,0.538356,0.274239
0.452724,0.536835,0.273955
0.454469,0.535301,0.273679
0.456225,0.533782,0.2734
0.457975,0.532252,0.273124
0.459714,0.530701,0.272856
0.46146,0.529156,0.27259
0.4632,0.527597,0.272329
0.464938,0.526035,0.272072
0.466674,0.524471,0.271818
0.4684,0.522888,0.271569
0.470126,0.521303,0.271325
0.471856,0.519723,0.271081
0.473579,0.518134,0.270842
0.475298,0.516539,0.270606
0.477011,0.514931,0.270376
0.478715,0.513306,0.270154
0.480424,0.51169,0.269932
0.482131,0.510073,0.269712
0.483825,0.508434,0.2695
0.485515,0.506787,0.269294
0.487205,0.505137,0.26909
0.488895,0.503492,0.268888
0.490582,0.501847,0.268688
0.492259,0.500184,0.268495
0.493926,0.498507,0.268309
0.495595,0.496834,0.268125
0.497254,0.495148,0.267946
0.498899,0.49344,0.267776
0.500541,0.491727,0.26761
0.502181,0.490013,0.267447
0.503822,0.488301,0.267285
0.505461,0.48659,0.267125
0.507092,0.484869,0.266971
0.508724,0.483152,0.266819
0.510352,0.481432,0.266669
0.511966,0.479693,0.266527
0.513577,0.477951,0.266391
0.515181,0.476201,0.266258
0.516791,0.474464,0.266125
0.518399,0.472728,0.265993
0.519984,0.470966,0.265872
0.521561,0.469192,0.265758
0.523132,0.467413,0.265648
0.524707,0.465645,0.265537
0.526279,0.463878,0.265428
0.527839,0.4621,0.265324
0.52939,0.460313,0.265227
0.530931,0.458513,0.265137
0.532468,0.456711,0.26505
0.534008,0.454921,0.264963
0.535542,0.453127,0.264878
0.537059,0.451316,0.264801
0.53857,0.449499,0.26473
0.54008,0.447686,0.26466
0.541583,0.44587,0.264594
0.543084,0.444056,0.26453
0.544579,0.442241,0.264469
0.546067,0.440421,0.264412
0.547543,0.438593,0.264361
0.54901,0.436757,0.264316
0.550473,0.434923,0.264273
0.551922,0.433077,0.264236
0.553367,0.431231,0.264203
0.554817,0.429398,0.264168
0.556261,0.427564,0.264136
0.557695,0.425725,0.264109
0.559119,0.423882,0.264086
0.56053,0.422028,0.26407
0.561936,0.420173,0.264058
0.563329,0.41831,0.26405
0.564714,0.416445,0.264047
0.566099,0.414585,0.264045
0.567478,0.412726,0.264045
0.568844,0.41086,0.264051
0.570203,0.40899,0.264061
0.571563,0.40713,0.264071
0.572907,0.40526,0.264087
0.574242,0.403388,0.264107
0.575579,0.401524,0.264127
0.576892,0.399643,0.264156
0.578196,0.397758,0.26419
0.579507,0.395887,0.264222
0.580803,0.394009,0.264258
0.582091,0.392131,0.264299
0.583382,0.39026,0.264339
0.584647,0.388374,0.264388
0.585901,0.386482,0.264443
0.587165,0.384604,0.264495
0.588408,0.382718,0.264553
0.589646,0.380833,0.264614
0.590891,0.378962,0.264673
0.592111,0.377075,0.264741
0.593316,0.375181,0.264815
0.594518,0.37329,0.26489
0.595725,0.371411,0.264965
0.596932,0.369541,0.265038
0.598111,0.367656,0.265121
0.599273,0.365763,0.265211
0.600439,0.36388,0.265299
0.601596,0.361996,0.26539
0.602753,0.360121,0.265482
0.603904,0.358248,0.265576
0.605041,0.356372,0.265674
0.606184,0.35451,0.265771
0.607299,0.352635,0.265876
0.608404,0.350759,0.265985
0.609522,0.348901,0.266089
0.610622,0.347036,0.266199
0.611696,0.345161,0.266318
0.612769,0.343294,0.266437
0.613837,0.34143,0.266557
0.614896,0.339567,0.266679
0.615941,0.337702,0.266806
0.616979,0.335838,0.266936
0.618022,0.333988,0.267064
0.619062,0.332145,0.267192
0.62008,0.330295,0.267327
0.621085,0.32844,0.267467
0.622091,0.326598,0.267605
0.623086,0.324756,0.267747
0.62406,0.322907,0.267894
0.62503,0.321064,0.268043
0.626005,0.319234,0.268189
0.626975,0.317412,0.268336
0.627923,0.315582,0.268489
0.628858,0.31375,0.268647
0.629795,0.31193,0.268803
0.630722,0.310112,0.268962
0.631641,0.308298,0.269122
0.632563,0.306498,0.26928
0.633467,0.304694,0.269443
0.634361,0.302892,0.269609
0.635255,0.3011,0.269775
0.636143,0.299316,0.269941
0.637019,0.297533,0.270109
0.637872,0.295743,0.270284
0.63872,0.293957,0.270461
0.639565,0.29218,0.270638
0.640411,0.290416,0.270813
0.641254,0.28866,0.270988
0.642087,0.286909,0.271165
0.642913,0.285163,0.271343
0.643717,0.283411,0.271527
0.644509,0.281662,0.271714
0.645292,0.279918,0.271902
0.646072,0.278183,0.27209
0.646854,0.27646,0.272276
0.64761,0.274731,0.272468
0.648363,0.27301,0.272661
0.649129,0.271307,0.272848
0.649876,0.269603,0.27304
0.650614,0.267905,0.273234
0.651353,0.266219,0.273427
0.65208,0.264537,0.27362
0.652791,0.262855,0.273818
0.653487,0.261173,0.274018
0.654179,0.2595,0.27422
0.65486,0.257832,0.274422
0.655552,0.25618,0.27462
0.656235,0.254534,0.27482
0.656908,0.252894,0.275021
0.657564,0.251255,0.275225
0.658198,0.249613,0.275435
0.658848,0.247989,0.275639
0.659497,0.246375,0.275842
0.660135,0.24477,0.276046
0.660765,0.24317,0.276251
0.661389,0.241577,0.276457
0.662005,0.239994,0.276662
0.6626,0.238409,0.276872
0.663192,0.236832,0.277081
0.66377,0.23526,0.277293
0.664348,0.2337,0.277503
0.664934,0.232154,0.277708
0.66551,0.230614,0.277916
0.666063,0.229074,0.278128
0.666606,0.22754,0.278341
0.667167,0.226026,0.278548
0.667721,0.224521,0.278754
0.668246,0.223012,0.278966
0.668763,0.22151,0.27918
0.669295,0.220026,0.279388
0.669823,0.218552,0.279595
0.67033,0.21708,0.279806
0.670834,0.215619,0.280015
0.671333,0.214164,0.280225
0.671823,0.212714,0.280436
0.672312,0.21128,0.280645
0.672795,0.209854,0.280853
0.673275,0.208436,0.281061
0.673755,0.207029,0.281267
0.67421,0.205624,0.281478
0.674658,0.204225,0.281689
0.675118,0.202845,0.281894
0.675563,0.20147,0.282102
0.675983,0.200094,0.282313
0.676402,0.198726,0.282525
0.676817,0.19737,0.282735
0.677222,0.196021,0.282945
0.677636,0.194687,0.283151
0.678042,0.193361,0.283357
0.678434,0.192039,0.283565
0.67883,0.190731,0.28377
0.679219,0.189431,0.283975
0.679602,0.188141,0.284179
0.679994,0.186868,0.284378
0.680375,0.185602,0.284578
0.680735,0.184337,0.284782
0.681088,0.183079,0.284986
0.68145,0.18184,0.285185
0.681809,0.18061,0.285382
0.682152,0.179385,0.285581
0.682489,0.178168,0.285781
0.682821,0.17696,0.285979
0.683156,0.175765,0.286175
0.683495,0.174585,0.286367
0.683831,0.173416,0.286557
0.684159,0.172256,0.286748
0.684481,0.171105,0.286938
0.684797,0.169963,0.287127
0.685102,0.168828,0.287317
0.685388,0.167694,0.28751
0.685676,0.166573,0.2877
0.685972,0.165468,0.287887
0.686258,0.16437,0.288073
0.686547,0.163285,0.288257
0.686833,0.16221,0.288439
0.68711,0.161144,0.288621
0.687379,0.160086,0.288803
0.68764,0.159038,0.288984
0.687895,0.157998,0.289165
0.688145,0.156969,0.289344
0.688396,0.155951,0.28952
0.68865,0.154944,0.289695
0.688905,0.15395,0.289867
0.689142,0.152962,0.290041
0.689384,0.151989,0.29021
0.689621,0.151024,0.290379
0.68985,0.150067,0.290547
0.690089,0.149127,0.290711
0.690308,0.14819,0.290878
0.690522,0.147261,0.291044
0.690736,0.146345,0.291207
0.690948,0.14544,0.291368
0.691152,0.144543,0.291529
0.691342,0.143649,0.291691
0.691535,0.142768,0.291851
0.691741,0.141904,0.292006
0.691947,0.141054,0.292157
0.692133,0.140206,0.292311
0.692307,0.139363,0.292466
0.692479,0.13853,0.292619
0.692655,0.137711,0.292769
0.692828,0.136902,0.292917
0.692988,0.136099,0.293066
0.693143,0.135303,0.293214
0.693317,0.134526,0.293356
0.693492,0.133762,0.293494
0.693652,0.133003,0.293634
0.693797,0.132248,0.293776
0.693945,0.131505,0.293914
0.694117,0.130782,0.294045
0.694292,0.130073,0.294172
0.694447,0.129368,0.294301
0.694595,0.128669,0.294431
0.694738,0.127979,0.29456
0.694886,0.127304,0.294685
0.695028,0.126638,0.294809
0.695162,0.125981,0.294931
0.695309,0.125338,0.295049
0.695456,0.124704,0.295166
0.695579,0.124073,0.295286
0.695691,0.123448,0.295406
0.695819,0.122839,0.295521
0.695939,0.12224,0.295634
0.696054,0.12165,0.295746
0.696178,0.121073,0.295854
0.696277,0.120496,0.295965
0.696365,0.119925,0.296078
0.696459,0.119366,0.296187
0.696563,0.118822,0.296291
0.696674,0.11829,0.29639
0.696783,0.117766,0.296489
0.696879,0.11725,0.296588
0.696972,0.116741,0.296686
0.697063,0.116241,0.296782
0.69714,0.115746,0.29688
0.697222,0.115261,0.296974
0.697301,0.114785,0.297067
0.69739,0.114323,0.297156
0.697474,0.113868,0.297243
0.697556,0.113422,0.297329
0.697632,0.112983,0.297414
0.697692,0.112546,0.297501
0.697753,0.112118,0.297587
0.69783,0.111707,0.297666
0.697907,0.111305,0.297743
0.697973,0.110907,0.29782
0.698037,0.110517,0.297897
0.698098,0.110134,0.297972
0.698161,0.109761,0.298045
0.698235,0.109402,0.298113
0.698307,0.109051,0.298179
0.698325,0.10881,0.298231
0.69829,0.108704,0.298264
0.698268,0.108619,0.298293
0.698296,0.108527,0.298316
0.698341,0.108422,0.298339
0.698396,0.108308,0.29836
0.698451,0.108191,0.29838
0.698463,0.108062,0.298406
0.698448,0.107932,0.298434
0.698426,0.107809,0.29846
0.698405,0.1077,0.298483
0.698412,0.107613,0.298499
0.698431,0.107542,0.298512
0.698455,0.107483,0.298524
0.698492,0.107434,0.298534
0.698528,0.107388,0.298544
0.698556,0.107339,0.298556
0.698583,0.107285,0.298568
0.698588,0.107219,0.298586
0.698589,0.10715,0.298603
0.698612,0.107089,0.298614
0.69863,0.107031,0.298624
0.698634,0.10698,0.298636
0.698638,0.106939,0.298647
0.698629,0.1069,0.298658
0.698623,0.106866,0.298668
0.698635,0.106838,0.298674
0.69865,0.106814,0.298679
0.698649,0.106791,0.298686
0.698641,0.106772,0.298693
0.698656,0.106764,0.298693
0.698666,0.10676,0.298694
0.698671,0.10676,0.298695
0.698672,0.106764,0.298696
0.698673,0.106772,0.298695
0.698677,0.10679,0.298692
0.698672,0.106811,0.298689
0.698674,0.106839,0.298683
0.698675,0.106874,0.298676
0.698661,0.106909,0.298671
0.698645,0.106949,0.298666
0.698646,0.107001,0.298655
0.698646,0.10706,0.298643
0.698629,0.107119,0.298633
0.698602,0.10718,0.298624
0.698587,0.107253,0.298611
0.69858,0.107335,0.298595
0.698578,0.107426,0.298575
0.698568,0.107519,0.298557
0.698533,0.107612,0.298542
0.69851,0.107717,0.298523
0.698497,0.107831,0.2985
0.698483,0.107953,0.298475
0.698462,0.108081,0.29845
0.698438,0.108213,0.298425
0.698425,0.108357,0.298396
0.698409,0.10851,0.298365
0.698395,0.10867,0.298332
0.698372,0.108834,0.298299
0.698337,0.109004,0.298267
0.698304,0.109181,0.298234
0.698268,0.109366,0.298198
0.698232,0.109559,0.298161
0.698192,0.109759,0.298123
0.698155,0.109969,0.298082
0.698116,0.110185,0.29804
0.698074,0.11041,0.297997
0.698029,0.110641,0.297952
0.697981,0.11088,0.297907
0.697932,0.111127,0.297859
0.697881,0.111382,0.29781
0.697831,0.111645,0.297759
0.697795,0.111924,0.297703
0.697756,0.112211,0.297645
0.697713,0.112506,0.297586
0.697665,0.112809,0.297526
0.697614,0.11312,0.297464
0.697556,0.113437,0.297403
0.697495,0.113762,0.29734
0.697431,0.114096,0.297276
0.697356,0.114434,0.297212
0.697298,0.114788,0.297143
0.697239,0.115152,0.297071
0.697163,0.115518,0.297002
0.697083,0.115892,0.296932
0.697003,0.116276,0.296859
0.696926,0.116672,0.296783
0.696852,0.117078,0.296704
0.696766,0.11749,0.296625
0.696695,0.117918,0.296542
0.696631,0.118358,0.296454
0.696563,0.118808,0.296364
0.69648,0.119262,0.296277
0.696384,0.11972,0.29619
0.696291,0.120191,0.296101
0.696203,0.120675,0.296007
0.696108,0.121167,0.295913
0.696015,0.121669,0.295816
0.695934,0.122187,0.295715
0.695837,0.12271,0.295614
0.695717,0.123234,0.295517
0.695591,0.123767,0.295419
0.695491,0.124317,0.295313
0.695398,0.124882,0.295204
0.6953,0.125457,0.295093
0.695183,0.126036,0.294984
0.69505,0.126617,0.294877
0.694924,0.127213,0.294766
0.694791,0.127819,0.294653
0.694653,0.128433,0.29454
0.694522,0.129059,0.294423
0.694394,0.129698,0.294303
0.69427,0.13035,0.294179
0.694146,0.131014,0.294053
0.694002,0.13168,0.293929
0.693848,0.132353,0.293806
0.693697,0.133038,0.29368
0.693559,0.133741,0.293548
0.693424,0.134458,0.293413
0.693269,0.135178,0.293279
0.693105,0.135904,0.293146
0.692948,0.136645,0.29301
0.69279,0.137399,0.29287
0.692631,0.138163,0.292728
0.692462,0.138935,0.292586
0.692282,0.139714,0.292445
0.692108,0.140506,0.292301
0.691938,0.141313,0.292152
0.691763,0.142129,0.292002
0.691583,0.142955,0.291851
0.691404,0.143793,0.291698
0.69122,0.144642,0.291543
0.691021,0.145496,0.29139
0.690808,0.146354,0.291238
0.690604,0.147227,0.291082
0.690394,0.148111,0.290925
0.690189,0.149008,0.290764
0.689974,0.149913,0.290603
0.68975,0.150826,0.290442
0.689522,0.151748,0.29028
0.689293,0.152684,0.290115
0.689071,0.153633,0.289946
0.688824,0.154584,0.289781
0.688574,0.155545,0.289615
0.688349,0.156527,0.28944
0.688127,0.157524,0.289263
0.687878,0.158522,0.289089
0.687618,0.159525,0.288917
0.687375,0.160547,0.288738
0.68713,0.161582,0.288557
0.686855,0.162617,0.28838
0.686569,0.163658,0.288205
0.686302,0.164718,0.288023
0.686035,0.165791,0.287838
0.685755,0.166873,0.287654
0.685461,0.167959,0.287471
0.685158,0.169051,0.287289
0.684847,0.170153,0.287106
0.684544,0.17127,0.286919
0.684243,0.172401,0.286729
0.68392,0.173533,0.286542
0.683593,0.174673,0.286355
0.683273,0.17583,0.286164
0.682952,0.177,0.28597
0.682613,0.178173,0.285778
0.682262,0.179351,0.285587
0.681931,0.18055,0.28539
0.681602,0.181762,0.28519
0.681263,0.182984,0.28499
0.680915,0.184213,0.28479
0.68056,0.185449,0.28459
0.680204,0.186701,0.284388
0.679837,0.18796,0.284186
0.67945,0.18922,0.283987
0.679055,0.190488,0.283788
0.678676,0.191776,0.283583
0.67829,0.193075,0.283378
0.677886,0.194375,0.283175
0.677468,0.195679,0.282974
0.677051,0.196995,0.282772
0.676627,0.198321,0.282568
0.676207,0.199661,0.282361
0.675786,0.201013,0.282153
0.675359,0.202372,0.281944
0.674935,0.203745,0.281733
0.674487,0.20512,0.281527
0.674019,0.206495,0.281323
0.673556,0.207884,0.281116
0.6731,0.209291,0.280905
0.67264,0.210707,0.280693
0.672171,0.212131,0.280481
0.671699,0.213565,0.280269
0.671205,0.214999,0.280061
0.670696,0.216436,0.279855
0.670206,0.217895,0.279643
0.669706,0.219362,0.27943
0.6692,0.220837,0.279218
0.668692,0.222322,0.279005
0.668157,0.223805,0.278798
0.667616,0.225294,0.27859
0.667082,0.2268,0.278379
0.666537,0.228314,0.278169
0.665993,0.229838,0.277957
0.665445,0.231372,0.277745
0.664864,0.232901,0.277539
0.664268,0.234431,0.277336
0.66369,0.235983,0.277127
0.66311,0.237547,0.276916
0.662501,0.239105,0.276712
0.661879,0.240665,0.27651
0.661273,0.242244,0.276303
0.660666,0.243836,0.276094
0.660044,0.245432,0.275887
0.659415,0.247035,0.275681
0.658779,0.248642,0.275476
0.658139,0.25026,0.27527
0.657481,0.251879,0.275069
0.656818,0.253506,0.274867
0.656156,0.255143,0.274663
0.655472,0.25678,0.274464
0.654793,0.258432,0.274262
0.654101,0.260086,0.274063
0.653399,0.261746,0.273865
0.652712,0.263425,0.273661
0.651998,0.2651,0.273464
0.651264,0.26677,0.273272
0.650525,0.268447,0.273081
0.64978,0.270132,0.27289
0.649024,0.271821,0.2727
0.648264,0.273517,0.272511
0.647519,0.275233,0.272317
0.646768,0.27696,0.272122
0.645997,0.278683,0.271932
0.645216,0.280408,0.271745
0.644439,0.282148,0.271555
0.643657,0.283896,0.271366
0.642848,0.285638,0.271183
0.642029,0.28738,0.271003
0.641197,0.289125,0.270826
0.640368,0.290884,0.270647
0.639534,0.29265,0.270468
0.63868,0.294413,0.270293
0.63782,0.296179,0.270121
0.636962,0.297958,0.269948
0.636096,0.299742,0.269775
0.635224,0.301533,0.269603
0.634339,0.303325,0.269434
0.633442,0.305117,0.269269
0.632546,0.306921,0.269102
0.631632,0.30872,0.268941
0.630709,0.310523,0.268782
0.629782,0.312333,0.268623
0.628852,0.314151,0.268465
0.627918,0.315977,0.268307
0.626973,0.317804,0.268151
0.62601,0.319626,0.268002
0.625036,0.321449,0.267855
0.624063,0.323284,0.267708
0.623074,0.325117,0.267564
0.62208,0.326955,0.267421
0.621079,0.328798,0.26728
0.620066,0.330639,0.267143
0.619059,0.332495,0.267004
0.618028,0.334343,0.266872
0.616987,0.336191,0.266742
0.61595,0.338051,0.266612
0.614903,0.339912,0.266484
0.613839,0.341769,0.266361
0.61277,0.34363,0.26624
0.61169,0.34549,0.266123
0.610592,0.347343,0.266011
0.609499,0.349209,0.265898
0.608398,0.351078,0.265787
0.607279,0.35294,0.265682
0.606151,0.354802,0.26558
0.605036,0.356684,0.265473
0.603914,0.358569,0.265369
0.602761,0.360437,0.265274
0.601596,0.3623,0.265185
0.60044,0.364179,0.265093
0.599276,0.366063,0.265002
0.598106,0.367949,0.264913
0.59692,0.369828,0.264831
0.595717,0.371699,0.264754
0.594516,0.373577,0.264678
0.593312,0.375463,0.264603
0.592091,0.377343,0.264533
0.590864,0.379224,0.264465
0.589645,0.381119,0.264396
0.588418,0.383015,0.264329
0.587177,0.384907,0.264268
0.585919,0.386788,0.264214
0.584648,0.388663,0.264164
0.583377,0.390549,0.264115
0.582094,0.392431,0.26407
0.580801,0.394311,0.264028
0.579506,0.396194,0.263988
0.578193,0.398067,0.263955
0.576868,0.399933,0.263927
0.575529,0.40179,0.263906
0.574193,0.403658,0.263884
0.572859,0.405534,0.263861
0.571522,0.407414,0.26384
0.570173,0.409288,0.263824
0.568805,0.411147,0.263817
0.567439,0.413013,0.263811
0.566058,0.41487,0.263809
0.564674,0.416731,0.26381
0.563285,0.418592,0.263814
0.56188,0.420441,0.263824
0.560467,0.422287,0.263839
0.559058,0.424144,0.263853
0.557639,0.425998,0.26387
0.556206,0.427841,0.263894
0.554775,0.429688,0.263919
0.553345,0.431543,0.263946
0.551903,0.433394,0.263977
0.55044,0.435224,0.264016
0.548971,0.437049,0.26406
0.547491,0.438869,0.26411
0.546016,0.440699,0.264158
0.544549,0.442546,0.264204
0.54306,0.444371,0.264259
0.541557,0.446181,0.264323
0.54005,0.44799,0.26439
0.538539,0.449799,0.26446
0.537022,0.451605,0.264533
0.535499,0.453408,0.264609
0.533978,0.455219,0.264687
0.532448,0.457024,0.264768
0.530904,0.458815,0.264857
0.529354,0.4606,0.264951
0.527803,0.462388,0.265047
0.526246,0.464174,0.265145
0.524678,0.465949,0.26525
0.523104,0.467719,0.265359
0.52153,0.469492,0.265471
0.519951,0.471263,0.265585
0.518358,0.473019,0.265706
0.516761,0.47477,0.265832
0.515164,0.476525,0.26596
0.513561,0.478277,0.266091
0.511942,0.480009,0.266229
0.510314,0.481726,0.266376
0.508684,0.483445,0.266525
0.507056,0.485169,0.266674
0.505418,0.486882,0.266829
0.503778,0.488594,0.266987
0.502134,0.490301,0.267148
0.500481,0.491997,0.267316
0.498822,0.493686,0.267488
0.497161,0.495372,0.267663
0.495499,0.497059,0.267841
0.49383,0.498735,0.268023
0.492165,0.500419,0.268207
0.490491,0.502092,0.268397
0.488808,0.50375,0.268592
0.487117,0.505398,0.268793
0.48543,0.507053,0.268996
0.483739,0.508702,0.269201
0.482033,0.510329,0.269414
0.480321,0.511942,0.269635
0.478611,0.513558,0.269857
0.476898,0.51517,0.270082
0.475185,0.516783,0.270309
0.473471,0.518395,0.270539
0.471745,0.519985,0.270776
0.470017,0.521569,0.271019
0.468293,0.52316,0.271262
0.466564,0.524744,0.271508
0.464825,0.526309,0.271761
0.463085,0.527869,0.272019
0.461346,0.529427,0.27228
0.459606,0.530986,0.272543
0.45786,0.532532,0.27281
0.456108,0.534065,0.273084
0.454353,0.535587,0.273362
0.452593,0.537098,0.273646
0.450838,0.538618,0.27393
0.44908,0.540134,0.274216
0.447313,0.541627,0.27451
0.44554,0.543104,0.27481
0.443767,0.544576,0.275115
0.441993,0.546043,0.275422
0.440223,0.547516,0.275729
0.438448,0.548977,0.276041
0.436671,0.550429,0.276357
0.434893,0.551875,0.276678
0.433111,0.553304,0.277004
0.431335,0.554742,0.277331
0.42956,0.556181,0.277658
0.427778,0.557601,0.277992
0.42599,0.558999,0.278333
0.424203,0.560395,0.278678
0.422414,0.561782,0.279026
0.42062,0.563153,0.279379
0.418831,0.564529,0.279734
0.417045,0.565906,0.280089
0.415257,0.567275,0.280448
0.413463,0.568623,0.280814
0.411665,0.569951,0.281187
0.409877,0.571295,0.281558
0.408085,0.572629,0.281932
0.406289,0.573943,0.282312
0.404493,0.575247,0.282697
0.402703,0.576558,0.283083
0.400909,0.577855,0.283472
0.399114,0.579141,0.283865
0.397317,0.580414,0.284263
0.395517,0.581664,0.284667
0.393717,0.582907,0.285075
0.391925,0.584157,0.285483
0.390141,0.585424,0.285888
0.388353,0.586675,0.286298
0.38656,0.587898,0.286715
0.384766,0.589102,0.287138
0.382975,0.590305,0.287564
0.381187,0.591504,0.287991
0.379396,0.592687,0.288422
0.377608,0.593863,0.288856
0.375827,0.595045,0.289291
0.374047,0.596219,0.289728
0.372263,0.597374,0.29017
0.370484,0.598524,0.290615
0.368709,0.599676,0.291062
0.366932,0.600811,0.291511
0.365154,0.601931,0.291965
0.363384,0.603055,0.292421
0.361612,0.604166,0.292879
0.359843,0.60527,0.293339
0.358078,0.606371,0.293802
0.356312,0.607455,0.294269
0.354554,0.608543,0.294737
0.352795,0.609618,0.295208
