# q1,q2,q3,q4,q5,q6,q7
1.396420000,-0.267269000,0.568838000,-2.495720000,0.652070000,2.369360000,-0.582808000
1.396419999,-0.267269000,0.568838000,-2.495720000,0.652070000,2.369360000,-0.582808000
1.396419993,-0.267269000,0.568838000,-2.495719999,0.652069999,2.369359999,-0.582808000
1.396419977,-0.267269002,0.568838000,-2.495719997,0.652069998,2.369359995,-0.582807999
1.396419946,-0.267269004,0.568838000,-2.495719994,0.652069994,2.369359989,-0.582807997
1.396419894,-0.267269007,0.568838000,-2.495719987,0.652069989,2.369359978,-0.582807995
1.396419818,-0.267269012,0.568838000,-2.495719978,0.652069980,2.369359961,-0.582807991
1.396419711,-0.267269019,0.568838000,-2.495719966,0.652069969,2.369359939,-0.582807986
1.396419568,-0.267269029,0.568838000,-2.495719949,0.652069953,2.369359908,-0.582807979
1.396419386,-0.267269041,0.568838000,-2.495719927,0.652069933,2.369359870,-0.582807970
1.396419158,-0.267269056,0.568838000,-2.495719900,0.652069908,2.369359821,-0.582807959
1.396418879,-0.267269075,0.568838000,-2.495719867,0.652069878,2.369359762,-0.582807946
1.396418546,-0.267269097,0.568838000,-2.495719827,0.652069842,2.369359691,-0.582807929
1.396418152,-0.267269123,0.568838000,-2.495719780,0.652069799,2.369359608,-0.582807910
1.396417693,-0.267269154,0.568838000,-2.495719726,0.652069749,2.369359510,-0.582807888
1.396417164,-0.267269189,0.568838000,-2.495719663,0.652069692,2.369359398,-0.582807862
1.396416559,-0.267269230,0.568838000,-2.495719591,0.652069626,2.369359270,-0.582807833
1.396415875,-0.267269275,0.568838000,-2.495719510,0.652069552,2.369359124,-0.582807800
1.396415105,-0.267269327,0.568838000,-2.495719418,0.652069468,2.369358961,-0.582807762
1.396414246,-0.267269384,0.568838000,-2.495719316,0.652069375,2.369358778,-0.582807720
1.396413292,-0.267269448,0.568838000,-2.495719203,0.652069271,2.369358576,-0.582807674
1.396412239,-0.267269518,0.568838000,-2.495719077,0.652069157,2.369358352,-0.582807623
1.396411080,-0.267269595,0.568838000,-2.495718940,0.652069031,2.369358106,-0.582807566
1.396409813,-0.267269680,0.568838000,-2.495718789,0.652068893,2.369357837,-0.582807505
1.396408431,-0.267269772,0.568838000,-2.495718625,0.652068743,2.369357544,-0.582807437
1.396406930,-0.267269872,0.568838000,-2.495718446,0.652068580,2.369357225,-0.582807364
1.396405305,-0.267269981,0.568838000,-2.495718253,0.652068403,2.369356880,-0.582807285
1.396403551,-0.267270098,0.568838000,-2.495718045,0.652068213,2.369356507,-0.582807200
1.396401663,-0.267270224,0.568838000,-2.495717820,0.652068008,2.369356107,-0.582807108
1.396399637,-0.267270359,0.568838000,-2.495717579,0.652067787,2.369355676,-0.582807009
1.396397468,-0.267270504,0.568838000,-2.495717321,0.652067552,2.369355216,-0.582806904
1.396395151,-0.267270659,0.568838000,-2.495717046,0.652067300,2.369354724,-0.582806791
1.396392681,-0.267270824,0.568838000,-2.495716752,0.652067031,2.369354199,-0.582806670
1.396390053,-0.267270999,0.568838000,-2.495716439,0.652066746,2.369353641,-0.582806542
1.396387262,-0.267271186,0.568838000,-2.495716108,0.652066443,2.369353048,-0.582806406
1.396384305,-0.267271383,0.568837999,-2.495715756,0.652066121,2.369352420,-0.582806262
1.396381175,-0.267271592,0.568837999,-2.495715384,0.652065781,2.369351755,-0.582806110
1.396377869,-0.267271813,0.568837999,-2.495714991,0.652065422,2.369351053,-0.582805949
1.396374382,-0.267272046,0.568837999,-2.495714576,0.652065043,2.369350312,-0.582805779
1.396370708,-0.267272291,0.568837999,-2.495714139,0.652064643,2.369349532,-0.582805599
1.396366844,-0.267272549,0.568837999,-2.495713679,0.652064223,2.369348711,-0.582805411
1.396362783,-0.267272821,0.568837999,-2.495713196,0.652063782,2.369347849,-0.582805213
1.396358523,-0.267273105,0.568837999,-2.495712690,0.652063319,2.369346944,-0.582805005
1.396354058,-0.267273403,0.568837999,-2.495712158,0.652062834,2.369345995,-0.582804787
1.396349383,-0.267273716,0.568837999,-2.495711602,0.652062325,2.369345002,-0.582804559
1.396344494,-0.267274042,0.568837999,-2.495711021,0.652061794,2.369343963,-0.582804320
1.396339385,-0.267274384,0.568837999,-2.495710413,0.652061239,2.369342878,-0.582804071
1.396334054,-0.267274740,0.568837999,-2.495709779,0.652060659,2.369341746,-0.582803811
1.396328494,-0.267275111,0.568837999,-2.495709118,0.652060055,2.369340564,-0.582803539
1.396322701,-0.267275498,0.568837999,-2.495708428,0.652059425,2.369339334,-0.582803256
1.396316670,-0.267275901,0.568837998,-2.495707711,0.652058769,2.369338052,-0.582802962
1.396310398,-0.267276320,0.568837998,-2.495706965,0.652058088,2.369336720,-0.582802656
1.396303879,-0.267276756,0.568837998,-2.495706189,0.652057379,2.369335335,-0.582802337
1.396297108,-0.267277208,0.568837998,-2.495705384,0.652056643,2.369333896,-0.582802006
1.396290082,-0.267277678,0.568837998,-2.495704548,0.652055879,2.369332403,-0.582801663
1.396282795,-0.267278164,0.568837998,-2.495703681,0.652055087,2.369330855,-0.582801307
1.396275243,-0.267278669,0.568837998,-2.495702782,0.652054266,2.369329250,-0.582800938
1.396267421,-0.267279192,0.568837998,-2.495701851,0.652053415,2.369327588,-0.582800555
1.396259325,-0.267279733,0.568837998,-2.495700888,0.652052535,2.369325868,-0.582800160
1.396250951,-0.267280292,0.568837997,-2.495699892,0.652051624,2.369324088,-0.582799750
1.396242293,-0.267280871,0.568837997,-2.495698861,0.652050683,2.369322248,-0.582799327
1.396233348,-0.267281469,0.568837997,-2.495697797,0.652049710,2.369320347,-0.582798889
1.396224110,-0.267282086,0.568837997,-2.495696698,0.652048706,2.369318384,-0.582798437
1.396214576,-0.267282723,0.568837997,-2.495695563,0.652047669,2.369316358,-0.582797971
1.396204741,-0.267283381,0.568837997,-2.495694393,0.652046600,2.369314268,-0.582797489
1.396194599,-0.267284059,0.568837997,-2.495693186,0.652045497,2.369312113,-0.582796993
1.396184148,-0.267284757,0.568837996,-2.495691942,0.652044360,2.369309891,-0.582796482
1.396173381,-0.267285477,0.568837996,-2.495690661,0.652043190,2.369307603,-0.582795955
1.396162296,-0.267286218,0.568837996,-2.495689341,0.652041984,2.369305247,-0.582795412
1.396150887,-0.267286981,0.568837996,-2.495687983,0.652040743,2.369302822,-0.582794853
1.396139150,-0.267287765,0.568837996,-2.495686586,0.652039467,2.369300327,-0.582794278
1.396127081,-0.267288572,0.568837996,-2.495685150,0.652038154,2.369297762,-0.582793687
1.396114675,-0.267289402,0.568837995,-2.495683673,0.652036805,2.369295125,-0.582793079
1.396101927,-0.267290254,0.568837995,-2.495682156,0.652035419,2.369292415,-0.582792455
1.396088834,-0.267291129,0.568837995,-2.495680597,0.652033995,2.369289632,-0.582791813
1.396075391,-0.267292028,0.568837995,-2.495678997,0.652032533,2.369286774,-0.582791154
1.396061593,-0.267292951,0.568837995,-2.495677354,0.652031032,2.369283841,-0.582790478
1.396047436,-0.267293897,0.568837994,-2.495675669,0.652029492,2.369280832,-0.582789784
1.396032916,-0.267294868,0.568837994,-2.495673940,0.652027913,2.369277745,-0.582789072
1.396018029,-0.267295863,0.568837994,-2.495672168,0.652026294,2.369274580,-0.582788342
1.396002770,-0.267296884,0.568837994,-2.495670351,0.652024634,2.369271336,-0.582787594
1.395987134,-0.267297929,0.568837994,-2.495668490,0.652022933,2.369268012,-0.582786827
1.395971118,-0.267299000,0.568837993,-2.495666583,0.652021191,2.369264607,-0.582786041
1.395954717,-0.267300097,0.568837993,-2.495664630,0.652019407,2.369261120,-0.582785236
1.395937927,-0.267301220,0.568837993,-2.495662631,0.652017581,2.369257550,-0.582784413
1.395920744,-0.267302369,0.568837993,-2.495660585,0.652015711,2.369253896,-0.582783569
1.395903162,-0.267303545,0.568837992,-2.495658492,0.652013799,2.369250158,-0.582782706
1.395885179,-0.267304748,0.568837992,-2.495656350,0.652011843,2.369246334,-0.582781823
1.395866789,-0.267305978,0.568837992,-2.495654161,0.652009842,2.369242424,-0.582780920
1.395847988,-0.267307236,0.568837991,-2.495651922,0.652007797,2.369238426,-0.582779997
1.395828773,-0.267308521,0.568837991,-2.495649634,0.652005706,2.369234340,-0.582779053
1.395809138,-0.267309834,0.568837991,-2.495647295,0.652003570,2.369230165,-0.582778089
1.395789080,-0.267311176,0.568837991,-2.495644907,0.652001388,2.369225900,-0.582777104
1.395768595,-0.267312547,0.568837990,-2.495642467,0.651999159,2.369221543,-0.582776097
1.395747678,-0.267313946,0.568837990,-2.495639976,0.651996883,2.369217095,-0.582775069
1.395726324,-0.267315374,0.568837990,-2.495637433,0.651994560,2.369212554,-0.582774020
1.395704531,-0.267316833,0.568837989,-2.495634837,0.651992189,2.369207919,-0.582772948
1.395682293,-0.267318320,0.568837989,-2.495632188,0.651989769,2.369203189,-0.582771855
1.395659606,-0.267319838,0.568837989,-2.495629486,0.651987301,2.369198364,-0.582770740
1.395636466,-0.267321386,0.568837988,-2.495626730,0.651984783,2.369193443,-0.582769602
1.395612870,-0.267322965,0.568837988,-2.495623919,0.651982215,2.369188424,-0.582768441
1.395588813,-0.267324575,0.568837988,-2.495621054,0.651979598,2.369183307,-0.582767258
1.395564290,-0.267326216,0.568837987,-2.495618133,0.651976929,2.369178091,-0.582766051
1.395539298,-0.267327888,0.568837987,-2.495615155,0.651974210,2.369172775,-0.582764822
1.395513832,-0.267329593,0.568837986,-2.495612122,0.651971438,2.369167358,-0.582763568
1.395487888,-0.267331329,0.568837986,-2.495609031,0.651968615,2.369161840,-0.582762292
1.395461463,-0.267333097,0.568837986,-2.495605883,0.651965739,2.369156219,-0.582760991
1.395434552,-0.267334898,0.568837985,-2.495602677,0.651962811,2.369150494,-0.582759666
1.395407151,-0.267336732,0.568837985,-2.495599412,0.651959829,2.369144665,-0.582758317
1.395379256,-0.267338599,0.568837984,-2.495596089,0.651956793,2.369138731,-0.582756943
1.395350863,-0.267340499,0.568837984,-2.495592706,0.651953703,2.369132690,-0.582755544
1.395321967,-0.267342434,0.568837984,-2.495589263,0.651950558,2.369126543,-0.582754121
1.395292565,-0.267344402,0.568837983,-2.495585760,0.651947358,2.369120288,-0.582752672
1.395262653,-0.267346404,0.568837983,-2.495582196,0.651944102,2.369113924,-0.582751198
1.395232227,-0.267348441,0.568837982,-2.495578570,0.651940791,2.369107450,-0.582749699
1.395201282,-0.267350512,0.568837982,-2.495574883,0.651937423,2.369100867,-0.582748174
1.395169814,-0.267352619,0.568837981,-2.495571133,0.651933998,2.369094171,-0.582746622
1.395137821,-0.267354760,0.568837981,-2.495567321,0.651930515,2.369087364,-0.582745045
1.395105296,-0.267356938,0.568837980,-2.495563445,0.651926975,2.369080443,-0.582743441
1.395072238,-0.267359151,0.568837980,-2.495559505,0.651923376,2.369073409,-0.582741811
1.395038641,-0.267361401,0.568837979,-2.495555501,0.651919719,2.369066260,-0.582740153
1.395004501,-0.267363686,0.568837979,-2.495551432,0.651916003,2.369058996,-0.582738469
1.394969815,-0.267366009,0.568837978,-2.495547299,0.651912227,2.369051614,-0.582736758
1.394934579,-0.267368368,0.568837978,-2.495543099,0.651908391,2.369044116,-0.582735019
1.394898788,-0.267370765,0.568837977,-2.495538833,0.651904495,2.369036500,-0.582733253
1.394862439,-0.267373199,0.568837977,-2.495534501,0.651900538,2.369028764,-0.582731458
1.394825528,-0.267375670,0.568837976,-2.495530101,0.651896520,2.369020909,-0.582729636
1.394788051,-0.267378180,0.568837976,-2.495525634,0.651892440,2.369012933,-0.582727786
1.394750004,-0.267380728,0.568837975,-2.495521099,0.651888297,2.369004835,-0.582725907
1.394711382,-0.267383315,0.568837974,-2.495516495,0.651884092,2.368996616,-0.582723999
1.394672183,-0.267385940,0.568837974,-2.495511822,0.651879825,2.368988273,-0.582722063
1.394632403,-0.267388604,0.568837973,-2.495507080,0.651875494,2.368979806,-0.582720097
1.394592036,-0.267391308,0.568837973,-2.495502268,0.651871098,2.368971214,-0.582718103
1.394551080,-0.267394051,0.568837972,-2.495497385,0.651866639,2.368962496,-0.582716079
1.394509531,-0.267396834,0.568837971,-2.495492432,0.651862115,2.368953652,-0.582714025
1.394467384,-0.267399657,0.568837971,-2.495487407,0.651857526,2.368944681,-0.582711942
1.394424636,-0.267402521,0.568837970,-2.495482310,0.651852871,2.368935582,-0.582709828
1.394381284,-0.267405425,0.568837969,-2.495477141,0.651848151,2.368926353,-0.582707684
1.394337322,-0.267408370,0.568837969,-2.495471900,0.651843364,2.368916995,-0.582705510
1.394292749,-0.267411356,0.568837968,-2.495466585,0.651838510,2.368907506,-0.582703305
1.394247558,-0.267414383,0.568837967,-2.495461197,0.651833589,2.368897886,-0.582701070
1.394201748,-0.267417453,0.568837967,-2.495455734,0.651828600,2.368888133,-0.582698803
1.394155313,-0.267420564,0.568837966,-2.495450197,0.651823543,2.368878247,-0.582696505
1.394108251,-0.267423717,0.568837965,-2.495444585,0.651818418,2.368868228,-0.582694176
1.394060557,-0.267426912,0.568837965,-2.495438898,0.651813224,2.368858074,-0.582691815
1.394012228,-0.267430151,0.568837964,-2.495433134,0.651807961,2.368847784,-0.582689423
1.393963259,-0.267433432,0.568837963,-2.495427294,0.651802628,2.368837358,-0.582686998
1.393913648,-0.267436756,0.568837962,-2.495421378,0.651797224,2.368826795,-0.582684541
1.393863390,-0.267440124,0.568837962,-2.495415384,0.651791751,2.368816093,-0.582682052
1.393812482,-0.267443536,0.568837961,-2.495409312,0.651786206,2.368805254,-0.582679530
1.393760920,-0.267446991,0.568837960,-2.495403162,0.651780590,2.368794274,-0.582676975
1.393708700,-0.267450491,0.568837959,-2.495396934,0.651774902,2.368783155,-0.582674388
1.393655818,-0.267454035,0.568837959,-2.495390626,0.651769142,2.368771894,-0.582671767
1.393602272,-0.267457624,0.568837958,-2.495384239,0.651763310,2.368760491,-0.582669113
1.393548056,-0.267461258,0.568837957,-2.495377773,0.651757404,2.368748946,-0.582666425
1.393493168,-0.267464937,0.568837956,-2.495371225,0.651751425,2.368737257,-0.582663704
1.393437604,-0.267468661,0.568837955,-2.495364597,0.651745373,2.368725423,-0.582660948
1.393381359,-0.267472431,0.568837954,-2.495357888,0.651739246,2.368713445,-0.582658159
1.393324431,-0.267476247,0.568837954,-2.495351096,0.651733044,2.368701321,-0.582655335
1.393266816,-0.267480109,0.568837953,-2.495344223,0.651726768,2.368689050,-0.582652477
1.393208510,-0.267484018,0.568837952,-2.495337267,0.651720416,2.368676632,-0.582649584
1.393149510,-0.267487973,0.568837951,-2.495330228,0.651713989,2.368664065,-0.582646656
1.393089811,-0.267491976,0.568837950,-2.495323105,0.651707485,2.368651350,-0.582643693
1.393029411,-0.267496025,0.568837949,-2.495315899,0.651700905,2.368638485,-0.582640694
1.392968305,-0.267500122,0.568837948,-2.495308608,0.651694247,2.368625469,-0.582637661
1.392906491,-0.267504267,0.568837947,-2.495301233,0.651687512,2.368612302,-0.582634591
1.392843963,-0.267508459,0.568837946,-2.495293772,0.651680700,2.368598983,-0.582631486
1.392780720,-0.267512700,0.568837945,-2.495286225,0.651673809,2.368585511,-0.582628344
1.392716757,-0.267516989,0.568837944,-2.495278593,0.651666840,2.368571885,-0.582625167
1.392652071,-0.267521326,0.568837943,-2.495270874,0.651659792,2.368558105,-0.582621953
1.392586658,-0.267525713,0.568837942,-2.495263068,0.651652665,2.368544169,-0.582618702
1.392520514,-0.267530148,0.568837941,-2.495255175,0.651645457,2.368530078,-0.582615415
1.392453637,-0.267534633,0.568837940,-2.495247194,0.651638170,2.368515830,-0.582612091
1.392386022,-0.267539168,0.568837939,-2.495239124,0.651630802,2.368501425,-0.582608729
1.392317666,-0.267543753,0.568837938,-2.495230966,0.651623353,2.368486862,-0.582605330
1.392248566,-0.267548387,0.568837937,-2.495222719,0.651615824,2.368472139,-0.582601894
1.392178718,-0.267553072,0.568837936,-2.495214382,0.651608212,2.368457257,-0.582598420
1.392108118,-0.267557807,0.568837935,-2.495205956,0.651600518,2.368442214,-0.582594908
1.392036764,-0.267562594,0.568837934,-2.495197439,0.651592742,2.368427010,-0.582591357
1.391964651,-0.267567431,0.568837933,-2.495188832,0.651584883,2.368411644,-0.582587769
1.391891776,-0.267572319,0.568837932,-2.495180133,0.651576941,2.368396116,-0.582584142
1.391818136,-0.267577259,0.568837931,-2.495171342,0.651568915,2.368380424,-0.582580477
1.391743726,-0.267582251,0.568837930,-2.495162460,0.651560806,2.368364568,-0.582576772
1.391668545,-0.267587295,0.568837929,-2.495153485,0.651552612,2.368348546,-0.582573029
1.391592588,-0.267592391,0.568837927,-2.495144417,0.651544333,2.368332359,-0.582569246
1.391515852,-0.267597539,0.568837926,-2.495135256,0.651535969,2.368316006,-0.582565424
1.391438333,-0.267602740,0.568837925,-2.495126002,0.651527520,2.368299486,-0.582561563
1.391360028,-0.267607994,0.568837924,-2.495116653,0.651518985,2.368282797,-0.582557661
1.391280934,-0.267613301,0.568837923,-2.495107210,0.651510363,2.368265940,-0.582553720
1.391201047,-0.267618662,0.568837922,-2.495097672,0.651501655,2.368248914,-0.582549739
1.391120364,-0.267624076,0.568837920,-2.495088038,0.651492861,2.368231717,-0.582545717
1.391038881,-0.267629544,0.568837919,-2.495078309,0.651483978,2.368214350,-0.582541655
1.390956596,-0.267635066,0.568837918,-2.495068484,0.651475008,2.368196811,-0.582537552
1.390873504,-0.267640642,0.568837917,-2.495058562,0.651465950,2.368179100,-0.582533409
1.390789603,-0.267646273,0.568837915,-2.495048543,0.651456804,2.368161215,-0.582529224
1.390704888,-0.267651958,0.568837914,-2.495038427,0.651447569,2.368143157,-0.582524998
1.390619358,-0.267657699,0.568837913,-2.495028213,0.651438244,2.368124925,-0.582520731
1.390533007,-0.267663494,0.568837912,-2.495017901,0.651428830,2.368106518,-0.582516423
1.390445834,-0.267669346,0.568837910,-2.495007490,0.651419326,2.368087934,-0.582512072
1.390357834,-0.267675252,0.568837909,-2.494996980,0.651409732,2.368069174,-0.582507680
1.390269005,-0.267681215,0.568837908,-2.494986371,0.651400047,2.368050237,-0.582503245
1.390179343,-0.267687234,0.568837906,-2.494975663,0.651390271,2.368031121,-0.582498768
1.390088845,-0.267693309,0.568837905,-2.494964854,0.651380404,2.368011827,-0.582494249
1.389997508,-0.267699441,0.568837904,-2.494953944,0.651370445,2.367992354,-0.582489687
1.389905328,-0.267705629,0.568837902,-2.494942934,0.651360394,2.367972700,-0.582485083
1.389812301,-0.267711875,0.568837901,-2.494931822,0.651350251,2.367952865,-0.582480435
1.389718426,-0.267718177,0.568837899,-2.494920608,0.651340014,2.367932849,-0.582475744
1.389623698,-0.267724537,0.568837898,-2.494909293,0.651329685,2.367912651,-0.582471010
1.389528115,-0.267730955,0.568837896,-2.494897874,0.651319262,2.367892270,-0.582466233
1.389431672,-0.267737431,0.568837895,-2.494886353,0.651308745,2.367871705,-0.582461412
1.389334368,-0.267743965,0.568837894,-2.494874729,0.651298134,2.367850955,-0.582456546
1.389236198,-0.267750557,0.568837892,-2.494863000,0.651287428,2.367830021,-0.582451637
1.389137159,-0.267757207,0.568837891,-2.494851168,0.651276628,2.367808901,-0.582446684
1.389037249,-0.267763917,0.568837889,-2.494839231,0.651265732,2.367787595,-0.582441686
1.388936464,-0.267770685,0.568837888,-2.494827190,0.651254740,2.367766101,-0.582436644
1.388834801,-0.267777513,0.568837886,-2.494815043,0.651243652,2.367744420,-0.582431557
1.388732256,-0.267784400,0.568837884,-2.494802790,0.651232468,2.367722550,-0.582426425
1.388628827,-0.267791347,0.568837883,-2.494790432,0.651221188,2.367700491,-0.582421248
1.388524510,-0.267798353,0.568837881,-2.494777966,0.651209810,2.367678242,-0.582416026
1.388419303,-0.267805420,0.568837880,-2.494765395,0.651198335,2.367655802,-0.582410758
1.388313202,-0.267812547,0.568837878,-2.494752716,0.651186762,2.367633171,-0.582405445
1.388206204,-0.267819734,0.568837877,-2.494739929,0.651175091,2.367610349,-0.582400086
1.388098305,-0.267826982,0.568837875,-2.494727035,0.651163322,2.367587334,-0.582394681
1.387989503,-0.267834291,0.568837873,-2.494714032,0.651151454,2.367564125,-0.582389230
1.387879795,-0.267841661,0.568837872,-2.494700920,0.651139487,2.367540723,-0.582383732
1.387769178,-0.267849093,0.568837870,-2.494687700,0.651127420,2.367517126,-0.582378189
1.387657648,-0.267856586,0.568837868,-2.494674370,0.651115253,2.367493334,-0.582372598
1.387545202,-0.267864141,0.568837867,-2.494660930,0.651102987,2.367469346,-0.582366961
1.387431838,-0.267871757,0.568837865,-2.494647380,0.651090620,2.367445161,-0.582361277
1.387317552,-0.267879436,0.568837863,-2.494633720,0.651078152,2.367420779,-0.582355546
1.387202341,-0.267887178,0.568837861,-2.494619948,0.651065583,2.367396199,-0.582349767
1.387086202,-0.267894982,0.568837860,-2.494606065,0.651052912,2.367371421,-0.582343941
1.386969133,-0.267902849,0.568837858,-2.494592071,0.651040140,2.367346443,-0.582338068
1.386851129,-0.267910779,0.568837856,-2.494577964,0.651027265,2.367321266,-0.582332146
1.386732189,-0.267918772,0.568837854,-2.494563745,0.651014288,2.367295887,-0.582326177
1.386612308,-0.267926828,0.568837853,-2.494549414,0.651001208,2.367270308,-0.582320160
1.386491485,-0.267934949,0.568837851,-2.494534969,0.650988025,2.367244527,-0.582314094
1.386369715,-0.267943133,0.568837849,-2.494520411,0.650974738,2.367218543,-0.582307979
1.386246997,-0.267951381,0.568837847,-2.494505738,0.650961348,2.367192357,-0.582301817
1.386123326,-0.267959693,0.568837845,-2.494490952,0.650947853,2.367165966,-0.582295605
1.385998701,-0.267968070,0.568837843,-2.494476051,0.650934254,2.367139371,-0.582289344
1.385873118,-0.267976512,0.568837841,-2.494461035,0.650920550,2.367112571,-0.582283035
1.385746574,-0.267985018,0.568837840,-2.494445903,0.650906741,2.367085565,-0.582276676
1.385619066,-0.267993590,0.568837838,-2.494430656,0.650892827,2.367058353,-0.582270267
1.385490591,-0.268002227,0.568837836,-2.494415293,0.650878806,2.367030933,-0.582263809
1.385361147,-0.268010929,0.568837834,-2.494399814,0.650864680,2.367003306,-0.582257301
1.385230730,-0.268019697,0.568837832,-2.494384217,0.650850447,2.366975471,-0.582250743
1.385099338,-0.268028531,0.568837830,-2.494368504,0.650836107,2.366947427,-0.582244135
1.384966967,-0.268037431,0.568837828,-2.494352673,0.650821661,2.366919173,-0.582237477
1.384833615,-0.268046397,0.568837826,-2.494336724,0.650807106,2.366890709,-0.582230768
1.384699279,-0.268055430,0.568837824,-2.494320658,0.650792444,2.366862035,-0.582224009
1.384563956,-0.268064529,0.568837822,-2.494304472,0.650777674,2.366833149,-0.582217199
1.384427642,-0.268073696,0.568837820,-2.494288168,0.650762796,2.366804051,-0.582210338
1.384290336,-0.268082929,0.568837818,-2.494271744,0.650747809,2.366774740,-0.582203426
1.384152034,-0.268092230,0.568837816,-2.494255201,0.650732713,2.366745215,-0.582196463
1.384012733,-0.268101598,0.568837813,-2.494238538,0.650717508,2.366715477,-0.582189448
1.383872431,-0.268111034,0.568837811,-2.494221755,0.650702193,2.366685525,-0.582182382
1.383731125,-0.268120538,0.568837809,-2.494204851,0.650686768,2.366655357,-0.582175264
1.383588812,-0.268130109,0.568837807,-2.494187826,0.650671232,2.366624973,-0.582168094
1.383445489,-0.268139749,0.568837805,-2.494170680,0.650655587,2.366594373,-0.582160872
1.383301153,-0.268149458,0.568837803,-2.494153412,0.650639830,2.366563556,-0.582153598
1.383155801,-0.268159235,0.568837801,-2.494136022,0.650623962,2.366532522,-0.582146272
1.383009431,-0.268169081,0.568837798,-2.494118510,0.650607982,2.366501269,-0.582138893
1.382862041,-0.268178996,0.568837796,-2.494100875,0.650591891,2.366469797,-0.582131461
1.382713626,-0.268188981,0.568837794,-2.494083117,0.650575688,2.366438106,-0.582123977
1.382564184,-0.268199034,0.568837792,-2.494065236,0.650559372,2.366406195,-0.582116439
1.382413713,-0.268209158,0.568837789,-2.494047231,0.650542943,2.366374063,-0.582108849
1.382262210,-0.268219351,0.568837787,-2.494029102,0.650526402,2.366341710,-0.582101205
1.382109672,-0.268229614,0.568837785,-2.494010848,0.650509747,2.366309135,-0.582093507
1.381956097,-0.268239947,0.568837782,-2.493992470,0.650492978,2.366276337,-0.582085756
1.381801480,-0.268250351,0.568837780,-2.493973967,0.650476095,2.366243317,-0.582077951
1.381645821,-0.268260825,0.568837778,-2.493955339,0.650459098,2.366210073,-0.582070093
1.381489116,-0.268271370,0.568837775,-2.493936584,0.650441987,2.366176604,-0.582062180
1.381331362,-0.268281986,0.568837773,-2.493917704,0.650424760,2.366142911,-0.582054213
1.381172557,-0.268292673,0.568837771,-2.493898697,0.650407419,2.366108993,-0.582046191
1.381012698,-0.268303432,0.568837768,-2.493879564,0.650389962,2.366074848,-0.582038115
1.380851783,-0.268314262,0.568837766,-2.493860303,0.650372389,2.366040477,-0.582029984
1.380689808,-0.268325163,0.568837763,-2.493840915,0.650354700,2.366005879,-0.582021799
1.380526771,-0.268336137,0.568837761,-2.493821400,0.650336894,2.365971053,-0.582013558
1.380362669,-0.268347182,0.568837758,-2.493801756,0.650318972,2.365935998,-0.582005262
1.380197500,-0.268358300,0.568837756,-2.493781984,0.650300933,2.365900715,-0.581996911
1.380031261,-0.268369490,0.568837753,-2.493762084,0.650282777,2.365865202,-0.581988504
1.379863950,-0.268380753,0.568837751,-2.493742054,0.650264503,2.365829459,-0.581980042
1.379695563,-0.268392089,0.568837748,-2.493721895,0.650246112,2.365793485,-0.581971524
1.379526098,-0.268403497,0.568837746,-2.493701606,0.650227602,2.365757281,-0.581962950
1.379355553,-0.268414979,0.568837743,-2.493681188,0.650208974,2.365720844,-0.581954320
1.379183925,-0.268426534,0.568837741,-2.493660639,0.650190227,2.365684175,-0.581945634
1.379011211,-0.268438162,0.568837738,-2.493639959,0.650171361,2.365647273,-0.581936891
1.378837408,-0.268449864,0.568837735,-2.493619149,0.650152376,2.365610138,-0.581928092
1.378662515,-0.268461641,0.568837733,-2.493598207,0.650133271,2.365572768,-0.581919236
1.378486529,-0.268473491,0.568837730,-2.493577134,0.650114046,2.365535164,-0.581910323
1.378309446,-0.268485415,0.568837727,-2.493555929,0.650094701,2.365497325,-0.581901353
1.378131265,-0.268497414,0.568837725,-2.493534592,0.650075236,2.365459250,-0.581892326
1.377951983,-0.268509487,0.568837722,-2.493513122,0.650055650,2.365420939,-0.581883242
1.377771597,-0.268521635,0.568837719,-2.493491519,0.650035943,2.365382390,-0.581874101
1.377590104,-0.268533859,0.568837717,-2.493469784,0.650016115,2.365343605,-0.581864901
1.377407503,-0.268546157,0.568837714,-2.493447914,0.649996165,2.365304581,-0.581855644
1.377223791,-0.268558530,0.568837711,-2.493425911,0.649976093,2.365265319,-0.581846330
1.377038965,-0.268570979,0.568837708,-2.493403774,0.649955899,2.365225818,-0.581836957
1.376853023,-0.268583504,0.568837706,-2.493381503,0.649935583,2.365186077,-0.581827526
1.376665962,-0.268596104,0.568837703,-2.493359097,0.649915144,2.365146096,-0.581818036
1.376477779,-0.268608781,0.568837700,-2.493336556,0.649894581,2.365105874,-0.581808489
1.376288473,-0.268621533,0.568837697,-2.493313879,0.649873896,2.365065411,-0.581798882
1.376098041,-0.268634362,0.568837694,-2.493291067,0.649853087,2.365024706,-0.581789217
1.375906479,-0.268647268,0.568837691,-2.493268120,0.649832155,2.364983759,-0.581779493
1.375713787,-0.268660250,0.568837688,-2.493245035,0.649811098,2.364942569,-0.581769710
1.375519961,-0.268673309,0.568837685,-2.493221815,0.649789917,2.364901135,-0.581759867
1.375324999,-0.268686445,0.568837682,-2.493198457,0.649768611,2.364859458,-0.581749965
1.375128899,-0.268699658,0.568837680,-2.493174963,0.649747180,2.364817536,-0.581740004
1.374931657,-0.268712949,0.568837677,-2.493151331,0.649725625,2.364775368,-0.581729983
1.374733272,-0.268726317,0.568837674,-2.493127561,0.649703943,2.364732956,-0.581719903
1.374533742,-0.268739763,0.568837671,-2.493103653,0.649682136,2.364690297,-0.581709762
1.374333063,-0.268753286,0.568837668,-2.493079607,0.649660203,2.364647392,-0.581699562
1.374131233,-0.268766888,0.568837664,-2.493055423,0.649638144,2.364604239,-0.581689301
1.373928251,-0.268780568,0.568837661,-2.493031099,0.649615958,2.364560839,-0.581678980
1.373724113,-0.268794326,0.568837658,-2.493006636,0.649593646,2.364517190,-0.581668598
1.373518818,-0.268808163,0.568837655,-2.492982034,0.649571206,2.364473293,-0.581658156
1.373312362,-0.268822079,0.568837652,-2.492957292,0.649548639,2.364429147,-0.581647652
1.373104744,-0.268836073,0.568837649,-2.492932410,0.649525945,2.364384751,-0.581637088
1.372895961,-0.268850146,0.568837646,-2.492907388,0.649503122,2.364340104,-0.581626463
1.372686011,-0.268864299,0.568837643,-2.492882224,0.649480172,2.364295207,-0.581615777
1.372474891,-0.268878531,0.568837640,-2.492856920,0.649457093,2.364250058,-0.581605029
1.372262600,-0.268892843,0.568837636,-2.492831475,0.649433885,2.364204658,-0.581594220
1.372049134,-0.268907234,0.568837633,-2.492805888,0.649410549,2.364159005,-0.581583350
1.371834492,-0.268921705,0.568837630,-2.492780159,0.649387083,2.364113099,-0.581572417
1.371618671,-0.268936256,0.568837627,-2.492754289,0.649363488,2.364066940,-0.581561423
1.371401669,-0.268950887,0.568837623,-2.492728276,0.649339764,2.364020527,-0.581550366
1.371183484,-0.268965599,0.568837620,-2.492702120,0.649315909,2.363973860,-0.581539247
1.370964113,-0.268980391,0.568837617,-2.492675821,0.649291924,2.363926938,-0.581528067
1.370743554,-0.268995264,0.568837613,-2.492649379,0.649267809,2.363879760,-0.581516823
1.370521804,-0.269010217,0.568837610,-2.492622793,0.649243563,2.363832327,-0.581505517
1.370298863,-0.269025252,0.568837607,-2.492596064,0.649219186,2.363784637,-0.581494148
1.370074726,-0.269040368,0.568837603,-2.492569190,0.649194678,2.363736690,-0.581482717
1.369849393,-0.269055565,0.568837600,-2.492542173,0.649170039,2.363688486,-0.581471222
1.369622860,-0.269070843,0.568837596,-2.492515010,0.649145267,2.363640024,-0.581459664
1.369395126,-0.269086203,0.568837593,-2.492487703,0.649120364,2.363591304,-0.581448043
1.369166189,-0.269101645,0.568837590,-2.492460250,0.649095329,2.363542325,-0.581436359
1.368936045,-0.269117169,0.568837586,-2.492432652,0.649070161,2.363493086,-0.581424611
1.368704693,-0.269132775,0.568837583,-2.492404908,0.649044860,2.363443588,-0.581412799
1.368472131,-0.269148463,0.568837579,-2.492377019,0.649019427,2.363393829,-0.581400923
1.368238356,-0.269164233,0.568837576,-2.492348983,0.648993860,2.363343810,-0.581388984
1.368003367,-0.269180086,0.568837572,-2.492320800,0.648968160,2.363293529,-0.581376980
1.367767161,-0.269196022,0.568837568,-2.492292471,0.648942326,2.363242986,-0.581364912
1.367529736,-0.269212040,0.568837565,-2.492263994,0.648916358,2.363192182,-0.581352780
1.367291089,-0.269228142,0.568837561,-2.492235370,0.648890256,2.363141114,-0.581340583
1.367051220,-0.269244327,0.568837558,-2.492206598,0.648864020,2.363089783,-0.581328322
1.366810124,-0.269260595,0.568837554,-2.492177679,0.648837648,2.363038189,-0.581315996
1.366567801,-0.269276946,0.568837550,-2.492148611,0.648811142,2.362986330,-0.581303605
1.366324249,-0.269293381,0.568837547,-2.492119395,0.648784501,2.362934207,-0.581291148
1.366079464,-0.269309900,0.568837543,-2.492090030,0.648757725,2.362881819,-0.581278627
1.365833445,-0.269326503,0.568837539,-2.492060516,0.648730813,2.362829165,-0.581266041
1.365586190,-0.269343190,0.568837536,-2.492030853,0.648703765,2.362776245,-0.581253389
1.365337697,-0.269359961,0.568837532,-2.492001041,0.648676580,2.362723058,-0.581240671
1.365087964,-0.269376816,0.568837528,-2.491971078,0.648649260,2.362669605,-0.581227888
1.364836988,-0.269393756,0.568837524,-2.491940966,0.648621803,2.362615884,-0.581215039
1.364584767,-0.269410780,0.568837520,-2.491910703,0.648594209,2.362561895,-0.581202124
1.364331300,-0.269427890,0.568837517,-2.491880290,0.648566478,2.362507638,-0.581189142
1.364076584,-0.269445084,0.568837513,-2.491849726,0.648538610,2.362453112,-0.581176095
1.363820618,-0.269462363,0.568837509,-2.491819011,0.648510604,2.362398317,-0.581162981
1.363563399,-0.269479728,0.568837505,-2.491788145,0.648482461,2.362343252,-0.581149801
1.363304924,-0.269497178,0.568837501,-2.491757127,0.648454179,2.362287917,-0.581136554
1.363045193,-0.269514714,0.568837497,-2.491725957,0.648425760,2.362232311,-0.581123241
1.362784203,-0.269532335,0.568837493,-2.491694635,0.648397202,2.362176434,-0.581109860
1.362521952,-0.269550042,0.568837489,-2.491663161,0.648368505,2.362120286,-0.581096413
1.362258439,-0.269567835,0.568837485,-2.491631534,0.648339669,2.362063865,-0.581082899
1.361993660,-0.269585714,0.568837481,-2.491599754,0.648310695,2.362007172,-0.581069317
1.361727614,-0.269603679,0.568837477,-2.491567822,0.648281581,2.361950207,-0.581055668
1.361460299,-0.269621731,0.568837473,-2.491535736,0.648252327,2.361892967,-0.581041951
1.361191713,-0.269639869,0.568837469,-2.491503496,0.648222934,2.361835455,-0.581028167
1.360921855,-0.269658094,0.568837465,-2.491471102,0.648193400,2.361777668,-0.581014315
1.360650721,-0.269676406,0.568837461,-2.491438555,0.648163726,2.361719606,-0.581000395
1.360378311,-0.269694805,0.568837457,-2.491405853,0.648133912,2.361661269,-0.580986407
1.360104622,-0.269713290,0.568837453,-2.491372996,0.648103957,2.361602657,-0.580972351
1.359829652,-0.269731863,0.568837449,-2.491339985,0.648073862,2.361543768,-0.580958226
1.359553399,-0.269750524,0.568837444,-2.491306819,0.648043625,2.361484604,-0.580944034
1.359275861,-0.269769272,0.568837440,-2.491273497,0.648013247,2.361425162,-0.580929772
1.358997037,-0.269788107,0.568837436,-2.491240019,0.647982727,2.361365443,-0.580915443
1.358716925,-0.269807030,0.568837432,-2.491206386,0.647952065,2.361305447,-0.580901044
1.358435522,-0.269826042,0.568837428,-2.491172597,0.647921262,2.361245172,-0.580886576
1.358152827,-0.269845141,0.568837423,-2.491138652,0.647890316,2.361184619,-0.580872040
1.357868837,-0.269864328,0.568837419,-2.491104550,0.647859228,2.361123787,-0.580857434
1.357583551,-0.269883604,0.568837415,-2.491070291,0.647827997,2.361062675,-0.580842759
1.357296968,-0.269902969,0.568837410,-2.491035875,0.647796623,2.361001284,-0.580828015
1.357009084,-0.269922421,0.568837406,-2.491001302,0.647765106,2.360939612,-0.580813201
1.356719899,-0.269941963,0.568837402,-2.490966572,0.647733446,2.360877660,-0.580798318
1.356429410,-0.269961593,0.568837397,-2.490931684,0.647701642,2.360815427,-0.580783364
1.356137615,-0.269981313,0.568837393,-2.490896638,0.647669695,2.360752912,-0.580768341
1.355844514,-0.270001122,0.568837388,-2.490861433,0.647637604,2.360690115,-0.580753248
1.355550103,-0.270021019,0.568837384,-2.490826071,0.647605369,2.360627036,-0.580738085
1.355254381,-0.270041007,0.568837379,-2.490790549,0.647572989,2.360563675,-0.580722851
1.354957346,-0.270061083,0.568837375,-2.490754869,0.647540465,2.360500030,-0.580707548
1.354658996,-0.270081250,0.568837370,-2.490719030,0.647507796,2.360436102,-0.580692173
1.354359330,-0.270101506,0.568837366,-2.490683031,0.647474982,2.360371889,-0.580676729
1.354058346,-0.270121852,0.568837361,-2.490646873,0.647442023,2.360307393,-0.580661213
1.353756042,-0.270142288,0.568837357,-2.490610555,0.647408918,2.360242611,-0.580645627
1.353452416,-0.270162815,0.568837352,-2.490574077,0.647375668,2.360177545,-0.580629969
1.353147466,-0.270183431,0.568837348,-2.490537439,0.647342272,2.360112193,-0.580614241
1.352841190,-0.270204139,0.568837343,-2.490500640,0.647308730,2.360046554,-0.580598441
1.352533588,-0.270224936,0.568837338,-2.490463681,0.647275042,2.359980630,-0.580582570
1.352224656,-0.270245825,0.568837334,-2.490426561,0.647241208,2.359914419,-0.580566628
1.351914394,-0.270266804,0.568837329,-2.490389279,0.647207227,2.359847920,-0.580550614
1.351602799,-0.270287874,0.568837324,-2.490351836,0.647173099,2.359781135,-0.580534528
1.351289871,-0.270309035,0.568837320,-2.490314232,0.647138824,2.359714061,-0.580518371
1.350975606,-0.270330287,0.568837315,-2.490276466,0.647104402,2.359646699,-0.580502141
1.350660003,-0.270351631,0.568837310,-2.490238538,0.647069833,2.359579048,-0.580485840
1.350343061,-0.270373066,0.568837305,-2.490200447,0.647035116,2.359511108,-0.580469466
1.350024778,-0.270394593,0.568837300,-2.490162194,0.647000252,2.359442878,-0.580453021
1.349705152,-0.270416211,0.568837296,-2.490123779,0.646965239,2.359374359,-0.580436503
1.349384182,-0.270437921,0.568837291,-2.490085200,0.646930078,2.359305550,-0.580419912
1.349061865,-0.270459724,0.568837286,-2.490046459,0.646894769,2.359236449,-0.580403249
1.348738200,-0.270481618,0.568837281,-2.490007554,0.646859311,2.359167058,-0.580386513
1.348413186,-0.270503604,0.568837276,-2.489968485,0.646823705,2.359097376,-0.580369704
1.348086821,-0.270525683,0.568837271,-2.489929253,0.646787949,2.359027401,-0.580352823
1.347759102,-0.270547854,0.568837266,-2.489889857,0.646752045,2.358957135,-0.580335868
1.347430029,-0.270570117,0.568837261,-2.489850297,0.646715991,2.358886576,-0.580318840
1.347099600,-0.270592474,0.568837256,-2.489810572,0.646679788,2.358815724,-0.580301739
1.346767813,-0.270614923,0.568837251,-2.489770683,0.646643435,2.358744578,-0.580284564
1.346434667,-0.270637465,0.568837246,-2.489730629,0.646606932,2.358673140,-0.580267316
1.346100159,-0.270660100,0.568837241,-2.489690410,0.646570279,2.358601407,-0.580249994
1.345764289,-0.270682828,0.568837236,-2.489650026,0.646533476,2.358529379,-0.580232599
1.345427054,-0.270705649,0.568837231,-2.489609476,0.646496522,2.358457058,-0.580215129
1.345088453,-0.270728564,0.568837226,-2.489568761,0.646459418,2.358384440,-0.580197586
1.344748485,-0.270751572,0.568837221,-2.489527879,0.646422163,2.358311528,-0.580179969
1.344407147,-0.270774674,0.568837215,-2.489486832,0.646384757,2.358238320,-0.580162277
1.344064439,-0.270797869,0.568837210,-2.489445619,0.646347200,2.358164815,-0.580144511
1.343720358,-0.270821159,0.568837205,-2.489404239,0.646309491,2.358091014,-0.580126671
1.343374903,-0.270844542,0.568837200,-2.489362692,0.646271631,2.358016916,-0.580108756
1.343028073,-0.270868020,0.568837195,-2.489320979,0.646233619,2.357942521,-0.580090766
1.342679866,-0.270891591,0.568837189,-2.489279098,0.646195455,2.357867828,-0.580072702
1.342330280,-0.270915257,0.568837184,-2.489237051,0.646157140,2.357792837,-0.580054563
1.341979314,-0.270939017,0.568837179,-2.489194836,0.646118672,2.357717548,-0.580036349
1.341626967,-0.270962872,0.568837173,-2.489152453,0.646080051,2.357641960,-0.580018060
1.341273236,-0.270986822,0.568837168,-2.489109902,0.646041278,2.357566073,-0.579999696
1.340918121,-0.271010866,0.568837163,-2.489067183,0.646002352,2.357489887,-0.579981256
1.340561619,-0.271035005,0.568837157,-2.489024297,0.645963273,2.357413401,-0.579962741
1.340203729,-0.271059239,0.568837152,-2.488981241,0.645924041,2.357336615,-0.579944151
1.339844450,-0.271083568,0.568837146,-2.488938017,0.645884656,2.357259528,-0.579925485
1.339483781,-0.271107992,0.568837141,-2.488894625,0.645845118,2.357182141,-0.579906743
1.339121719,-0.271132512,0.568837135,-2.488851063,0.645805425,2.357104453,-0.579887925
1.338758263,-0.271157127,0.568837130,-2.488807332,0.645765579,2.357026463,-0.579869032
1.338393412,-0.271181837,0.568837124,-2.488763431,0.645725579,2.356948172,-0.579850062
1.338027165,-0.271206643,0.568837119,-2.488719362,0.645685425,2.356869579,-0.579831016
1.337659519,-0.271231545,0.568837113,-2.488675122,0.645645116,2.356790683,-0.579811894
1.337290474,-0.271256543,0.568837108,-2.488630712,0.645604653,2.356711484,-0.579792696
1.336920027,-0.271281636,0.568837102,-2.488586132,0.645564035,2.356631982,-0.579773421
1.336548179,-0.271306826,0.568837097,-2.488541382,0.645523262,2.356552177,-0.579754069
1.336174926,-0.271332112,0.568837091,-2.488496462,0.645482335,2.356472068,-0.579734641
1.335800268,-0.271357494,0.568837085,-2.488451370,0.645441252,2.356391655,-0.579715136
1.335424203,-0.271382972,0.568837080,-2.488406108,0.645400014,2.356310938,-0.579695554
1.335046729,-0.271408547,0.568837074,-2.488360675,0.645358620,2.356229915,-0.579675895
1.334667847,-0.271434219,0.568837068,-2.488315070,0.645317071,2.356148588,-0.579656159
1.334287553,-0.271459987,0.568837062,-2.488269294,0.645275366,2.356066956,-0.579636346
1.333905847,-0.271485852,0.568837057,-2.488223347,0.645233504,2.355985017,-0.579616456
1.333522727,-0.271511814,0.568837051,-2.488177227,0.645191487,2.355902773,-0.579596488
1.333138192,-0.271537873,0.568837045,-2.488130936,0.645149314,2.355820223,-0.579576443
1.332752240,-0.271564029,0.568837039,-2.488084472,0.645106984,2.355737365,-0.579556320
1.332364870,-0.271590282,0.568837033,-2.488037836,0.645064497,2.355654201,-0.579536119
1.331976081,-0.271616632,0.568837027,-2.487991028,0.645021854,2.355570730,-0.579515840
1.331585872,-0.271643080,0.568837021,-2.487944047,0.644979053,2.355486951,-0.579495484
1.331194240,-0.271669625,0.568837015,-2.487896893,0.644936096,2.355402864,-0.579475049
1.330801186,-0.271696268,0.568837010,-2.487849566,0.644892981,2.355318469,-0.579454537
1.330406706,-0.271723009,0.568837004,-2.487802066,0.644849709,2.355233765,-0.579433946
1.330010801,-0.271749847,0.568836998,-2.487754392,0.644806279,2.355148752,-0.579413276
1.329613468,-0.271776784,0.568836992,-2.487706545,0.644762692,2.355063431,-0.579392529
1.329214707,-0.271803818,0.568836985,-2.487658524,0.644718947,2.354977800,-0.579371703
1.328814515,-0.271830950,0.568836979,-2.487610330,0.644675043,2.354891859,-0.579350798
1.328412893,-0.271858181,0.568836973,-2.487561961,0.644630982,2.354805608,-0.579329814
1.328009838,-0.271885510,0.568836967,-2.487513418,0.644586762,2.354719047,-0.579308752
1.327605349,-0.271912937,0.568836961,-2.487464700,0.644542384,2.354632175,-0.579287610
1.327199425,-0.271940463,0.568836955,-2.487415808,0.644497847,2.354544993,-0.579266390
1.326792065,-0.271968087,0.568836949,-2.487366741,0.644453151,2.354457499,-0.579245091
1.326383267,-0.271995810,0.568836943,-2.487317500,0.644408296,2.354369693,-0.579223712
1.325973031,-0.272023632,0.568836936,-2.487268083,0.644363283,2.354281576,-0.579202254
1.325561354,-0.272051553,0.568836930,-2.487218491,0.644318110,2.354193147,-0.579180716
1.325148236,-0.272079572,0.568836924,-2.487168723,0.644272778,2.354104405,-0.579159099
1.324733675,-0.272107691,0.568836918,-2.487118780,0.644227286,2.354015351,-0.579137403
1.324317670,-0.272135909,0.568836911,-2.487068661,0.644181634,2.353925983,-0.579115626
1.323900221,-0.272164226,0.568836905,-2.487018367,0.644135823,2.353836303,-0.579093770
1.323481325,-0.272192642,0.568836899,-2.486967896,0.644089852,2.353746308,-0.579071834
1.323060981,-0.272221158,0.568836892,-2.486917249,0.644043721,2.353656001,-0.579049818
1.322639189,-0.272249773,0.568836886,-2.486866426,0.643997429,2.353565378,-0.579027721
1.322215947,-0.272278488,0.568836879,-2.486815426,0.643950977,2.353474442,-0.579005545
1.321791254,-0.272307302,0.568836873,-2.486764250,0.643904365,2.353383191,-0.578983288
1.321365108,-0.272336217,0.568836867,-2.486712896,0.643857592,2.353291625,-0.578960951
1.320937509,-0.272365231,0.568836860,-2.486661366,0.643810658,2.353199744,-0.578938533
1.320508456,-0.272394345,0.568836854,-2.486609658,0.643763563,2.353107547,-0.578916035
1.320077946,-0.272423559,0.568836847,-2.486557773,0.643716307,2.353015035,-0.578893456
1.319645980,-0.272452874,0.568836841,-2.486505711,0.643668890,2.352922206,-0.578870797
1.319212555,-0.272482288,0.568836834,-2.486453471,0.643621312,2.352829061,-0.578848056
1.318777672,-0.272511803,0.568836827,-2.486401053,0.643573572,2.352735600,-0.578825235
1.318341328,-0.272541418,0.568836821,-2.486348458,0.643525671,2.352641822,-0.578802332
1.317903522,-0.272571134,0.568836814,-2.486295684,0.643477608,2.352547726,-0.578779348
1.317464254,-0.272600951,0.568836807,-2.486242732,0.643429382,2.352453314,-0.578756283
1.317023521,-0.272630868,0.568836801,-2.486189602,0.643380995,2.352358584,-0.578733137
1.316581324,-0.272660885,0.568836794,-2.486136293,0.643332446,2.352263535,-0.578709909
1.316137661,-0.272691004,0.568836787,-2.486082805,0.643283735,2.352168169,-0.578686600
1.315692531,-0.272721223,0.568836781,-2.486029139,0.643234861,2.352072484,-0.578663209
1.315245933,-0.272751544,0.568836774,-2.485975293,0.643185824,2.351976481,-0.578639736
1.314797865,-0.272781966,0.568836767,-2.485921269,0.643136625,2.351880158,-0.578616182
1.314348327,-0.272812488,0.568836760,-2.485867065,0.643087263,2.351783517,-0.578592546
1.313897318,-0.272843112,0.568836753,-2.485812682,0.643037738,2.351686556,-0.578568828
1.313444836,-0.272873838,0.568836747,-2.485758119,0.642988050,2.351589275,-0.578545027
1.312990881,-0.272904664,0.568836740,-2.485703377,0.642938199,2.351491675,-0.578521145
1.312535450,-0.272935593,0.568836733,-2.485648454,0.642888185,2.351393754,-0.578497180
1.312078545,-0.272966623,0.568836726,-2.485593352,0.642838007,2.351295512,-0.578473133
1.311620162,-0.272997754,0.568836719,-2.485538070,0.642787666,2.351196950,-0.578449003
1.311160302,-0.273028987,0.568836712,-2.485482607,0.642737161,2.351098068,-0.578424791
1.310698963,-0.273060322,0.568836705,-2.485426964,0.642686492,2.350998863,-0.578400496
1.310236144,-0.273091759,0.568836698,-2.485371141,0.642635659,2.350899338,-0.578376119
1.309771844,-0.273123298,0.568836691,-2.485315136,0.642584662,2.350799491,-0.578351659
1.309306063,-0.273154939,0.568836684,-2.485258951,0.642533501,2.350699322,-0.578327116
1.308838798,-0.273186682,0.568836677,-2.485202585,0.642482176,2.350598830,-0.578302490
1.308370050,-0.273218528,0.568836670,-2.485146038,0.642430686,2.350498017,-0.578277781
1.307899817,-0.273250475,0.568836662,-2.485089310,0.642379032,2.350396880,-0.578252989
1.307428098,-0.273282525,0.568836655,-2.485032400,0.642327213,2.350295421,-0.578228113
1.306954893,-0.273314678,0.568836648,-2.484975309,0.642275230,2.350193639,-0.578203154
1.306480199,-0.273346933,0.568836641,-2.484918036,0.642223081,2.350091534,-0.578178112
1.306004017,-0.273379290,0.568836634,-2.484860582,0.642170767,2.349989104,-0.578152986
1.305526346,-0.273411750,0.568836626,-2.484802945,0.642118289,2.349886352,-0.578127777
1.305047183,-0.273444313,0.568836619,-2.484745127,0.642065645,2.349783275,-0.578102484
1.304566529,-0.273476979,0.568836612,-2.484687126,0.642012836,2.349679873,-0.578077108
1.304084383,-0.273509748,0.568836605,-2.484628943,0.641959861,2.349576148,-0.578051647
1.303600743,-0.273542620,0.568836597,-2.484570578,0.641906721,2.349472097,-0.578026103
1.303115609,-0.273575594,0.568836590,-2.484512030,0.641853415,2.349367722,-0.578000474
1.302628979,-0.273608672,0.568836582,-2.484453300,0.641799943,2.349263022,-0.577974762
1.302140853,-0.273641853,0.568836575,-2.484394387,0.641746306,2.349157996,-0.577948965
1.301651231,-0.273675137,0.568836568,-2.484335291,0.641692502,2.349052645,-0.577923084
1.301160110,-0.273708525,0.568836560,-2.484276012,0.641638532,2.348946967,-0.577897119
1.300667490,-0.273742016,0.568836553,-2.484216549,0.641584396,2.348840964,-0.577871069
1.300173370,-0.273775611,0.568836545,-2.484156904,0.641530094,2.348734635,-0.577844935
1.299677750,-0.273809309,0.568836538,-2.484097075,0.641475625,2.348627979,-0.577818716
1.299180628,-0.273843110,0.568836530,-2.484037062,0.641420990,2.348520996,-0.577792412
1.298682004,-0.273877016,0.568836523,-2.483976866,0.641366188,2.348413687,-0.577766024
1.298181876,-0.273911025,0.568836515,-2.483916486,0.641311219,2.348306050,-0.577739551
1.297680245,-0.273945138,0.568836507,-2.483855922,0.641256084,2.348198087,-0.577712993
1.297177108,-0.273979355,0.568836500,-2.483795175,0.641200781,2.348089795,-0.577686350
1.296672466,-0.274013676,0.568836492,-2.483734243,0.641145311,2.347981176,-0.577659621
1.296166317,-0.274048100,0.568836484,-2.483673127,0.641089674,2.347872229,-0.577632808
1.295658660,-0.274082629,0.568836477,-2.483611826,0.641033870,2.347762954,-0.577605909
1.295149495,-0.274117262,0.568836469,-2.483550341,0.640977899,2.347653351,-0.577578925
1.294638821,-0.274152000,0.568836461,-2.483488672,0.640921760,2.347543419,-0.577551856
1.294126637,-0.274186841,0.568836453,-2.483426817,0.640865453,2.347433158,-0.577524701
1.293612942,-0.274221787,0.568836446,-2.483364778,0.640808979,2.347322569,-0.577497461
1.293097736,-0.274256838,0.568836438,-2.483302554,0.640752337,2.347211650,-0.577470135
1.292581017,-0.274291993,0.568836430,-2.483240145,0.640695527,2.347100402,-0.577442723
1.292062785,-0.274327252,0.568836422,-2.483177551,0.640638549,2.346988824,-0.577415225
1.291543039,-0.274362616,0.568836414,-2.483114772,0.640581403,2.346876917,-0.577387641
1.291021778,-0.274398085,0.568836406,-2.483051807,0.640524088,2.346764680,-0.577359972
1.290499002,-0.274433659,0.568836398,-2.482988657,0.640466606,2.346652113,-0.577332216
1.289974710,-0.274469337,0.568836390,-2.482925321,0.640408955,2.346539215,-0.577304374
1.289448901,-0.274505120,0.568836382,-2.482861800,0.640351136,2.346425987,-0.577276446
1.288921574,-0.274541009,0.568836374,-2.482798092,0.640293148,2.346312428,-0.577248432
1.288392729,-0.274577002,0.568836366,-2.482734199,0.640234991,2.346198539,-0.577220331
1.287862364,-0.274613100,0.568836358,-2.482670120,0.640176666,2.346084318,-0.577192144
1.287330479,-0.274649304,0.568836350,-2.482605854,0.640118172,2.345969767,-0.577163871
1.286797074,-0.274685612,0.568836342,-2.482541403,0.640059509,2.345854883,-0.577135510
1.286262147,-0.274722026,0.568836334,-2.482476765,0.640000676,2.345739669,-0.577107064
1.285725699,-0.274758545,0.568836326,-2.482411940,0.639941675,2.345624122,-0.577078530
1.285187727,-0.274795170,0.568836318,-2.482346930,0.639882505,2.345508244,-0.577049909
1.284648232,-0.274831899,0.568836309,-2.482281732,0.639823165,2.345392033,-0.577021202
1.284107212,-0.274868735,0.568836301,-2.482216348,0.639763656,2.345275490,-0.576992407
1.283564668,-0.274905676,0.568836293,-2.482150777,0.639703978,2.345158615,-0.576963526
1.283020598,-0.274942722,0.568836285,-2.482085019,0.639644130,2.345041407,-0.576934557
1.282475002,-0.274979874,0.568836276,-2.482019074,0.639584112,2.344923866,-0.576905502
1.281927879,-0.275017132,0.568836268,-2.481952942,0.639523924,2.344805993,-0.576876358
1.281379229,-0.275054496,0.568836260,-2.481886622,0.639463567,2.344687786,-0.576847128
1.280829050,-0.275091965,0.568836251,-2.481820115,0.639403040,2.344569246,-0.576817810
1.280277342,-0.275129541,0.568836243,-2.481753421,0.639342343,2.344450372,-0.576788405
1.279724105,-0.275167222,0.568836235,-2.481686540,0.639281476,2.344331165,-0.576758912
1.279169338,-0.275205009,0.568836226,-2.481619470,0.639220439,2.344211624,-0.576729331
1.278613039,-0.275242903,0.568836218,-2.481552213,0.639159231,2.344091748,-0.576699662
1.278055210,-0.275280902,0.568836209,-2.481484769,0.639097854,2.343971539,-0.576669906
1.277495848,-0.275319008,0.568836201,-2.481417136,0.639036305,2.343850996,-0.576640062
1.276934953,-0.275357220,0.568836192,-2.481349315,0.638974587,2.343730118,-0.576610130
1.276372526,-0.275395538,0.568836184,-2.481281307,0.638912698,2.343608905,-0.576580110
1.275808564,-0.275433962,0.568836175,-2.481213110,0.638850638,2.343487358,-0.576550002
1.275243068,-0.275472493,0.568836167,-2.481144725,0.638788408,2.343365475,-0.576519805
1.274676037,-0.275511130,0.568836158,-2.481076151,0.638726007,2.343243258,-0.576489521
1.274107470,-0.275549874,0.568836149,-2.481007389,0.638663435,2.343120705,-0.576459148
1.273537367,-0.275588724,0.568836141,-2.480938439,0.638600692,2.342997817,-0.576428686
1.272965727,-0.275627681,0.568836132,-2.480869300,0.638537778,2.342874593,-0.576398137
1.272392549,-0.275666744,0.568836123,-2.480799972,0.638474693,2.342751034,-0.576367498
1.271817834,-0.275705914,0.568836114,-2.480730456,0.638411437,2.342627139,-0.576336772
1.271241580,-0.275745191,0.568836106,-2.480660751,0.638348009,2.342502908,-0.576305956
1.270663788,-0.275784574,0.568836097,-2.480590856,0.638284411,2.342378341,-0.576275052
1.270084455,-0.275824065,0.568836088,-2.480520773,0.638220641,2.342253437,-0.576244059
1.269503583,-0.275863662,0.568836079,-2.480450501,0.638156699,2.342128197,-0.576212977
1.268921170,-0.275903366,0.568836070,-2.480380039,0.638092586,2.342002621,-0.576181806
1.268337215,-0.275943177,0.568836062,-2.480309388,0.638028302,2.341876708,-0.576150546
1.267751719,-0.275983095,0.568836053,-2.480238548,0.637963846,2.341750457,-0.576119197
1.267164681,-0.276023120,0.568836044,-2.480167519,0.637899218,2.341623870,-0.576087758
1.266576100,-0.276063252,0.568836035,-2.480096300,0.637834418,2.341496946,-0.576056231
1.265985976,-0.276103492,0.568836026,-2.480024891,0.637769447,2.341369685,-0.576024614
1.265394308,-0.276143839,0.568836017,-2.479953293,0.637704303,2.341242086,-0.575992908
1.264801096,-0.276184292,0.568836008,-2.479881504,0.637638988,2.341114150,-0.575961113
1.264206339,-0.276224854,0.568835999,-2.479809526,0.637573501,2.340985876,-0.575929228
1.263610038,-0.276265522,0.568835990,-2.479737359,0.637507841,2.340857264,-0.575897253
1.263012190,-0.276306298,0.568835981,-2.479665001,0.637442010,2.340728314,-0.575865189
1.262412796,-0.276347181,0.568835971,-2.479592453,0.637376006,2.340599027,-0.575833035
1.261811856,-0.276388172,0.568835962,-2.479519715,0.637309830,2.340469401,-0.575800791
1.261209369,-0.276429270,0.568835953,-2.479446787,0.637243481,2.340339437,-0.575768458
1.260605334,-0.276470476,0.568835944,-2.479373669,0.637176960,2.340209134,-0.575736034
1.259999752,-0.276511789,0.568835935,-2.479300360,0.637110267,2.340078493,-0.575703521
1.259392621,-0.276553210,0.568835926,-2.479226861,0.637043401,2.339947513,-0.575670918
1.258783941,-0.276594739,0.568835916,-2.479153171,0.636976362,2.339816194,-0.575638224
1.258173713,-0.276636376,0.568835907,-2.479079291,0.636909151,2.339684537,-0.575605440
1.257561934,-0.276678120,0.568835898,-2.479005220,0.636841767,2.339552540,-0.575572567
1.256948606,-0.276719972,0.568835888,-2.478930959,0.636774211,2.339420204,-0.575539602
1.256333727,-0.276761931,0.568835879,-2.478856506,0.636706481,2.339287530,-0.575506548
1.255717297,-0.276803999,0.568835870,-2.478781863,0.636638579,2.339154515,-0.575473403
1.255099317,-0.276846175,0.568835860,-2.478707029,0.636570503,2.339021161,-0.575440168
1.254479784,-0.276888458,0.568835851,-2.478632005,0.636502255,2.338887468,-0.575406842
1.253858700,-0.276930850,0.568835841,-2.478556789,0.636433834,2.338753435,-0.575373425
1.253236063,-0.276973350,0.568835832,-2.478481382,0.636365239,2.338619062,-0.575339918
1.252611873,-0.277015957,0.568835822,-2.478405784,0.636296471,2.338484349,-0.575306320
1.251986131,-0.277058673,0.568835813,-2.478329994,0.636227530,2.338349296,-0.575272631
1.251358835,-0.277101497,0.568835803,-2.478254014,0.636158416,2.338213903,-0.575238851
1.250729985,-0.277144429,0.568835794,-2.478177842,0.636089129,2.338078169,-0.575204981
1.250099581,-0.277187469,0.568835784,-2.478101479,0.636019668,2.337942096,-0.575171019
1.249467622,-0.277230618,0.568835775,-2.478024924,0.635950034,2.337805681,-0.575136967
1.248834109,-0.277273875,0.568835765,-2.477948178,0.635880226,2.337668927,-0.575102823
1.248199040,-0.277317240,0.568835755,-2.477871240,0.635810245,2.337531831,-0.575068588
1.247562416,-0.277360714,0.568835746,-2.477794111,0.635740090,2.337394395,-0.575034262
1.246924236,-0.277404296,0.568835736,-2.477716789,0.635669761,2.337256618,-0.574999845
1.246284500,-0.277447986,0.568835726,-2.477639277,0.635599259,2.337118500,-0.574965336
1.245643208,-0.277491785,0.568835716,-2.477561572,0.635528584,2.336980041,-0.574930736
1.245000359,-0.277535692,0.568835707,-2.477483676,0.635457734,2.336841241,-0.574896044
1.244355953,-0.277579708,0.568835697,-2.477405587,0.635386711,2.336702099,-0.574861261
1.243709989,-0.277623833,0.568835687,-2.477327307,0.635315513,2.336562617,-0.574826386
1.243062468,-0.277668066,0.568835677,-2.477248834,0.635244142,2.336422792,-0.574791420
1.242413389,-0.277712407,0.568835667,-2.477170170,0.635172597,2.336282627,-0.574756362
1.241762752,-0.277756858,0.568835657,-2.477091313,0.635100878,2.336142119,-0.574721212
1.241110557,-0.277801417,0.568835647,-2.477012265,0.635028985,2.336001270,-0.574685970
1.240456802,-0.277846084,0.568835637,-2.476933024,0.634956918,2.335860079,-0.574650636
1.239801489,-0.277890861,0.568835627,-2.476853591,0.634884677,2.335718547,-0.574615211
1.239144617,-0.277935746,0.568835617,-2.476773965,0.634812262,2.335576672,-0.574579693
1.238486185,-0.277980740,0.568835607,-2.476694147,0.634739672,2.335434455,-0.574544083
1.237826194,-0.278025843,0.568835597,-2.476614137,0.634666908,2.335291896,-0.574508382
1.237164642,-0.278071055,0.568835587,-2.476533934,0.634593970,2.335148995,-0.574472588
1.236501531,-0.278116376,0.568835577,-2.476453539,0.634520858,2.335005752,-0.574436702
1.235836859,-0.278161805,0.568835567,-2.476372951,0.634447571,2.334862167,-0.574400723
1.235170627,-0.278207344,0.568835557,-2.476292170,0.634374110,2.334718239,-0.574364652
1.234502834,-0.278252991,0.568835547,-2.476211197,0.634300475,2.334573968,-0.574328489
1.233833480,-0.278298748,0.568835536,-2.476130032,0.634226665,2.334429355,-0.574292233
1.233162564,-0.278344613,0.568835526,-2.476048673,0.634152681,2.334284399,-0.574255885
1.232490088,-0.278390588,0.568835516,-2.475967122,0.634078522,2.334139100,-0.574219444
1.231816049,-0.278436672,0.568835506,-2.475885378,0.634004188,2.333993459,-0.574182911
1.231140449,-0.278482865,0.568835495,-2.475803441,0.633929680,2.333847475,-0.574146285
1.230463287,-0.278529167,0.568835485,-2.475721311,0.633854998,2.333701148,-0.574109566
1.229784564,-0.278575578,0.568835475,-2.475638988,0.633780140,2.333554478,-0.574072754
1.229104277,-0.278622098,0.568835464,-2.475556472,0.633705108,2.333407464,-0.574035850
1.228422429,-0.278668728,0.568835454,-2.475473763,0.633629902,2.333260108,-0.573998852
1.227739017,-0.278715467,0.568835444,-2.475390861,0.633554520,2.333112409,-0.573961762
1.227054043,-0.278762315,0.568835433,-2.475307766,0.633478964,2.332964366,-0.573924578
1.226367507,-0.278809272,0.568835423,-2.475224478,0.633403233,2.332815980,-0.573887302
1.225679407,-0.278856339,0.568835412,-2.475140997,0.633327327,2.332667250,-0.573849932
1.224989744,-0.278903515,0.568835402,-2.475057322,0.633251247,2.332518177,-0.573812470
1.224298518,-0.278950800,0.568835391,-2.474973454,0.633174991,2.332368761,-0.573774914
1.223605728,-0.278998195,0.568835381,-2.474889393,0.633098561,2.332219001,-0.573737264
1.222911375,-0.279045699,0.568835370,-2.474805139,0.633021955,2.332068897,-0.573699522
1.222215459,-0.279093312,0.568835359,-2.474720691,0.632945175,2.331918450,-0.573661686
1.221517978,-0.279141035,0.568835349,-2.474636050,0.632868220,2.331767659,-0.573623756
1.220818934,-0.279188868,0.568835338,-2.474551215,0.632791089,2.331616524,-0.573585733
1.220118326,-0.279236809,0.568835327,-2.474466187,0.632713784,2.331465045,-0.573547617
1.219416154,-0.279284861,0.568835317,-2.474380966,0.632636303,2.331313222,-0.573509407
1.218712418,-0.279333022,0.568835306,-2.474295551,0.632558648,2.331161056,-0.573471103
1.218007118,-0.279381292,0.568835295,-2.474209943,0.632480817,2.331008545,-0.573432705
1.217300253,-0.279429672,0.568835284,-2.474124141,0.632402811,2.330855691,-0.573394214
1.216591825,-0.279478162,0.568835274,-2.474038145,0.632324630,2.330702492,-0.573355629
1.215881832,-0.279526761,0.568835263,-2.473951956,0.632246274,2.330548950,-0.573316950
1.215170274,-0.279575470,0.568835252,-2.473865573,0.632167743,2.330395063,-0.573278178
1.214457152,-0.279624288,0.568835241,-2.473778996,0.632089036,2.330240832,-0.573239311
1.213742466,-0.279673216,0.568835230,-2.473692226,0.632010155,2.330086256,-0.573200350
1.213026215,-0.279722254,0.568835219,-2.473605262,0.631931098,2.329931337,-0.573161296
1.212308400,-0.279771401,0.568835208,-2.473518104,0.631851865,2.329776073,-0.573122147
1.211589020,-0.279820658,0.568835197,-2.473430753,0.631772458,2.329620465,-0.573082904
1.210868075,-0.279870025,0.568835186,-2.473343207,0.631692875,2.329464512,-0.573043566
1.210145566,-0.279919501,0.568835175,-2.473255468,0.631613117,2.329308215,-0.573004135
1.209421492,-0.279969087,0.568835164,-2.473167535,0.631533183,2.329151573,-0.572964609
1.208695854,-0.280018783,0.568835153,-2.473079408,0.631453075,2.328994587,-0.572924989
1.207968651,-0.280068589,0.568835142,-2.472991088,0.631372790,2.328837256,-0.572885275
1.207239883,-0.280118504,0.568835131,-2.472902573,0.631292331,2.328679581,-0.572845466
1.206509551,-0.280168530,0.568835120,-2.472813864,0.631211696,2.328521561,-0.572805562
1.205777654,-0.280218665,0.568835109,-2.472724962,0.631130886,2.328363197,-0.572765564
1.205044192,-0.280268909,0.568835098,-2.472635866,0.631049900,2.328204488,-0.572725472
1.204309166,-0.280319264,0.568835086,-2.472546575,0.630968739,2.328045434,-0.572685285
1.203572576,-0.280369729,0.568835075,-2.472457091,0.630887402,2.327886036,-0.572645003
1.202834421,-0.280420303,0.568835064,-2.472367412,0.630805890,2.327726292,-0.572604626
1.202094701,-0.280470987,0.568835053,-2.472277540,0.630724203,2.327566204,-0.572564155
1.201353417,-0.280521781,0.568835041,-2.472187473,0.630642340,2.327405772,-0.572523589
1.200610569,-0.280572685,0.568835030,-2.472097213,0.630560302,2.327244994,-0.572482928
1.199866157,-0.280623699,0.568835019,-2.472006758,0.630478088,2.327083872,-0.572442172
1.199120180,-0.280674823,0.568835007,-2.471916110,0.630395698,2.326922405,-0.572401321
1.198372639,-0.280726057,0.568834996,-2.471825267,0.630313134,2.326760593,-0.572360375
1.197623534,-0.280777400,0.568834984,-2.471734230,0.630230393,2.326598436,-0.572319334
1.196872865,-0.280828854,0.568834973,-2.471642999,0.630147478,2.326435934,-0.572278198
1.196120633,-0.280880417,0.568834961,-2.471551574,0.630064386,2.326273087,-0.572236967
1.195366836,-0.280932091,0.568834950,-2.471459955,0.629981119,2.326109895,-0.572195641
1.194611476,-0.280983874,0.568834938,-2.471368141,0.629897677,2.325946359,-0.572154219
1.193854552,-0.281035767,0.568834927,-2.471276134,0.629814059,2.325782477,-0.572112703
1.193096065,-0.281087771,0.568834915,-2.471183932,0.629730266,2.325618251,-0.572071091
1.192336014,-0.281139884,0.568834904,-2.471091536,0.629646297,2.325453680,-0.572029383
1.191574400,-0.281192107,0.568834892,-2.470998946,0.629562153,2.325288763,-0.571987580
1.190811223,-0.281244441,0.568834880,-2.470906162,0.629477833,2.325123502,-0.571945682
1.190046483,-0.281296884,0.568834869,-2.470813183,0.629393337,2.324957896,-0.571903688
1.189280180,-0.281349437,0.568834857,-2.470720011,0.629308666,2.324791944,-0.571861599
1.188512314,-0.281402100,0.568834845,-2.470626644,0.629223820,2.324625648,-0.571819414
1.187742886,-0.281454874,0.568834833,-2.470533083,0.629138798,2.324459007,-0.571777134
1.186971895,-0.281507757,0.568834822,-2.470439327,0.629053600,2.324292020,-0.571734758
1.186199342,-0.281560750,0.568834810,-2.470345378,0.628968227,2.324124689,-0.571692286
1.185425227,-0.281613853,0.568834798,-2.470251234,0.628882679,2.323957013,-0.571649718
1.184649550,-0.281667067,0.568834786,-2.470156896,0.628796955,2.323788992,-0.571607055
1.183872311,-0.281720390,0.568834774,-2.470062364,0.628711055,2.323620625,-0.571564296
1.183093510,-0.281773823,0.568834762,-2.469967638,0.628624980,2.323451914,-0.571521441
1.182313148,-0.281827367,0.568834751,-2.469872717,0.628538730,2.323282858,-0.571478490
1.181531225,-0.281881020,0.568834739,-2.469777603,0.628452304,2.323113457,-0.571435443
1.180747741,-0.281934784,0.568834727,-2.469682294,0.628365702,2.322943711,-0.571392300
1.179962695,-0.281988657,0.568834715,-2.469586790,0.628278925,2.322773619,-0.571349061
1.179176090,-0.282042641,0.568834703,-2.469491093,0.628191973,2.322603183,-0.571305726
1.178387923,-0.282096734,0.568834691,-2.469395201,0.628104845,2.322432402,-0.571262295
1.177598197,-0.282150938,0.568834679,-2.469299115,0.628017541,2.322261277,-0.571218768
1.176806910,-0.282205252,0.568834666,-2.469202835,0.627930063,2.322089806,-0.571175145
1.176014064,-0.282259675,0.568834654,-2.469106361,0.627842408,2.321917990,-0.571131426
1.175219658,-0.282314209,0.568834642,-2.469009693,0.627754579,2.321745829,-0.571087610
1.174423693,-0.282368853,0.568834630,-2.468912830,0.627666574,2.321573324,-0.571043698
1.173626169,-0.282423607,0.568834618,-2.468815774,0.627578393,2.321400474,-0.570999689
1.172827086,-0.282478471,0.568834606,-2.468718523,0.627490037,2.321227278,-0.570955585
1.172026444,-0.282533444,0.568834593,-2.468621077,0.627401506,2.321053738,-0.570911383
1.171224244,-0.282588528,0.568834581,-2.468523438,0.627312799,2.320879854,-0.570867086
1.170420485,-0.282643722,0.568834569,-2.468425605,0.627223917,2.320705624,-0.570822692
1.169615169,-0.282699026,0.568834557,-2.468327577,0.627134860,2.320531050,-0.570778201
1.168808296,-0.282754440,0.568834544,-2.468229356,0.627045628,2.320356131,-0.570733614
1.167999865,-0.282809964,0.568834532,-2.468130940,0.626956220,2.320180867,-0.570688930
1.167189877,-0.282865598,0.568834519,-2.468032330,0.626866636,2.320005259,-0.570644150
1.166378332,-0.282921342,0.568834507,-2.467933526,0.626776878,2.319829306,-0.570599272
1.165565231,-0.282977196,0.568834495,-2.467834528,0.626686944,2.319653008,-0.570554299
1.164750574,-0.283033160,0.568834482,-2.467735336,0.626596835,2.319476366,-0.570509228
1.163934361,-0.283089234,0.568834470,-2.467635950,0.626506551,2.319299379,-0.570464061
1.163116593,-0.283145418,0.568834457,-2.467536370,0.626416091,2.319122048,-0.570418797
1.162297269,-0.283201712,0.568834445,-2.467436596,0.626325457,2.318944372,-0.570373436
1.161476390,-0.283258116,0.568834432,-2.467336627,0.626234647,2.318766352,-0.570327978
1.160653957,-0.283314630,0.568834420,-2.467236465,0.626143662,2.318587987,-0.570282423
1.159829969,-0.283371254,0.568834407,-2.467136109,0.626052502,2.318409278,-0.570236771
1.159004428,-0.283427987,0.568834394,-2.467035559,0.625961167,2.318230224,-0.570191023
1.158177333,-0.283484831,0.568834382,-2.466934815,0.625869657,2.318050826,-0.570145177
1.157348685,-0.283541785,0.568834369,-2.466833877,0.625777971,2.317871084,-0.570099234
1.156518483,-0.283598849,0.568834356,-2.466732745,0.625686111,2.317690998,-0.570053194
1.155686729,-0.283656022,0.568834344,-2.466631420,0.625594076,2.317510567,-0.570007057
1.154853423,-0.283713306,0.568834331,-2.466529900,0.625501865,2.317329792,-0.569960823
1.154018566,-0.283770699,0.568834318,-2.466428187,0.625409480,2.317148673,-0.569914492
1.153182156,-0.283828202,0.568834305,-2.466326280,0.625316920,2.316967210,-0.569868063
1.152344196,-0.283885815,0.568834292,-2.466224179,0.625224184,2.316785403,-0.569821537
1.151504685,-0.283943538,0.568834280,-2.466121884,0.625131274,2.316603252,-0.569774914
1.150663623,-0.284001371,0.568834267,-2.466019395,0.625038189,2.316420757,-0.569728193
1.149821012,-0.284059314,0.568834254,-2.465916713,0.624944930,2.316237918,-0.569681376
1.148976850,-0.284117366,0.568834241,-2.465813837,0.624851495,2.316054736,-0.569634460
1.148131140,-0.284175529,0.568834228,-2.465710767,0.624757886,2.315871209,-0.569587448
1.147283881,-0.284233801,0.568834215,-2.465607504,0.624664101,2.315687339,-0.569540338
1.146435074,-0.284292183,0.568834202,-2.465504047,0.624570143,2.315503125,-0.569493130
1.145584718,-0.284350675,0.568834189,-2.465400397,0.624476009,2.315318567,-0.569445825
1.144732815,-0.284409276,0.568834176,-2.465296553,0.624381701,2.315133666,-0.569398422
1.143879365,-0.284467988,0.568834163,-2.465192515,0.624287218,2.314948421,-0.569350922
1.143024368,-0.284526809,0.568834150,-2.465088284,0.624192560,2.314762833,-0.569303324
1.142167825,-0.284585740,0.568834137,-2.464983860,0.624097728,2.314576901,-0.569255629
1.141309736,-0.284644780,0.568834124,-2.464879242,0.624002722,2.314390626,-0.569207836
1.140450102,-0.284703931,0.568834110,-2.464774430,0.623907541,2.314204008,-0.569159945
1.139588922,-0.284763191,0.568834097,-2.464669425,0.623812185,2.314017046,-0.569111957
1.138726199,-0.284822560,0.568834084,-2.464564227,0.623716655,2.313829741,-0.569063870
1.137861931,-0.284882040,0.568834071,-2.464458836,0.623620951,2.313642093,-0.569015686
1.136996119,-0.284941629,0.568834058,-2.464353251,0.623525072,2.313454102,-0.568967404
1.136128764,-0.285001327,0.568834044,-2.464247473,0.623429019,2.313265768,-0.568919024
1.135259867,-0.285061135,0.568834031,-2.464141501,0.623332791,2.313077091,-0.568870547
1.134389428,-0.285121053,0.568834018,-2.464035337,0.623236390,2.312888071,-0.568821971
1.133517446,-0.285181081,0.568834004,-2.463928979,0.623139814,2.312698709,-0.568773298
1.132643924,-0.285241218,0.568833991,-2.463822428,0.623043063,2.312509003,-0.568724526
1.131768861,-0.285301464,0.568833978,-2.463715684,0.622946139,2.312318955,-0.568675657
1.130892257,-0.285361820,0.568833964,-2.463608747,0.622849041,2.312128564,-0.568626690
1.130014114,-0.285422286,0.568833951,-2.463501617,0.622751768,2.311937831,-0.568577624
1.129134431,-0.285482861,0.568833937,-2.463394294,0.622654322,2.311746756,-0.568528460
1.128253210,-0.285543546,0.568833924,-2.463286779,0.622556701,2.311555338,-0.568479199
1.127370451,-0.285604340,0.568833910,-2.463179070,0.622458907,2.311363577,-0.568429839
1.126486154,-0.285665243,0.568833897,-2.463071168,0.622360938,2.311171475,-0.568380381
1.125600319,-0.285726256,0.568833883,-2.462963074,0.622262796,2.310979030,-0.568330825
1.124712948,-0.285787378,0.568833870,-2.462854786,0.622164480,2.310786243,-0.568281171
1.123824041,-0.285848610,0.568833856,-2.462746306,0.622065990,2.310593114,-0.568231418
1.122933598,-0.285909951,0.568833842,-2.462637634,0.621967327,2.310399643,-0.568181567
1.122041620,-0.285971401,0.568833829,-2.462528768,0.621868489,2.310205831,-0.568131618
1.121148108,-0.286032961,0.568833815,-2.462419710,0.621769478,2.310011676,-0.568081571
1.120253062,-0.286094630,0.568833801,-2.462310460,0.621670294,2.309817180,-0.568031425
1.119356482,-0.286156408,0.568833788,-2.462201016,0.621570936,2.309622342,-0.567981181
1.118458370,-0.286218296,0.568833774,-2.462091381,0.621471404,2.309427163,-0.567930838
1.117558725,-0.286280292,0.568833760,-2.461981553,0.621371699,2.309231642,-0.567880398
1.116657548,-0.286342398,0.568833746,-2.461871532,0.621271820,2.309035780,-0.567829858
1.115754841,-0.286404613,0.568833732,-2.461761319,0.621171768,2.308839577,-0.567779220
1.114850602,-0.286466938,0.568833718,-2.461650914,0.621071543,2.308643033,-0.567728484
1.113944834,-0.286529371,0.568833705,-2.461540317,0.620971144,2.308446147,-0.567677649
1.113037537,-0.286591913,0.568833691,-2.461429527,0.620870572,2.308248920,-0.567626716
1.112128710,-0.286654565,0.568833677,-2.461318546,0.620769827,2.308051353,-0.567575684
1.111218356,-0.286717326,0.568833663,-2.461207372,0.620668909,2.307853445,-0.567524554
1.110306474,-0.286780195,0.568833649,-2.461096006,0.620567818,2.307655196,-0.567473324
1.109393064,-0.286843174,0.568833635,-2.460984448,0.620466553,2.307456606,-0.567421997
1.108478129,-0.286906262,0.568833621,-2.460872698,0.620365116,2.307257676,-0.567370570
1.107561668,-0.286969458,0.568833607,-2.460760756,0.620263506,2.307058405,-0.567319045
1.106643681,-0.287032764,0.568833593,-2.460648622,0.620161723,2.306858794,-0.567267422
1.105724170,-0.287096179,0.568833579,-2.460536297,0.620059767,2.306658843,-0.567215699
1.104803136,-0.287159702,0.568833564,-2.460423780,0.619957638,2.306458552,-0.567163878
1.103880578,-0.287223334,0.568833550,-2.460311070,0.619855337,2.306257920,-0.567111958
1.102956497,-0.287287075,0.568833536,-2.460198170,0.619752862,2.306056949,-0.567059939
1.102030895,-0.287350925,0.568833522,-2.460085078,0.619650216,2.305855638,-0.567007822
1.101103771,-0.287414884,0.568833508,-2.459971794,0.619547396,2.305653987,-0.566955605
1.100175126,-0.287478951,0.568833494,-2.459858318,0.619444404,2.305451996,-0.566903290
1.099244962,-0.287543127,0.568833479,-2.459744652,0.619341240,2.305249666,-0.566850876
1.098313278,-0.287607412,0.568833465,-2.459630794,0.619237903,2.305046996,-0.566798363
1.097380076,-0.287671805,0.568833451,-2.459516744,0.619134394,2.304843987,-0.566745751
1.096445355,-0.287736307,0.568833436,-2.459402503,0.619030713,2.304640639,-0.566693040
1.095509117,-0.287800918,0.568833422,-2.459288071,0.618926860,2.304436952,-0.566640230
1.094571363,-0.287865637,0.568833408,-2.459173448,0.618822834,2.304232926,-0.566587322
1.093632093,-0.287930465,0.568833393,-2.459058634,0.618718636,2.304028560,-0.566534314
1.092691307,-0.287995401,0.568833379,-2.458943629,0.618614266,2.303823856,-0.566481207
1.091749007,-0.288060446,0.568833364,-2.458828433,0.618509724,2.303618814,-0.566428001
1.090805193,-0.288125599,0.568833350,-2.458713046,0.618405011,2.303413433,-0.566374696
1.089859866,-0.288190861,0.568833335,-2.458597468,0.618300125,2.303207713,-0.566321292
1.088913026,-0.288256231,0.568833321,-2.458481699,0.618195067,2.303001655,-0.566267789
1.087964675,-0.288321709,0.568833306,-2.458365739,0.618089838,2.302795259,-0.566214187
1.087014813,-0.288387296,0.568833292,-2.458249589,0.617984437,2.302588525,-0.566160486
1.086063440,-0.288452991,0.568833277,-2.458133248,0.617878865,2.302381452,-0.566106686
1.085110558,-0.288518794,0.568833262,-2.458016717,0.617773121,2.302174042,-0.566052786
1.084156167,-0.288584705,0.568833248,-2.457899995,0.617667205,2.301966294,-0.565998787
1.083200268,-0.288650725,0.568833233,-2.457783083,0.617561118,2.301758209,-0.565944689
1.082242862,-0.288716853,0.568833218,-2.457665980,0.617454860,2.301549786,-0.565890492
1.081283949,-0.288783089,0.568833204,-2.457548688,0.617348431,2.301341026,-0.565836196
1.080323530,-0.288849433,0.568833189,-2.457431205,0.617241830,2.301131928,-0.565781800
1.079361606,-0.288915885,0.568833174,-2.457313531,0.617135058,2.300922493,-0.565727305
1.078398178,-0.288982445,0.568833159,-2.457195668,0.617028115,2.300712721,-0.565672711
1.077433246,-0.289049113,0.568833145,-2.457077615,0.616921001,2.300502613,-0.565618017
1.076466811,-0.289115888,0.568833130,-2.456959371,0.616813716,2.300292167,-0.565563225
1.075498875,-0.289182772,0.568833115,-2.456840938,0.616706260,2.300081385,-0.565508332
1.074529437,-0.289249764,0.568833100,-2.456722315,0.616598633,2.299870267,-0.565453341
1.073558498,-0.289316863,0.568833085,-2.456603503,0.616490835,2.299658812,-0.565398250
1.072586060,-0.289384071,0.568833070,-2.456484500,0.616382867,2.299447021,-0.565343060
1.071612123,-0.289451386,0.568833055,-2.456365308,0.616274728,2.299234893,-0.565287770
1.070636688,-0.289518809,0.568833040,-2.456245927,0.616166419,2.299022430,-0.565232381
1.069659756,-0.289586339,0.568833025,-2.456126356,0.616057939,2.298809631,-0.565176892
1.068681327,-0.289653977,0.568833010,-2.456006595,0.615949289,2.298596496,-0.565121305
1.067701402,-0.289721723,0.568832995,-2.455886646,0.615840468,2.298383026,-0.565065617
1.066719983,-0.289789576,0.568832980,-2.455766507,0.615731477,2.298169220,-0.565009830
1.065737069,-0.289857537,0.568832965,-2.455646179,0.615622316,2.297955079,-0.564953944
1.064752663,-0.289925605,0.568832950,-2.455525662,0.615512985,2.297740603,-0.564897958
1.063766763,-0.289993781,0.568832935,-2.455404956,0.615403484,2.297525791,-0.564841872
1.062779373,-0.290062064,0.568832920,-2.455284060,0.615293813,2.297310645,-0.564785688
1.061790491,-0.290130455,0.568832904,-2.455162976,0.615183972,2.297095164,-0.564729403
1.060800120,-0.290198953,0.568832889,-2.455041704,0.615073961,2.296879349,-0.564673019
1.059808259,-0.290267558,0.568832874,-2.454920242,0.614963780,2.296663199,-0.564616535
1.058814911,-0.290336271,0.568832859,-2.454798592,0.614853430,2.296446715,-0.564559952
1.057820075,-0.290405090,0.568832843,-2.454676753,0.614742910,2.296229896,-0.564503269
1.056823752,-0.290474017,0.568832828,-2.454554726,0.614632221,2.296012744,-0.564446487
1.055825944,-0.290543051,0.568832813,-2.454432511,0.614521362,2.295795257,-0.564389605
1.054826651,-0.290612192,0.568832798,-2.454310107,0.614410334,2.295577437,-0.564332623
1.053825874,-0.290681440,0.568832782,-2.454187515,0.614299136,2.295359283,-0.564275542
1.052823614,-0.290750795,0.568832767,-2.454064734,0.614187770,2.295140796,-0.564218361
1.051819872,-0.290820257,0.568832751,-2.453941766,0.614076234,2.294921976,-0.564161080
1.050814649,-0.290889826,0.568832736,-2.453818610,0.613964529,2.294702822,-0.564103700
1.049807945,-0.290959502,0.568832720,-2.453695265,0.613852656,2.294483336,-0.564046220
1.048799762,-0.291029285,0.568832705,-2.453571733,0.613740613,2.294263516,-0.563988640
1.047790100,-0.291099174,0.568832689,-2.453448013,0.613628402,2.294043364,-0.563930961
1.046778960,-0.291169170,0.568832674,-2.453324106,0.613516022,2.293822880,-0.563873182
1.045766344,-0.291239273,0.568832658,-2.453200011,0.613403473,2.293602063,-0.563815303
1.044752252,-0.291309483,0.568832643,-2.453075728,0.613290756,2.293380913,-0.563757324
1.043736685,-0.291379799,0.568832627,-2.452951258,0.613177870,2.293159432,-0.563699245
1.042719643,-0.291450221,0.568832611,-2.452826601,0.613064816,2.292937619,-0.563641067
1.041701129,-0.291520751,0.568832596,-2.452701756,0.612951593,2.292715474,-0.563582789
1.040681142,-0.291591386,0.568832580,-2.452576725,0.612838203,2.292492998,-0.563524411
1.039659684,-0.291662128,0.568832564,-2.452451506,0.612724644,2.292270190,-0.563465934
1.038636756,-0.291732977,0.568832549,-2.452326100,0.612610917,2.292047051,-0.563407357
1.037612358,-0.291803932,0.568832533,-2.452200507,0.612497022,2.291823580,-0.563348679
1.036586492,-0.291874993,0.568832517,-2.452074728,0.612382960,2.291599779,-0.563289902
1.035559159,-0.291946160,0.568832501,-2.451948761,0.612268729,2.291375647,-0.563231025
1.034530358,-0.292017434,0.568832486,-2.451822609,0.612154331,2.291151185,-0.563172049
1.033500093,-0.292088813,0.568832470,-2.451696269,0.612039766,2.290926392,-0.563112972
1.032468362,-0.292160299,0.568832454,-2.451569743,0.611925032,2.290701268,-0.563053796
1.031435168,-0.292231891,0.568832438,-2.451443031,0.611810132,2.290475815,-0.562994519
1.030400511,-0.292303588,0.568832422,-2.451316133,0.611695064,2.290250032,-0.562935143
1.029364392,-0.292375392,0.568832406,-2.451189048,0.611579829,2.290023919,-0.562875667
1.028326813,-0.292447302,0.568832390,-2.451061777,0.611464426,2.289797476,-0.562816091
1.027287774,-0.292519317,0.568832374,-2.450934321,0.611348857,2.289570704,-0.562756415
1.026247276,-0.292591439,0.568832358,-2.450806678,0.611233120,2.289343602,-0.562696639
1.025205320,-0.292663666,0.568832342,-2.450678850,0.611117217,2.289116172,-0.562636764
1.024161907,-0.292735998,0.568832326,-2.450550836,0.611001147,2.288888413,-0.562576788
1.023117039,-0.292808437,0.568832310,-2.450422636,0.610884910,2.288660324,-0.562516712
1.022070715,-0.292880981,0.568832294,-2.450294251,0.610768507,2.288431908,-0.562456537
1.021022938,-0.292953630,0.568832278,-2.450165680,0.610651937,2.288203163,-0.562396261
1.019973708,-0.293026385,0.568832262,-2.450036924,0.610535200,2.287974089,-0.562335886
1.018923026,-0.293099246,0.568832245,-2.449907983,0.610418298,2.287744688,-0.562275410
1.017870894,-0.293172211,0.568832229,-2.449778856,0.610301229,2.287514959,-0.562214835
1.016817311,-0.293245283,0.568832213,-2.449649545,0.610183993,2.287284902,-0.562154160
1.015762280,-0.293318459,0.568832197,-2.449520049,0.610066592,2.287054518,-0.562093384
1.014705801,-0.293391741,0.568832181,-2.449390368,0.609949025,2.286823806,-0.562032509
1.013647876,-0.293465128,0.568832164,-2.449260502,0.609831292,2.286592768,-0.561971534
1.012588505,-0.293538620,0.568832148,-2.449130451,0.609713393,2.286361402,-0.561910459
1.011527689,-0.293612217,0.568832132,-2.449000216,0.609595329,2.286129709,-0.561849283
1.010465430,-0.293685919,0.568832115,-2.448869797,0.609477099,2.285897690,-0.561788008
1.009401728,-0.293759726,0.568832099,-2.448739193,0.609358704,2.285665345,-0.561726633
1.008336585,-0.293833638,0.568832082,-2.448608405,0.609240143,2.285432673,-0.561665158
1.007270002,-0.293907655,0.568832066,-2.448477432,0.609121417,2.285199676,-0.561603582
1.006201979,-0.293981776,0.568832050,-2.448346276,0.609002526,2.284966352,-0.561541907
1.005132518,-0.294056003,0.568832033,-2.448214936,0.608883469,2.284732703,-0.561480132
1.004061620,-0.294130334,0.568832017,-2.448083412,0.608764248,2.284498728,-0.561418256
1.002989285,-0.294204770,0.568832000,-2.447951704,0.608644862,2.284264429,-0.561356281
1.001915516,-0.294279310,0.568831984,-2.447819813,0.608525311,2.284029804,-0.561294206
1.000840313,-0.294353955,0.568831967,-2.447687738,0.608405595,2.283794854,-0.561232030
0.999763677,-0.294428704,0.568831950,-2.447555480,0.608285715,2.283559579,-0.561169755
0.998685609,-0.294503558,0.568831934,-2.447423038,0.608165671,2.283323981,-0.561107379
0.997606110,-0.294578516,0.568831917,-2.447290413,0.608045462,2.283088057,-0.561044903
0.996525182,-0.294653578,0.568831901,-2.447157605,0.607925088,2.282851810,-0.560982328
0.995442826,-0.294728745,0.568831884,-2.447024614,0.607804551,2.282615239,-0.560919652
0.994359042,-0.294804016,0.568831867,-2.446891441,0.607683849,2.282378344,-0.560856876
0.993273832,-0.294879391,0.568831851,-2.446758084,0.607562984,2.282141125,-0.560794001
0.992187196,-0.294954870,0.568831834,-2.446624545,0.607441955,2.281903584,-0.560731025
0.991099137,-0.295030453,0.568831817,-2.446490823,0.607320762,2.281665719,-0.560667949
0.990009655,-0.295106140,0.568831800,-2.446356919,0.607199405,2.281427531,-0.560604773
0.988918751,-0.295181931,0.568831783,-2.446222833,0.607077885,2.281189020,-0.560541497
0.987826426,-0.295257825,0.568831767,-2.446088564,0.606956201,2.280950187,-0.560478121
0.986732682,-0.295333824,0.568831750,-2.445954113,0.606834355,2.280711032,-0.560414644
0.985637520,-0.295409926,0.568831733,-2.445819480,0.606712344,2.280471555,-0.560351068
0.984540940,-0.295486132,0.568831716,-2.445684666,0.606590171,2.280231756,-0.560287392
0.983442944,-0.295562441,0.568831699,-2.445549669,0.606467835,2.279991635,-0.560223616
0.982343534,-0.295638854,0.568831682,-2.445414491,0.606345336,2.279751192,-0.560159739
0.981242710,-0.295715371,0.568831665,-2.445279131,0.606222674,2.279510428,-0.560095763
0.980140473,-0.295791991,0.568831648,-2.445143590,0.606099850,2.279269344,-0.560031686
0.979036824,-0.295868714,0.568831631,-2.445007868,0.605976863,2.279027938,-0.559967509
0.977931766,-0.295945540,0.568831614,-2.444871964,0.605853713,2.278786212,-0.559903233
0.976825298,-0.296022470,0.568831597,-2.444735879,0.605730401,2.278544165,-0.559838856
0.975717422,-0.296099503,0.568831580,-2.444599613,0.605606927,2.278301798,-0.559774379
0.974608140,-0.296176639,0.568831563,-2.444463167,0.605483291,2.278059111,-0.559709802
0.973497452,-0.296253878,0.568831546,-2.444326539,0.605359493,2.277816104,-0.559645125
0.972385360,-0.296331220,0.568831529,-2.444189731,0.605235533,2.277572778,-0.559580348
0.971271864,-0.296408665,0.568831511,-2.444052743,0.605111411,2.277329132,-0.559515471
0.970156967,-0.296486213,0.568831494,-2.443915574,0.604987128,2.277085168,-0.559450494
0.969040668,-0.296563864,0.568831477,-2.443778225,0.604862683,2.276840884,-0.559385417
0.967922970,-0.296641617,0.568831460,-2.443640696,0.604738076,2.276596281,-0.559320240
0.966803874,-0.296719473,0.568831442,-2.443502986,0.604613309,2.276351360,-0.559254962
0.965683381,-0.296797431,0.568831425,-2.443365097,0.604488380,2.276106121,-0.559189585
0.964561491,-0.296875493,0.568831408,-2.443227028,0.604363289,2.275860564,-0.559124108
0.963438207,-0.296953656,0.568831391,-2.443088779,0.604238038,2.275614688,-0.559058530
0.962313530,-0.297031922,0.568831373,-2.442950351,0.604112627,2.275368495,-0.558992853
0.961187460,-0.297110290,0.568831356,-2.442811743,0.603987054,2.275121985,-0.558927075
0.960059998,-0.297188761,0.568831338,-2.442672956,0.603861321,2.274875158,-0.558861198
0.958931148,-0.297267334,0.568831321,-2.442533990,0.603735427,2.274628013,-0.558795220
0.957800908,-0.297346009,0.568831304,-2.442394844,0.603609373,2.274380552,-0.558729142
0.956669281,-0.297424786,0.568831286,-2.442255520,0.603483158,2.274132775,-0.558662965
0.955536268,-0.297503665,0.568831269,-2.442116017,0.603356784,2.273884681,-0.558596687
0.954401870,-0.297582646,0.568831251,-2.441976335,0.603230249,2.273636271,-0.558530309
0.953266089,-0.297661728,0.568831234,-2.441836474,0.603103555,2.273387545,-0.558463831
0.952128925,-0.297740913,0.568831216,-2.441696436,0.602976700,2.273138504,-0.558397254
0.950990380,-0.297820199,0.568831199,-2.441556218,0.602849686,2.272889147,-0.558330576
0.949850455,-0.297899588,0.568831181,-2.441415823,0.602722513,2.272639475,-0.558263798
0.948709152,-0.297979077,0.568831163,-2.441275249,0.602595180,2.272389488,-0.558196920
0.947566471,-0.298058668,0.568831146,-2.441134498,0.602467688,2.272139187,-0.558129943
0.946422414,-0.298138361,0.568831128,-2.440993569,0.602340036,2.271888571,-0.558062865
0.945276983,-0.298218155,0.568831110,-2.440852462,0.602212226,2.271637640,-0.557995687
0.944130178,-0.298298050,0.568831093,-2.440711177,0.602084256,2.271386396,-0.557928409
0.942982001,-0.298378047,0.568831075,-2.440569715,0.601956128,2.271134838,-0.557861032
0.941832453,-0.298458145,0.568831057,-2.440428076,0.601827841,2.270882967,-0.557793554
0.940681535,-0.298538344,0.568831039,-2.440286260,0.601699395,2.270630782,-0.557725976
0.939529249,-0.298618644,0.568831022,-2.440144266,0.601570791,2.270378284,-0.557658299
0.938375596,-0.298699045,0.568831004,-2.440002096,0.601442029,2.270125474,-0.557590521
0.937220577,-0.298779547,0.568830986,-2.439859748,0.601313109,2.269872351,-0.557522644
0.936064194,-0.298860150,0.568830968,-2.439717225,0.601184030,2.269618915,-0.557454666
0.934906448,-0.298940853,0.568830950,-2.439574524,0.601054793,2.269365168,-0.557386589
0.933747340,-0.299021657,0.568830932,-2.439431647,0.600925399,2.269111109,-0.557318412
0.932586872,-0.299102562,0.568830914,-2.439288594,0.600795847,2.268856738,-0.557250134
0.931425044,-0.299183567,0.568830896,-2.439145365,0.600666137,2.268602055,-0.557181757
0.930261858,-0.299264673,0.568830878,-2.439001960,0.600536270,2.268347062,-0.557113280
0.929097317,-0.299345880,0.568830860,-2.438858379,0.600406246,2.268091757,-0.557044703
0.927931419,-0.299427186,0.568830842,-2.438714622,0.600276064,2.267836142,-0.556976027
0.926764169,-0.299508593,0.568830824,-2.438570689,0.600145725,2.267580217,-0.556907250
0.925595565,-0.299590100,0.568830806,-2.438426581,0.600015230,2.267323982,-0.556838373
0.924425611,-0.299671707,0.568830788,-2.438282298,0.599884577,2.267067436,-0.556769397
0.923254306,-0.299753415,0.568830770,-2.438137840,0.599753768,2.266810581,-0.556700321
0.922081654,-0.299835222,0.568830752,-2.437993206,0.599622803,2.266553417,-0.556631144
0.920907654,-0.299917129,0.568830734,-2.437848398,0.599491681,2.266295943,-0.556561869
0.919732308,-0.299999136,0.568830716,-2.437703415,0.599360402,2.266038161,-0.556492493
0.918555618,-0.300081243,0.568830698,-2.437558257,0.599228968,2.265780070,-0.556423017
0.917377586,-0.300163449,0.568830679,-2.437412924,0.599097377,2.265521670,-0.556353442
0.916198211,-0.300245755,0.568830661,-2.437267418,0.598965631,2.265262962,-0.556283766
0.915017496,-0.300328161,0.568830643,-2.437121737,0.598833729,2.265003947,-0.556213991
0.913835443,-0.300410666,0.568830625,-2.436975881,0.598701671,2.264744624,-0.556144116
0.912652051,-0.300493270,0.568830606,-2.436829852,0.598569458,2.264484993,-0.556074142
0.911467324,-0.300575974,0.568830588,-2.436683650,0.598437089,2.264225055,-0.556004067
0.910281262,-0.300658777,0.568830570,-2.436537273,0.598304565,2.263964811,-0.555933893
0.909093867,-0.300741679,0.568830551,-2.436390723,0.598171886,2.263704259,-0.555863619
0.907905139,-0.300824680,0.568830533,-2.436243999,0.598039053,2.263443402,-0.555793246
0.906715082,-0.300907780,0.568830514,-2.436097103,0.597906064,2.263182238,-0.555722772
0.905523694,-0.300990979,0.568830496,-2.435950033,0.597772921,2.262920768,-0.555652199
0.904330980,-0.301074277,0.568830478,-2.435802790,0.597639623,2.262658993,-0.555581526
0.903136939,-0.301157673,0.568830459,-2.435655374,0.597506170,2.262396913,-0.555510754
0.901941573,-0.301241169,0.568830441,-2.435507786,0.597372564,2.262134527,-0.555439882
0.900744883,-0.301324763,0.568830422,-2.435360025,0.597238803,2.261871837,-0.555368910
0.899546871,-0.301408455,0.568830404,-2.435212092,0.597104888,2.261608842,-0.555297838
0.898347539,-0.301492246,0.568830385,-2.435063986,0.596970820,2.261345543,-0.555226667
0.897146888,-0.301576135,0.568830367,-2.434915709,0.596836597,2.261081940,-0.555155396
0.895944918,-0.301660123,0.568830348,-2.434767259,0.596702221,2.260818033,-0.555084026
0.894741632,-0.301744209,0.568830329,-2.434618637,0.596567692,2.260553822,-0.555012556
0.893537032,-0.301828393,0.568830311,-2.434469844,0.596433009,2.260289309,-0.554940986
0.892331117,-0.301912675,0.568830292,-2.434320880,0.596298174,2.260024492,-0.554869317
0.891123891,-0.301997055,0.568830273,-2.434171744,0.596163185,2.259759373,-0.554797548
0.889915354,-0.302081533,0.568830255,-2.434022436,0.596028043,2.259493951,-0.554725679
0.888705508,-0.302166109,0.568830236,-2.433872958,0.595892749,2.259228227,-0.554653711
0.887494354,-0.302250782,0.568830217,-2.433723309,0.595757301,2.258962201,-0.554581644
0.886281894,-0.302335553,0.568830198,-2.433573488,0.595621702,2.258695874,-0.554509477
0.885068129,-0.302420422,0.568830180,-2.433423498,0.595485950,2.258429245,-0.554437210
0.883853061,-0.302505388,0.568830161,-2.433273336,0.595350046,2.258162315,-0.554364844
0.882636691,-0.302590452,0.568830142,-2.433123005,0.595213990,2.257895085,-0.554292379
0.881419021,-0.302675613,0.568830123,-2.432972503,0.595077782,2.257627554,-0.554219814
0.880200051,-0.302760871,0.568830104,-2.432821831,0.594941422,2.257359722,-0.554147149
0.878979784,-0.302846226,0.568830085,-2.432670989,0.594804910,2.257091591,-0.554074385
0.877758221,-0.302931679,0.568830066,-2.432519978,0.594668248,2.256823160,-0.554001522
0.876535364,-0.303017229,0.568830047,-2.432368797,0.594531433,2.256554429,-0.553928559
0.875311214,-0.303102875,0.568830029,-2.432217446,0.594394468,2.256285400,-0.553855497
0.874085772,-0.303188618,0.568830010,-2.432065926,0.594257352,2.256016071,-0.553782335
0.872859040,-0.303274458,0.568829991,-2.431914238,0.594120084,2.255746444,-0.553709074
0.871631019,-0.303360395,0.568829972,-2.431762380,0.593982666,2.255476519,-0.553635713
0.870401712,-0.303446429,0.568829953,-2.431610353,0.593845098,2.255206295,-0.553562254
0.869171119,-0.303532558,0.568829933,-2.431458157,0.593707379,2.254935774,-0.553488695
0.867939242,-0.303618785,0.568829914,-2.431305793,0.593569509,2.254664955,-0.553415036
0.866706083,-0.303705107,0.568829895,-2.431153261,0.593431490,2.254393840,-0.553341279
0.865471642,-0.303791526,0.568829876,-2.431000560,0.593293320,2.254122427,-0.553267422
0.864235922,-0.303878041,0.568829857,-2.430847692,0.593155001,2.253850717,-0.553193465
0.862998924,-0.303964653,0.568829838,-2.430694655,0.593016531,2.253578712,-0.553119410
0.861760650,-0.304051360,0.568829819,-2.430541451,0.592877913,2.253306410,-0.553045255
0.860521101,-0.304138163,0.568829799,-2.430388079,0.592739145,2.253033812,-0.552971001
0.859280278,-0.304225062,0.568829780,-2.430234540,0.592600227,2.252760919,-0.552896648
0.858038184,-0.304312057,0.568829761,-2.430080833,0.592461161,2.252487731,-0.552822195
0.856794819,-0.304399147,0.568829742,-2.429926960,0.592321945,2.252214248,-0.552747644
0.855550185,-0.304486333,0.568829722,-2.429772919,0.592182581,2.251940470,-0.552672993
0.854304285,-0.304573614,0.568829703,-2.429618711,0.592043068,2.251666398,-0.552598243
0.853057118,-0.304660991,0.568829684,-2.429464337,0.591903406,2.251392031,-0.552523394
0.851808688,-0.304748464,0.568829664,-2.429309797,0.591763597,2.251117371,-0.552448446
0.850558995,-0.304836031,0.568829645,-2.429155090,0.591623639,2.250842418,-0.552373399
0.849308041,-0.304923694,0.568829626,-2.429000217,0.591483532,2.250567171,-0.552298253
0.848055827,-0.305011451,0.568829606,-2.428845178,0.591343278,2.250291632,-0.552223007
0.846802356,-0.305099304,0.568829587,-2.428689973,0.591202877,2.250015800,-0.552147663
0.845547628,-0.305187251,0.568829567,-2.428534602,0.591062327,2.249739675,-0.552072219
0.844291646,-0.305275294,0.568829548,-2.428379066,0.590921630,2.249463259,-0.551996677
0.843034410,-0.305363431,0.568829528,-2.428223364,0.590780786,2.249186551,-0.551921035
0.841775923,-0.305451662,0.568829509,-2.428067498,0.590639795,2.248909551,-0.551845295
0.840516185,-0.305539989,0.568829489,-2.427911466,0.590498657,2.248632260,-0.551769456
0.839255199,-0.305628409,0.568829470,-2.427755269,0.590357372,2.248354679,-0.551693517
0.837992967,-0.305716924,0.568829450,-2.427598908,0.590215940,2.248076807,-0.551617480
0.836729489,-0.305805534,0.568829431,-2.427442382,0.590074361,2.247798644,-0.551541344
0.835464767,-0.305894237,0.568829411,-2.427285692,0.589932637,2.247520192,-0.551465109
0.834198804,-0.305983034,0.568829391,-2.427128837,0.589790766,2.247241450,-0.551388775
0.832931600,-0.306071926,0.568829372,-2.426971819,0.589648749,2.246962419,-0.551312343
0.831663157,-0.306160911,0.568829352,-2.426814636,0.589506586,2.246683099,-0.551235811
0.830393476,-0.306249991,0.568829332,-2.426657290,0.589364277,2.246403490,-0.551159181
0.829122560,-0.306339164,0.568829313,-2.426499781,0.589221823,2.246123592,-0.551082452
0.827850410,-0.306428430,0.568829293,-2.426342107,0.589079224,2.245843407,-0.551005624
0.826577028,-0.306517791,0.568829273,-2.426184271,0.588936479,2.245562933,-0.550928697
0.825302414,-0.306607244,0.568829253,-2.426026272,0.588793589,2.245282173,-0.550851672
0.824026572,-0.306696791,0.568829233,-2.425868109,0.588650554,2.245001124,-0.550774548
0.822749502,-0.306786432,0.568829214,-2.425709784,0.588507374,2.244719789,-0.550697325
0.821471206,-0.306876165,0.568829194,-2.425551297,0.588364050,2.244438168,-0.550620004
0.820191685,-0.306965992,0.568829174,-2.425392647,0.588220581,2.244156260,-0.550542584
0.818910942,-0.307055911,0.568829154,-2.425233835,0.588076968,2.243874066,-0.550465066
0.817628978,-0.307145924,0.568829134,-2.425074861,0.587933211,2.243591586,-0.550387448
0.816345794,-0.307236029,0.568829114,-2.424915725,0.587789309,2.243308821,-0.550309733
0.815061393,-0.307326227,0.568829094,-2.424756427,0.587645264,2.243025771,-0.550231918
0.813775775,-0.307416518,0.568829074,-2.424596967,0.587501076,2.242742436,-0.550154005
0.812488943,-0.307506901,0.568829054,-2.424437347,0.587356743,2.242458817,-0.550075994
0.811200899,-0.307597377,0.568829034,-2.424277565,0.587212268,2.242174914,-0.549997884
0.809911643,-0.307687945,0.568829014,-2.424117622,0.587067649,2.241890726,-0.549919676
0.808621177,-0.307778605,0.568828994,-2.423957518,0.586922887,2.241606256,-0.549841369
0.807329504,-0.307869357,0.568828974,-2.423797254,0.586777982,2.241321502,-0.549762964
0.806036624,-0.307960202,0.568828954,-2.423636829,0.586632935,2.241036465,-0.549684460
0.804742540,-0.308051138,0.568828934,-2.423476243,0.586487745,2.240751145,-0.549605858
0.803447253,-0.308142167,0.568828914,-2.423315498,0.586342413,2.240465544,-0.549527158
0.802150764,-0.308233287,0.568828894,-2.423154592,0.586196939,2.240179660,-0.549448359
0.800853076,-0.308324499,0.568828874,-2.422993527,0.586051322,2.239893495,-0.549369462
0.799554191,-0.308415802,0.568828853,-2.422832302,0.585905564,2.239607048,-0.549290467
0.798254109,-0.308507197,0.568828833,-2.422670918,0.585759664,2.239320321,-0.549211373
0.796952833,-0.308598683,0.568828813,-2.422509374,0.585613622,2.239033312,-0.549132181
0.795650364,-0.308690261,0.568828793,-2.422347671,0.585467439,2.238746024,-0.549052891
0.794346703,-0.308781930,0.568828773,-2.422185809,0.585321115,2.238458455,-0.548973503
0.793041854,-0.308873690,0.568828752,-2.422023789,0.585174650,2.238170607,-0.548894016
0.791735817,-0.308965541,0.568828732,-2.421861610,0.585028044,2.237882479,-0.548814432
0.790428593,-0.309057483,0.568828712,-2.421699272,0.584881297,2.237594072,-0.548734749
0.789120186,-0.309149516,0.568828691,-2.421536777,0.584734410,2.237305386,-0.548654968
0.787810595,-0.309241639,0.568828671,-2.421374123,0.584587382,2.237016422,-0.548575089
0.786499824,-0.309333853,0.568828651,-2.421211311,0.584440214,2.236727180,-0.548495112
0.785187874,-0.309426158,0.568828630,-2.421048342,0.584292906,2.236437660,-0.548415037
0.783874746,-0.309518553,0.568828610,-2.420885215,0.584145458,2.236147863,-0.548334864
0.782560443,-0.309611039,0.568828589,-2.420721930,0.583997871,2.235857788,-0.548254593
0.781244965,-0.309703615,0.568828569,-2.420558489,0.583850144,2.235567437,-0.548174224
0.779928315,-0.309796280,0.568828548,-2.420394890,0.583702277,2.235276809,-0.548093757
0.778610495,-0.309889036,0.568828528,-2.420231135,0.583554272,2.234985905,-0.548013192
0.777291505,-0.309981882,0.568828507,-2.420067223,0.583406127,2.234694725,-0.547932530
0.775971349,-0.310074818,0.568828487,-2.419903155,0.583257844,2.234403270,-0.547851769
0.774650027,-0.310167844,0.568828466,-2.419738930,0.583109422,2.234111539,-0.547770911
0.773327541,-0.310260959,0.568828446,-2.419574550,0.582960861,2.233819534,-0.547689954
0.772003894,-0.310354164,0.568828425,-2.419410013,0.582812162,2.233527254,-0.547608900
0.770679086,-0.310447458,0.568828405,-2.419245321,0.582663325,2.233234700,-0.547527749
0.769353120,-0.310540841,0.568828384,-2.419080473,0.582514350,2.232941872,-0.547446499
0.768025997,-0.310634314,0.568828363,-2.418915470,0.582365238,2.232648770,-0.547365152
0.766697720,-0.310727876,0.568828343,-2.418750311,0.582215987,2.232355396,-0.547283707
0.765368289,-0.310821527,0.568828322,-2.418584998,0.582066599,2.232061748,-0.547202164
0.764037707,-0.310915267,0.568828301,-2.418419530,0.581917074,2.231767828,-0.547120524
0.762705975,-0.311009096,0.568828280,-2.418253907,0.581767412,2.231473636,-0.547038786
0.761373095,-0.311103014,0.568828260,-2.418088129,0.581617612,2.231179172,-0.546956951
0.760039069,-0.311197020,0.568828239,-2.417922198,0.581467676,2.230884436,-0.546875018
0.758703899,-0.311291115,0.568828218,-2.417756112,0.581317604,2.230589429,-0.546792988
0.757367586,-0.311385299,0.568828197,-2.417589873,0.581167394,2.230294151,-0.546710860
0.756030132,-0.311479570,0.568828177,-2.417423480,0.581017049,2.229998603,-0.546628634
0.754691539,-0.311573930,0.568828156,-2.417256933,0.580866568,2.229702785,-0.546546311
0.753351809,-0.311668378,0.568828135,-2.417090233,0.580715950,2.229406697,-0.546463891
0.752010944,-0.311762915,0.568828114,-2.416923380,0.580565197,2.229110339,-0.546381373
0.750668945,-0.311857539,0.568828093,-2.416756373,0.580414309,2.228813712,-0.546298758
0.749325813,-0.311952251,0.568828072,-2.416589215,0.580263285,2.228516816,-0.546216046
0.747981552,-0.312047050,0.568828051,-2.416421903,0.580112126,2.228219652,-0.546133236
0.746636163,-0.312141938,0.568828030,-2.416254439,0.579960832,2.227922220,-0.546050330
0.745289647,-0.312236913,0.568828009,-2.416086823,0.579809403,2.227624519,-0.545967325
0.743942006,-0.312331975,0.568827988,-2.415919055,0.579657839,2.227326552,-0.545884224
0.742593242,-0.312427125,0.568827967,-2.415751135,0.579506141,2.227028317,-0.545801025
0.741243358,-0.312522362,0.568827946,-2.415583063,0.579354309,2.226729816,-0.545717730
0.739892353,-0.312617686,0.568827925,-2.415414840,0.579202343,2.226431048,-0.545634337
0.738540232,-0.312713097,0.568827904,-2.415246466,0.579050242,2.226132014,-0.545550847
0.737186995,-0.312808595,0.568827883,-2.415077940,0.578898008,2.225832714,-0.545467260
0.735832643,-0.312904180,0.568827862,-2.414909264,0.578745640,2.225533149,-0.545383576
0.734477180,-0.312999851,0.568827841,-2.414740437,0.578593139,2.225233318,-0.545299794
0.733120607,-0.313095609,0.568827820,-2.414571460,0.578440505,2.224933223,-0.545215916
0.731762925,-0.313191454,0.568827799,-2.414402332,0.578287738,2.224632864,-0.545131941
0.730404137,-0.313287385,0.568827777,-2.414233054,0.578134837,2.224332241,-0.545047869
0.729044243,-0.313383403,0.568827756,-2.414063626,0.577981804,2.224031354,-0.544963700
0.727683247,-0.313479506,0.568827735,-2.413894049,0.577828639,2.223730204,-0.544879435
0.726321150,-0.313575696,0.568827714,-2.413724321,0.577675341,2.223428790,-0.544795072
0.724957954,-0.313671971,0.568827693,-2.413554445,0.577521912,2.223127115,-0.544710612
0.723593660,-0.313768333,0.568827671,-2.413384419,0.577368350,2.222825177,-0.544626056
0.722228271,-0.313864780,0.568827650,-2.413214245,0.577214656,2.222522977,-0.544541403
0.720861788,-0.313961313,0.568827629,-2.413043921,0.577060831,2.222220515,-0.544456654
0.719494213,-0.314057932,0.568827607,-2.412873449,0.576906875,2.221917792,-0.544371807
0.718125548,-0.314154635,0.568827586,-2.412702829,0.576752787,2.221614809,-0.544286864
0.716755794,-0.314251425,0.568827565,-2.412532061,0.576598568,2.221311565,-0.544201825
0.715384955,-0.314348299,0.568827543,-2.412361144,0.576444219,2.221008060,-0.544116688
0.714013031,-0.314445259,0.568827522,-2.412190080,0.576289738,2.220704296,-0.544031455
0.712640025,-0.314542304,0.568827500,-2.412018868,0.576135128,2.220400273,-0.543946126
0.711265937,-0.314639433,0.568827479,-2.411847509,0.575980387,2.220095990,-0.543860700
0.709890771,-0.314736648,0.568827458,-2.411676002,0.575825516,2.219791449,-0.543775178
0.708514528,-0.314833947,0.568827436,-2.411504349,0.575670515,2.219486649,-0.543689559
0.707137210,-0.314931330,0.568827415,-2.411332548,0.575515384,2.219181592,-0.543603844
0.705758818,-0.315028799,0.568827393,-2.411160601,0.575360124,2.218876276,-0.543518032
0.704379355,-0.315126351,0.568827372,-2.410988508,0.575204734,2.218570704,-0.543432124
0.702998823,-0.315223988,0.568827350,-2.410816269,0.575049215,2.218264874,-0.543346120
0.701617223,-0.315321709,0.568827329,-2.410643883,0.574893567,2.217958788,-0.543260020
0.700234557,-0.315419514,0.568827307,-2.410471351,0.574737791,2.217652446,-0.543173823
0.698850828,-0.315517403,0.568827285,-2.410298674,0.574581886,2.217345847,-0.543087530
0.697466036,-0.315615376,0.568827264,-2.410125852,0.574425852,2.217038994,-0.543001141
0.696080185,-0.315713433,0.568827242,-2.409952884,0.574269690,2.216731885,-0.542914655
0.694693275,-0.315811573,0.568827220,-2.409779772,0.574113400,2.216424521,-0.542828074
0.693305309,-0.315909796,0.568827199,-2.409606514,0.573956982,2.216116903,-0.542741396
0.691916289,-0.316008104,0.568827177,-2.409433112,0.573800437,2.215809031,-0.542654623
0.690526216,-0.316106494,0.568827155,-2.409259565,0.573643764,2.215500906,-0.542567753
0.689135093,-0.316204967,0.568827134,-2.409085874,0.573486964,2.215192527,-0.542480787
0.687742921,-0.316303524,0.568827112,-2.408912039,0.573330037,2.214883895,-0.542393726
0.686349702,-0.316402164,0.568827090,-2.408738061,0.573172982,2.214575010,-0.542306568
0.684955438,-0.316500886,0.568827068,-2.408563938,0.573015802,2.214265873,-0.542219315
0.683560132,-0.316599691,0.568827047,-2.408389673,0.572858494,2.213956485,-0.542131966
0.682163784,-0.316698579,0.568827025,-2.408215264,0.572701060,2.213646844,-0.542044521
0.680766397,-0.316797550,0.568827003,-2.408040712,0.572543500,2.213336953,-0.541956980
0.679367974,-0.316896602,0.568826981,-2.407866017,0.572385814,2.213026811,-0.541869343
0.677968515,-0.316995737,0.568826959,-2.407691179,0.572228003,2.212716419,-0.541781611
0.676568022,-0.317094955,0.568826937,-2.407516200,0.572070066,2.212405776,-0.541693783
0.675166498,-0.317194254,0.568826915,-2.407341078,0.571912003,2.212094884,-0.541605859
0.673763945,-0.317293635,0.568826894,-2.407165814,0.571753815,2.211783743,-0.541517840
0.672360365,-0.317393098,0.568826872,-2.406990408,0.571595502,2.211472353,-0.541429725
0.670955758,-0.317492643,0.568826850,-2.406814860,0.571437065,2.211160714,-0.541341515
0.669550128,-0.317592270,0.568826828,-2.406639171,0.571278503,2.210848827,-0.541253209
0.668143477,-0.317691978,0.568826806,-2.406463341,0.571119816,2.210536692,-0.541164808
0.666735805,-0.317791767,0.568826784,-2.406287371,0.570961005,2.210224310,-0.541076311
0.665327116,-0.317891638,0.568826762,-2.406111259,0.570802070,2.209911681,-0.540987718
0.663917411,-0.317991590,0.568826740,-2.405935007,0.570643012,2.209598805,-0.540899031
0.662506692,-0.318091622,0.568826718,-2.405758614,0.570483829,2.209285683,-0.540810248
0.661094961,-0.318191736,0.568826696,-2.405582081,0.570324523,2.208972315,-0.540721370
0.659682220,-0.318291931,0.568826673,-2.405405408,0.570165094,2.208658702,-0.540632396
0.658268471,-0.318392207,0.568826651,-2.405228596,0.570005542,2.208344843,-0.540543327
0.656853716,-0.318492563,0.568826629,-2.405051644,0.569845867,2.208030739,-0.540454163
0.655437957,-0.318592999,0.568826607,-2.404874553,0.569686070,2.207716391,-0.540364904
0.654021196,-0.318693516,0.568826585,-2.404697322,0.569526150,2.207401799,-0.540275550
0.652603434,-0.318794113,0.568826563,-2.404519953,0.569366107,2.207086963,-0.540186101
0.651184674,-0.318894791,0.568826541,-2.404342445,0.569205943,2.206771885,-0.540096556
0.649764918,-0.318995548,0.568826518,-2.404164798,0.569045657,2.206456563,-0.540006917
0.648344168,-0.319096385,0.568826496,-2.403987013,0.568885249,2.206140998,-0.539917183
0.646922425,-0.319197302,0.568826474,-2.403809090,0.568724719,2.205825192,-0.539827353
0.645499693,-0.319298299,0.568826452,-2.403631030,0.568564069,2.205509143,-0.539737429
0.644075971,-0.319399376,0.568826429,-2.403452831,0.568403297,2.205192854,-0.539647410
0.642651264,-0.319500531,0.568826407,-2.403274495,0.568242404,2.204876323,-0.539557296
0.641225572,-0.319601767,0.568826385,-2.403096022,0.568081391,2.204559552,-0.539467088
0.639798898,-0.319703081,0.568826362,-2.402917412,0.567920257,2.204242540,-0.539376784
0.638371243,-0.319804475,0.568826340,-2.402738665,0.567759003,2.203925289,-0.539286386
0.636942610,-0.319905947,0.568826318,-2.402559782,0.567597629,2.203607798,-0.539195893
0.635513000,-0.320007499,0.568826295,-2.402380762,0.567436134,2.203290068,-0.539105306
0.634082417,-0.320109129,0.568826273,-2.402201606,0.567274521,2.202972099,-0.539014623
0.632650860,-0.320210838,0.568826251,-2.402022314,0.567112787,2.202653892,-0.538923847
0.631218334,-0.320312625,0.568826228,-2.401842886,0.566950935,2.202335447,-0.538832976
0.629784839,-0.320414491,0.568826206,-2.401663323,0.566788963,2.202016764,-0.538742010
0.628350377,-0.320516435,0.568826183,-2.401483624,0.566626872,2.201697845,-0.538650950
0.626914951,-0.320618458,0.568826161,-2.401303790,0.566464663,2.201378688,-0.538559795
0.625478563,-0.320720558,0.568826138,-2.401123822,0.566302335,2.201059295,-0.538468546
0.624041215,-0.320822736,0.568826116,-2.400943719,0.566139889,2.200739666,-0.538377203
0.622602908,-0.320924993,0.568826093,-2.400763481,0.565977325,2.200419802,-0.538285765
0.621163645,-0.321027326,0.568826071,-2.400583109,0.565814643,2.200099702,-0.538194234
0.619723427,-0.321129738,0.568826048,-2.400402603,0.565651843,2.199779367,-0.538102607
0.618282258,-0.321232227,0.568826026,-2.400221963,0.565488926,2.199458798,-0.538010887
0.616840138,-0.321334793,0.568826003,-2.400041189,0.565325891,2.199137995,-0.537919073
0.615397069,-0.321437437,0.568825980,-2.399860282,0.565162740,2.198816958,-0.537827164
0.613953055,-0.321540158,0.568825958,-2.399679242,0.564999471,2.198495688,-0.537735162
0.612508096,-0.321642956,0.568825935,-2.399498069,0.564836086,2.198174185,-0.537643065
0.611062196,-0.321745830,0.568825912,-2.399316763,0.564672585,2.197852450,-0.537550874
0.609615355,-0.321848782,0.568825890,-2.399135325,0.564508967,2.197530482,-0.537458590
0.608167576,-0.321951810,0.568825867,-2.398953754,0.564345233,2.197208283,-0.537366211
0.606718861,-0.322054914,0.568825844,-2.398772052,0.564181383,2.196885852,-0.537273739
0.605269212,-0.322158096,0.568825822,-2.398590217,0.564017418,2.196563191,-0.537181173
0.603818632,-0.322261353,0.568825799,-2.398408251,0.563853337,2.196240299,-0.537088513
0.602367121,-0.322364686,0.568825776,-2.398226153,0.563689141,2.195917177,-0.536995759
0.600914682,-0.322468096,0.568825753,-2.398043924,0.563524830,2.195593825,-0.536902912
0.599461318,-0.322571582,0.568825731,-2.397861564,0.563360404,2.195270243,-0.536809971
0.598007030,-0.322675143,0.568825708,-2.397679073,0.563195863,2.194946433,-0.536716936
0.596551820,-0.322778780,0.568825685,-2.397496452,0.563031208,2.194622394,-0.536623808
0.595095691,-0.322882493,0.568825662,-2.397313700,0.562866439,2.194298127,-0.536530586
0.593638644,-0.322986281,0.568825639,-2.397130818,0.562701556,2.193973632,-0.536437270
0.592180682,-0.323090144,0.568825616,-2.396947807,0.562536559,2.193648910,-0.536343861
0.590721806,-0.323194083,0.568825594,-2.396764665,0.562371448,2.193323961,-0.536250359
0.589262019,-0.323298097,0.568825571,-2.396581394,0.562206224,2.192998786,-0.536156764
0.587801322,-0.323402186,0.568825548,-2.396397994,0.562040887,2.192673384,-0.536063074
0.586339719,-0.323506349,0.568825525,-2.396214465,0.561875437,2.192347756,-0.535969292
0.584877210,-0.323610588,0.568825502,-2.396030807,0.561709874,2.192021903,-0.535875417
0.583413798,-0.323714901,0.568825479,-2.395847020,0.561544198,2.191695825,-0.535781448
0.581949485,-0.323819288,0.568825456,-2.395663105,0.561378410,2.191369523,-0.535687386
0.580484273,-0.323923750,0.568825433,-2.395479062,0.561212510,2.191042996,-0.535593231
0.579018164,-0.324028286,0.568825410,-2.395294891,0.561046499,2.190716245,-0.535498982
0.577551160,-0.324132896,0.568825387,-2.395110592,0.560880375,2.190389271,-0.535404641
0.576083264,-0.324237581,0.568825364,-2.394926166,0.560714140,2.190062075,-0.535310207
0.574614477,-0.324342339,0.568825341,-2.394741612,0.560547793,2.189734655,-0.535215679
0.573144802,-0.324447171,0.568825318,-2.394556932,0.560381336,2.189407014,-0.535121059
0.571674240,-0.324552076,0.568825295,-2.394372124,0.560214767,2.189079150,-0.535026346
0.570202794,-0.324657055,0.568825272,-2.394187190,0.560048088,2.188751066,-0.534931540
0.568730465,-0.324762108,0.568825248,-2.394002130,0.559881299,2.188422760,-0.534836641
0.567257257,-0.324867234,0.568825225,-2.393816943,0.559714399,2.188094234,-0.534741650
0.565783170,-0.324972433,0.568825202,-2.393631631,0.559547389,2.187765487,-0.534646566
0.564308207,-0.325077704,0.568825179,-2.393446193,0.559380269,2.187436521,-0.534551389
0.562832371,-0.325183049,0.568825156,-2.393260629,0.559213040,2.187107336,-0.534456119
0.561355663,-0.325288467,0.568825133,-2.393074940,0.559045701,2.186777932,-0.534360757
0.559878085,-0.325393957,0.568825109,-2.392889126,0.558878253,2.186448309,-0.534265302
0.558399639,-0.325499520,0.568825086,-2.392703187,0.558710696,2.186118468,-0.534169755
0.556920329,-0.325605155,0.568825063,-2.392517124,0.558543031,2.185788409,-0.534074115
0.555440155,-0.325710863,0.568825040,-2.392330936,0.558375256,2.185458134,-0.533978383
0.553959119,-0.325816643,0.568825016,-2.392144625,0.558207374,2.185127641,-0.533882559
0.552477225,-0.325922494,0.568824993,-2.391958189,0.558039383,2.184796931,-0.533786642
0.550994473,-0.326028418,0.568824970,-2.391771630,0.557871284,2.184466006,-0.533690633
0.549510867,-0.326134414,0.568824946,-2.391584947,0.557703078,2.184134865,-0.533594532
0.548026408,-0.326240481,0.568824923,-2.391398141,0.557534764,2.183803509,-0.533498338
0.546541099,-0.326346619,0.568824900,-2.391211212,0.557366343,2.183471938,-0.533402052
0.545054941,-0.326452830,0.568824876,-2.391024160,0.557197815,2.183140152,-0.533305675
0.543567936,-0.326559111,0.568824853,-2.390836986,0.557029180,2.182808153,-0.533209205
0.542080088,-0.326665464,0.568824830,-2.390649689,0.556860438,2.182475940,-0.533112643
0.540591397,-0.326771887,0.568824806,-2.390462270,0.556691590,2.182143514,-0.533015989
0.539101866,-0.326878382,0.568824783,-2.390274729,0.556522635,2.181810874,-0.532919243
0.537611498,-0.326984947,0.568824759,-2.390087067,0.556353575,2.181478023,-0.532822405
0.536120294,-0.327091583,0.568824736,-2.389899284,0.556184408,2.181144960,-0.532725476
0.534628256,-0.327198290,0.568824712,-2.389711379,0.556015137,2.180811685,-0.532628455
0.533135387,-0.327305067,0.568824689,-2.389523353,0.555845759,2.180478199,-0.532531341
0.531641688,-0.327411914,0.568824665,-2.389335207,0.555676277,2.180144502,-0.532434137
0.530147163,-0.327518832,0.568824642,-2.389146940,0.555506690,2.179810595,-0.532336840
0.528651812,-0.327625819,0.568824618,-2.388958552,0.555336998,2.179476478,-0.532239452
0.527155639,-0.327732876,0.568824595,-2.388770045,0.555167202,2.179142152,-0.532141972
0.525658645,-0.327840004,0.568824571,-2.388581418,0.554997301,2.178807617,-0.532044401
0.524160833,-0.327947201,0.568824548,-2.388392672,0.554827296,2.178472873,-0.531946738
0.522662204,-0.328054467,0.568824524,-2.388203806,0.554657187,2.178137920,-0.531848984
0.521162760,-0.328161803,0.568824501,-2.388014821,0.554486975,2.177802760,-0.531751138
0.519662505,-0.328269208,0.568824477,-2.387825717,0.554316659,2.177467393,-0.531653201
0.518161440,-0.328376682,0.568824453,-2.387636494,0.554146240,2.177131819,-0.531555173
0.516659567,-0.328484226,0.568824430,-2.387447153,0.553975719,2.176796038,-0.531457054
0.515156889,-0.328591838,0.568824406,-2.387257694,0.553805094,2.176460051,-0.531358843
0.513653407,-0.328699519,0.568824382,-2.387068117,0.553634367,2.176123858,-0.531260541
0.512149124,-0.328807268,0.568824359,-2.386878422,0.553463537,2.175787460,-0.531162148
0.510644041,-0.328915087,0.568824335,-2.386688610,0.553292606,2.175450857,-0.531063664
0.509138162,-0.329022973,0.568824311,-2.386498680,0.553121572,2.175114050,-0.530965089
0.507631488,-0.329130928,0.568824288,-2.386308633,0.552950437,2.174777039,-0.530866423
0.506124022,-0.329238951,0.568824264,-2.386118470,0.552779200,2.174439824,-0.530767666
0.504615765,-0.329347042,0.568824240,-2.385928190,0.552607862,2.174102406,-0.530668818
0.503106720,-0.329455201,0.568824216,-2.385737794,0.552436424,2.173764785,-0.530569879
0.501596888,-0.329563428,0.568824192,-2.385547281,0.552264884,2.173426962,-0.530470849
0.500086273,-0.329671722,0.568824169,-2.385356653,0.552093244,2.173088937,-0.530371729
0.498574876,-0.329780084,0.568824145,-2.385165909,0.551921503,2.172750711,-0.530272518
0.497062700,-0.329888513,0.568824121,-2.384975050,0.551749662,2.172412283,-0.530173216
0.495549747,-0.329997009,0.568824097,-2.384784076,0.551577722,2.172073655,-0.530073824
0.494036018,-0.330105573,0.568824073,-2.384592986,0.551405681,2.171734827,-0.529974341
0.492521516,-0.330214203,0.568824049,-2.384401782,0.551233541,2.171395798,-0.529874768
0.491006244,-0.330322900,0.568824026,-2.384210464,0.551061302,2.171056571,-0.529775104
0.489490203,-0.330431664,0.568824002,-2.384019031,0.550888964,2.170717144,-0.529675349
0.487973395,-0.330540495,0.568823978,-2.383827485,0.550716527,2.170377519,-0.529575505
0.486455824,-0.330649392,0.568823954,-2.383635824,0.550543992,2.170037696,-0.529475570
0.484937490,-0.330758356,0.568823930,-2.383444050,0.550371358,2.169697676,-0.529375544
0.483418397,-0.330867385,0.568823906,-2.383252163,0.550198626,2.169357458,-0.529275429
0.481898546,-0.330976481,0.568823882,-2.383060163,0.550025796,2.169017043,-0.529175223
0.480377939,-0.331085643,0.568823858,-2.382868050,0.549852868,2.168676432,-0.529074927
0.478856580,-0.331194870,0.568823834,-2.382675825,0.549679843,2.168335625,-0.528974541
0.477334469,-0.331304163,0.568823810,-2.382483487,0.549506720,2.167994622,-0.528874065
0.475811610,-0.331413522,0.568823786,-2.382291037,0.549333501,2.167653424,-0.528773499
0.474288004,-0.331522946,0.568823762,-2.382098475,0.549160184,2.167312032,-0.528672843
0.472763654,-0.331632436,0.568823738,-2.381905801,0.548986772,2.166970445,-0.528572098
0.471238561,-0.331741991,0.568823714,-2.381713017,0.548813262,2.166628665,-0.528471262
0.469712729,-0.331851610,0.568823690,-2.381520121,0.548639657,2.166286691,-0.528370337
0.468186159,-0.331961295,0.568823666,-2.381327114,0.548465955,2.165944525,-0.528269321
0.466658853,-0.332071044,0.568823642,-2.381133996,0.548292158,2.165602165,-0.528168216
0.465130814,-0.332180858,0.568823617,-2.380940768,0.548118266,2.165259614,-0.528067022
0.463602045,-0.332290737,0.568823593,-2.380747430,0.547944278,2.164916871,-0.527965738
0.462072546,-0.332400680,0.568823569,-2.380553982,0.547770195,2.164573937,-0.527864364
0.460542320,-0.332510687,0.568823545,-2.380360424,0.547596018,2.164230812,-0.527762901
0.459011371,-0.332620758,0.568823521,-2.380166757,0.547421745,2.163887497,-0.527661348
0.457479699,-0.332730894,0.568823497,-2.379972980,0.547247379,2.163543991,-0.527559706
0.455947307,-0.332841093,0.568823473,-2.379779095,0.547072918,2.163200297,-0.527457974
0.454414197,-0.332951356,0.568823448,-2.379585100,0.546898363,2.162856413,-0.527356154
0.452880372,-0.333061682,0.568823424,-2.379390997,0.546723715,2.162512340,-0.527254244
0.451345833,-0.333172072,0.568823400,-2.379196786,0.546548973,2.162168080,-0.527152244
0.449810584,-0.333282526,0.568823376,-2.379002467,0.546374138,2.161823631,-0.527050156
0.448274626,-0.333393042,0.568823351,-2.378808040,0.546199210,2.161478996,-0.526947978
0.446737961,-0.333503622,0.568823327,-2.378613506,0.546024189,2.161134173,-0.526845712
0.445200592,-0.333614264,0.568823303,-2.378418864,0.545849076,2.160789164,-0.526743356
0.443662521,-0.333724969,0.568823278,-2.378224115,0.545673870,2.160443969,-0.526640912
0.442123749,-0.333835737,0.568823254,-2.378029259,0.545498573,2.160098588,-0.526538378
0.440584281,-0.333946568,0.568823230,-2.377834297,0.545323183,2.159753023,-0.526435756
0.439044117,-0.334057461,0.568823205,-2.377639228,0.545147701,2.159407272,-0.526333045
0.437503260,-0.334168416,0.568823181,-2.377444054,0.544972129,2.159061338,-0.526230245
0.435961712,-0.334279433,0.568823157,-2.377248773,0.544796465,2.158715219,-0.526127356
0.434419475,-0.334390513,0.568823132,-2.377053387,0.544620710,2.158368917,-0.526024379
0.432876552,-0.334501654,0.568823108,-2.376857895,0.544444864,2.158022432,-0.525921313
0.431332945,-0.334612857,0.568823084,-2.376662298,0.544268928,2.157675765,-0.525818158
0.429788656,-0.334724122,0.568823059,-2.376466597,0.544092901,2.157328915,-0.525714915
0.428243687,-0.334835448,0.568823035,-2.376270790,0.543916785,2.156981884,-0.525611584
0.426698041,-0.334946835,0.568823010,-2.376074879,0.543740579,2.156634672,-0.525508164
0.425151720,-0.335058284,0.568822986,-2.375878864,0.543564283,2.156287279,-0.525404656
0.423604726,-0.335169793,0.568822961,-2.375682746,0.543387897,2.155939705,-0.525301059
0.422057062,-0.335281364,0.568822937,-2.375486523,0.543211423,2.155591952,-0.525197375
0.420508729,-0.335392995,0.568822912,-2.375290197,0.543034859,2.155244019,-0.525093602
0.418959730,-0.335504687,0.568822888,-2.375093768,0.542858207,2.154895907,-0.524989741
0.417410067,-0.335616440,0.568822863,-2.374897236,0.542681467,2.154547617,-0.524885791
0.415859743,-0.335728253,0.568822839,-2.374700601,0.542504638,2.154199149,-0.524781754
0.414308759,-0.335840126,0.568822814,-2.374503863,0.542327721,2.153850503,-0.524677629
0.412757119,-0.335952060,0.568822790,-2.374307024,0.542150716,2.153501679,-0.524573416
0.411204823,-0.336064053,0.568822765,-2.374110082,0.541973624,2.153152679,-0.524469115
0.409651876,-0.336176107,0.568822741,-2.373913039,0.541796445,2.152803503,-0.524364726
0.408098278,-0.336288220,0.568822716,-2.373715894,0.541619178,2.152454150,-0.524260249
0.406544032,-0.336400392,0.568822691,-2.373518648,0.541441825,2.152104622,-0.524155684
0.404989140,-0.336512625,0.568822667,-2.373321301,0.541264385,2.151754919,-0.524051032
0.403433606,-0.336624916,0.568822642,-2.373123854,0.541086858,2.151405042,-0.523946292
0.401877430,-0.336737267,0.568822618,-2.372926305,0.540909245,2.151054990,-0.523841465
0.400320615,-0.336849676,0.568822593,-2.372728657,0.540731547,2.150704765,-0.523736550
0.398763163,-0.336962145,0.568822568,-2.372530908,0.540553763,2.150354367,-0.523631548
0.397205078,-0.337074672,0.568822544,-2.372333060,0.540375893,2.150003795,-0.523526458
0.395646360,-0.337187259,0.568822519,-2.372135112,0.540197938,2.149653052,-0.523421281
0.394087013,-0.337299903,0.568822494,-2.371937065,0.540019898,2.149302136,-0.523316016
0.392527038,-0.337412606,0.568822469,-2.371738919,0.539841773,2.148951049,-0.523210664
0.390966439,-0.337525367,0.568822445,-2.371540674,0.539663564,2.148599791,-0.523105225
0.389405216,-0.337638187,0.568822420,-2.371342330,0.539485270,2.148248362,-0.522999699
0.387843373,-0.337751064,0.568822395,-2.371143888,0.539306892,2.147896763,-0.522894086
0.386280911,-0.337863999,0.568822370,-2.370945349,0.539128430,2.147544995,-0.522788385
0.384717834,-0.337976992,0.568822346,-2.370746711,0.538949885,2.147193057,-0.522682598
0.383154143,-0.338090043,0.568822321,-2.370547976,0.538771257,2.146840951,-0.522576724
0.381589840,-0.338203150,0.568822296,-2.370349143,0.538592545,2.146488676,-0.522470763
0.380024929,-0.338316316,0.568822271,-2.370150214,0.538413750,2.146136233,-0.522364715
0.378459411,-0.338429538,0.568822246,-2.369951187,0.538234873,2.145783623,-0.522258580
0.376893288,-0.338542817,0.568822222,-2.369752064,0.538055913,2.145430846,-0.522152358
0.375326563,-0.338656154,0.568822197,-2.369552845,0.537876870,2.145077902,-0.522046050
0.373759238,-0.338769546,0.568822172,-2.369353530,0.537697746,2.144724792,-0.521939655
0.372191316,-0.338882996,0.568822147,-2.369154119,0.537518540,2.144371517,-0.521833173
0.370622798,-0.338996502,0.568822122,-2.368954612,0.537339253,2.144018076,-0.521726605
0.369053687,-0.339110065,0.568822097,-2.368755010,0.537159884,2.143664471,-0.521619951
0.367483986,-0.339223683,0.568822072,-2.368555313,0.536980434,2.143310701,-0.521513210
0.365913696,-0.339337358,0.568822047,-2.368355521,0.536800904,2.142956768,-0.521406383
0.364342820,-0.339451089,0.568822023,-2.368155635,0.536621292,2.142602671,-0.521299469
0.362771360,-0.339564875,0.568821998,-2.367955654,0.536441601,2.142248411,-0.521192469
0.361199319,-0.339678717,0.568821973,-2.367755579,0.536261829,2.141893989,-0.521085383
0.359626699,-0.339792615,0.568821948,-2.367555410,0.536081977,2.141539404,-0.520978211
0.358053502,-0.339906568,0.568821923,-2.367355148,0.535902046,2.141184658,-0.520870953
0.356479731,-0.340020576,0.568821898,-2.367154793,0.535722035,2.140829751,-0.520763608
0.354905387,-0.340134639,0.568821873,-2.366954344,0.535541945,2.140474683,-0.520656178
0.353330473,-0.340248757,0.568821848,-2.366753803,0.535361776,2.140119455,-0.520548662
0.351754992,-0.340362931,0.568821823,-2.366553168,0.535181529,2.139764067,-0.520441060
0.350178946,-0.340477158,0.568821798,-2.366352442,0.535001203,2.139408520,-0.520333372
0.348602336,-0.340591441,0.568821773,-2.366151624,0.534820798,2.139052814,-0.520225598
0.347025166,-0.340705777,0.568821748,-2.365950713,0.534640316,2.138696950,-0.520117739
0.345447438,-0.340820169,0.568821723,-2.365749712,0.534459756,2.138340927,-0.520009793
0.343869154,-0.340934614,0.568821698,-2.365548618,0.534279118,2.137984747,-0.519901763
0.342290316,-0.341049113,0.568821672,-2.365347434,0.534098403,2.137628410,-0.519793647
0.340710927,-0.341163666,0.568821647,-2.365146159,0.533917610,2.137271916,-0.519685445
0.339130989,-0.341278273,0.568821622,-2.364944794,0.533736741,2.136915267,-0.519577158
0.337550504,-0.341392933,0.568821597,-2.364743338,0.533555796,2.136558461,-0.519468785
0.335969474,-0.341507647,0.568821572,-2.364541792,0.533374774,2.136201500,-0.519360327
0.334387903,-0.341622414,0.568821547,-2.364340156,0.533193676,2.135844385,-0.519251784
0.332805792,-0.341737234,0.568821522,-2.364138430,0.533012502,2.135487115,-0.519143156
0.331223144,-0.341852108,0.568821497,-2.363936616,0.532831252,2.135129691,-0.519034442
0.329639961,-0.341967034,0.568821471,-2.363734712,0.532649927,2.134772114,-0.518925643
0.328056245,-0.342082013,0.568821446,-2.363532720,0.532468526,2.134414384,-0.518816760
0.326471998,-0.342197045,0.568821421,-2.363330638,0.532287051,2.134056502,-0.518707791
0.324887224,-0.342312129,0.568821396,-2.363128469,0.532105501,2.133698467,-0.518598737
0.323301924,-0.342427265,0.568821371,-2.362926212,0.531923877,2.133340281,-0.518489599
0.321716101,-0.342542454,0.568821345,-2.362723866,0.531742178,2.132981943,-0.518380375
0.320129756,-0.342657695,0.568821320,-2.362521434,0.531560405,2.132623455,-0.518271067
0.318542893,-0.342772987,0.568821295,-2.362318914,0.531378559,2.132264817,-0.518161674
0.316955514,-0.342888332,0.568821270,-2.362116307,0.531196639,2.131906029,-0.518052197
0.315367621,-0.343003728,0.568821244,-2.361913613,0.531014645,2.131547091,-0.517942635
0.313779216,-0.343119175,0.568821219,-2.361710832,0.530832579,2.131188005,-0.517832988
0.312190301,-0.343234674,0.568821194,-2.361507966,0.530650440,2.130828770,-0.517723257
0.310600880,-0.343350224,0.568821169,-2.361305013,0.530468228,2.130469388,-0.517613441
0.309010954,-0.343465825,0.568821143,-2.361101975,0.530285944,2.130109858,-0.517503541
0.307420526,-0.343581478,0.568821118,-2.360898851,0.530103587,2.129750181,-0.517393557
0.305829598,-0.343697180,0.568821093,-2.360695642,0.529921159,2.129390357,-0.517283488
0.304238172,-0.343812934,0.568821067,-2.360492347,0.529738659,2.129030388,-0.517173335
0.302646251,-0.343928738,0.568821042,-2.360288968,0.529556088,2.128670272,-0.517063098
0.301053837,-0.344044593,0.568821017,-2.360085505,0.529373446,2.128310012,-0.516952777
0.299460933,-0.344160498,0.568820991,-2.359881957,0.529190733,2.127949606,-0.516842372
0.297867540,-0.344276452,0.568820966,-2.359678326,0.529007949,2.127589057,-0.516731883
0.296273662,-0.344392457,0.568820941,-2.359474610,0.528825094,2.127228364,-0.516621310
0.294679300,-0.344508512,0.568820915,-2.359270811,0.528642170,2.126867527,-0.516510653
0.293084457,-0.344624616,0.568820890,-2.359066929,0.528459175,2.126506548,-0.516399913
0.291489136,-0.344740770,0.568820864,-2.358862964,0.528276111,2.126145426,-0.516289088
0.289893338,-0.344856973,0.568820839,-2.358658916,0.528092977,2.125784162,-0.516178180
0.288297066,-0.344973226,0.568820813,-2.358454786,0.527909774,2.125422757,-0.516067188
0.286700322,-0.345089528,0.568820788,-2.358250574,0.527726502,2.125061210,-0.515956113
0.285103109,-0.345205878,0.568820763,-2.358046279,0.527543162,2.124699523,-0.515844954
0.283505429,-0.345322278,0.568820737,-2.357841903,0.527359752,2.124337696,-0.515733711
0.281907284,-0.345438726,0.568820712,-2.357637446,0.527176275,2.123975730,-0.515622385
0.280308677,-0.345555223,0.568820686,-2.357432907,0.526992729,2.123613624,-0.515510976
0.278709610,-0.345671768,0.568820661,-2.357228288,0.526809116,2.123251379,-0.515399484
0.277110086,-0.345788361,0.568820635,-2.357023588,0.526625435,2.122888997,-0.515287908
0.275510106,-0.345905003,0.568820610,-2.356818807,0.526441686,2.122526476,-0.515176249
0.273909674,-0.346021693,0.568820584,-2.356613946,0.526257871,2.122163818,-0.515064507
0.272308791,-0.346138430,0.568820559,-2.356409005,0.526073989,2.121801023,-0.514952682
0.270707460,-0.346255215,0.568820533,-2.356203985,0.525890040,2.121438092,-0.514840774
0.269105684,-0.346372048,0.568820508,-2.355998885,0.525706025,2.121075025,-0.514728783
0.267503464,-0.346488928,0.568820482,-2.355793707,0.525521943,2.120711823,-0.514616709
0.265900803,-0.346605855,0.568820456,-2.355588449,0.525337796,2.120348485,-0.514504552
0.264297704,-0.346722830,0.568820431,-2.355383113,0.525153583,2.119985013,-0.514392312
0.262694168,-0.346839851,0.568820405,-2.355177698,0.524969305,2.119621407,-0.514279990
0.261090198,-0.346956920,0.568820380,-2.354972205,0.524784961,2.119257667,-0.514167585
0.259485797,-0.347074035,0.568820354,-2.354766635,0.524600553,2.118893794,-0.514055098
0.257880967,-0.347191197,0.568820328,-2.354560987,0.524416080,2.118529789,-0.513942527
0.256275711,-0.347308405,0.568820303,-2.354355261,0.524231543,2.118165651,-0.513829875
0.254670029,-0.347425659,0.568820277,-2.354149459,0.524046941,2.117801381,-0.513717140
0.253063926,-0.347542960,0.568820252,-2.353943579,0.523862275,2.117436980,-0.513604322
0.251457404,-0.347660307,0.568820226,-2.353737623,0.523677546,2.117072449,-0.513491422
0.249850464,-0.347777699,0.568820200,-2.353531591,0.523492753,2.116707787,-0.513378440
0.248243109,-0.347895137,0.568820175,-2.353325483,0.523307897,2.116342995,-0.513265376
0.246635342,-0.348012621,0.568820149,-2.353119299,0.523122978,2.115978073,-0.513152230
0.245027164,-0.348130150,0.568820123,-2.352913039,0.522937996,2.115613023,-0.513039002
0.243418579,-0.348247725,0.568820097,-2.352706705,0.522752952,2.115247844,-0.512925691
0.241809589,-0.348365344,0.568820072,-2.352500295,0.522567845,2.114882538,-0.512812299
0.240200195,-0.348483009,0.568820046,-2.352293810,0.522382677,2.114517103,-0.512698824
0.238590401,-0.348600719,0.568820020,-2.352087251,0.522197446,2.114151542,-0.512585268
0.236980209,-0.348718473,0.568819995,-2.351880618,0.522012154,2.113785854,-0.512471630
0.235369621,-0.348836272,0.568819969,-2.351673911,0.521826801,2.113420040,-0.512357911
0.233758640,-0.348954115,0.568819943,-2.351467130,0.521641387,2.113054100,-0.512244109
0.232147268,-0.349072003,0.568819917,-2.351260276,0.521455912,2.112688035,-0.512130226
0.230535507,-0.349189935,0.568819892,-2.351053348,0.521270376,2.112321845,-0.512016262
0.228923359,-0.349307911,0.568819866,-2.350846348,0.521084780,2.111955531,-0.511902216
0.227310828,-0.349425930,0.568819840,-2.350639274,0.520899124,2.111589093,-0.511788088
0.225697915,-0.349543994,0.568819814,-2.350432129,0.520713408,2.111222532,-0.511673880
0.224084624,-0.349662101,0.568819788,-2.350224911,0.520527633,2.110855848,-0.511559589
0.222470955,-0.349780251,0.568819763,-2.350017622,0.520341798,2.110489041,-0.511445218
0.220856912,-0.349898445,0.568819737,-2.349810260,0.520155904,2.110122113,-0.511330766
0.219242498,-0.350016682,0.568819711,-2.349602828,0.519969951,2.109755063,-0.511216232
0.217627713,-0.350134962,0.568819685,-2.349395324,0.519783940,2.109387892,-0.511101617
0.216012562,-0.350253285,0.568819659,-2.349187750,0.519597870,2.109020601,-0.510986921
0.214397046,-0.350371650,0.568819633,-2.348980104,0.519411742,2.108653189,-0.510872145
0.212781167,-0.350490058,0.568819608,-2.348772389,0.519225556,2.108285658,-0.510757287
0.211164928,-0.350608509,0.568819582,-2.348564603,0.519039312,2.107918008,-0.510642348
0.209548332,-0.350727002,0.568819556,-2.348356748,0.518853011,2.107550239,-0.510527329
0.207931381,-0.350845537,0.568819530,-2.348148823,0.518666653,2.107182352,-0.510412229
0.206314077,-0.350964114,0.568819504,-2.347940829,0.518480238,2.106814348,-0.510297049
0.204696422,-0.351082733,0.568819478,-2.347732766,0.518293767,2.106446226,-0.510181787
0.203078420,-0.351201393,0.568819452,-2.347524634,0.518107238,2.106077987,-0.510066446
0.201460071,-0.351320095,0.568819426,-2.347316433,0.517920654,2.105709632,-0.509951023
0.199841380,-0.351438839,0.568819400,-2.347108164,0.517734014,2.105341162,-0.509835521
0.198222348,-0.351557624,0.568819374,-2.346899828,0.517547318,2.104972575,-0.509719938
0.196602977,-0.351676450,0.568819349,-2.346691423,0.517360566,2.104603874,-0.509604275
0.194983271,-0.351795317,0.568819323,-2.346482951,0.517173760,2.104235059,-0.509488531
0.193363230,-0.351914225,0.568819297,-2.346274412,0.516986898,2.103866130,-0.509372707
0.191742859,-0.352033174,0.568819271,-2.346065806,0.516799982,2.103497087,-0.509256804
0.190122159,-0.352152163,0.568819245,-2.345857133,0.516613011,2.103127931,-0.509140820
0.188501132,-0.352271193,0.568819219,-2.345648394,0.516425986,2.102758663,-0.509024756
0.186879781,-0.352390263,0.568819193,-2.345439588,0.516238907,2.102389282,-0.508908612
0.185258109,-0.352509373,0.568819167,-2.345230717,0.516051774,2.102019790,-0.508792388
0.183636117,-0.352628523,0.568819141,-2.345021780,0.515864588,2.101650187,-0.508676085
0.182013809,-0.352747713,0.568819115,-2.344812778,0.515677348,2.101280474,-0.508559702
0.180391186,-0.352866943,0.568819089,-2.344603710,0.515490055,2.100910650,-0.508443239
0.178768252,-0.352986212,0.568819063,-2.344394578,0.515302710,2.100540716,-0.508326696
0.177145007,-0.353105521,0.568819037,-2.344185381,0.515115312,2.100170674,-0.508210074
0.175521456,-0.353224869,0.568819011,-2.343976120,0.514927862,2.099800522,-0.508093373
0.173897599,-0.353344256,0.568818985,-2.343766795,0.514740360,2.099430262,-0.507976591
0.172273441,-0.353463682,0.568818958,-2.343557406,0.514552806,2.099059895,-0.507859731
0.170648982,-0.353583147,0.568818932,-2.343347953,0.514365200,2.098689420,-0.507742791
0.169024226,-0.353702651,0.568818906,-2.343138437,0.514177543,2.098318838,-0.507625772
0.167399174,-0.353822193,0.568818880,-2.342928858,0.513989835,2.097948150,-0.507508674
0.165773830,-0.353941773,0.568818854,-2.342719216,0.513802077,2.097577356,-0.507391497
0.164148195,-0.354061392,0.568818828,-2.342509512,0.513614267,2.097206457,-0.507274240
0.162522273,-0.354181049,0.568818802,-2.342299746,0.513426408,2.096835452,-0.507156905
0.160896065,-0.354300744,0.568818776,-2.342089917,0.513238498,2.096464343,-0.507039490
0.159269574,-0.354420477,0.568818750,-2.341880027,0.513050539,2.096093131,-0.506921997
0.157642802,-0.354540248,0.568818724,-2.341670076,0.512862530,2.095721814,-0.506804425
0.156015752,-0.354660056,0.568818698,-2.341460063,0.512674471,2.095350395,-0.506686774
0.154388425,-0.354779901,0.568818671,-2.341249989,0.512486364,2.094978873,-0.506569044
0.152760826,-0.354899784,0.568818645,-2.341039855,0.512298207,2.094607249,-0.506451236
0.151132955,-0.355019704,0.568818619,-2.340829660,0.512110002,2.094235523,-0.506333349
0.149504816,-0.355139661,0.568818593,-2.340619405,0.511921749,2.093863696,-0.506215384
0.147876410,-0.355259654,0.568818567,-2.340409091,0.511733448,2.093491768,-0.506097340
0.146247741,-0.355379685,0.568818541,-2.340198716,0.511545098,2.093119740,-0.505979217
0.144618810,-0.355499751,0.568818514,-2.339988283,0.511356701,2.092747613,-0.505861017
0.142989620,-0.355619855,0.568818488,-2.339777790,0.511168257,2.092375386,-0.505742738
0.141360174,-0.355739994,0.568818462,-2.339567238,0.510979766,2.092003060,-0.505624381
0.139730473,-0.355860170,0.568818436,-2.339356628,0.510791227,2.091630636,-0.505505946
0.138100521,-0.355980381,0.568818410,-2.339145960,0.510602643,2.091258114,-0.505387432
0.136470319,-0.356100629,0.568818383,-2.338935233,0.510414011,2.090885495,-0.505268841
0.134839871,-0.356220912,0.568818357,-2.338724449,0.510225334,2.090512779,-0.505150171
0.133209177,-0.356341230,0.568818331,-2.338513607,0.510036610,2.090139967,-0.505031424
0.131578242,-0.356461584,0.568818305,-2.338302708,0.509847841,2.089767058,-0.504912599
0.129947067,-0.356581973,0.568818279,-2.338091752,0.509659027,2.089394054,-0.504793696
0.128315655,-0.356702397,0.568818252,-2.337880739,0.509470167,2.089020956,-0.504674715
0.126684008,-0.356822857,0.568818226,-2.337669670,0.509281263,2.088647762,-0.504555657
0.125052128,-0.356943351,0.568818200,-2.337458545,0.509092314,2.088274475,-0.504436521
0.123420018,-0.357063879,0.568818173,-2.337247364,0.508903320,2.087901094,-0.504317308
0.121787681,-0.357184442,0.568818147,-2.337036127,0.508714283,2.087527620,-0.504198017
0.120155119,-0.357305040,0.568818121,-2.336824834,0.508525201,2.087154053,-0.504078649
0.118522333,-0.357425671,0.568818095,-2.336613487,0.508336076,2.086780394,-0.503959203
0.116889328,-0.357546337,0.568818068,-2.336402084,0.508146907,2.086406644,-0.503839680
0.115256104,-0.357667037,0.568818042,-2.336190627,0.507957695,2.086032802,-0.503720080
0.113622665,-0.357787770,0.568818016,-2.335979116,0.507768440,2.085658870,-0.503600403
0.111989013,-0.357908537,0.568817989,-2.335767551,0.507579142,2.085284847,-0.503480648
0.110355150,-0.358029338,0.568817963,-2.335555932,0.507389802,2.084910735,-0.503360817
0.108721079,-0.358150172,0.568817937,-2.335344259,0.507200420,2.084536534,-0.503240908
0.107086802,-0.358271039,0.568817910,-2.335132533,0.507010996,2.084162243,-0.503120923
0.105452321,-0.358391939,0.568817884,-2.334920754,0.506821530,2.083787865,-0.503000861
0.103817640,-0.358512872,0.568817858,-2.334708922,0.506632023,2.083413398,-0.502880722
0.102182760,-0.358633837,0.568817831,-2.334497038,0.506442474,2.083038844,-0.502760506
0.100547683,-0.358754836,0.568817805,-2.334285101,0.506252885,2.082664203,-0.502640214
0.098912413,-0.358875867,0.568817779,-2.334073113,0.506063254,2.082289476,-0.502519845
0.097276952,-0.358996930,0.568817752,-2.333861072,0.505873584,2.081914663,-0.502399399
0.095641302,-0.359118025,0.568817726,-2.333648981,0.505683873,2.081539765,-0.502278878
0.094005465,-0.359239153,0.568817700,-2.333436838,0.505494122,2.081164781,-0.502158279
0.092369444,-0.359360312,0.568817673,-2.333224644,0.505304331,2.080789713,-0.502037604
0.090733242,-0.359481503,0.568817647,-2.333012400,0.505114501,2.080414561,-0.501916853
0.089096860,-0.359602725,0.568817620,-2.332800105,0.504924632,2.080039325,-0.501796026
0.087460301,-0.359723979,0.568817594,-2.332587760,0.504734723,2.079664006,-0.501675123
0.085823568,-0.359845265,0.568817568,-2.332375365,0.504544776,2.079288605,-0.501554144
0.084186663,-0.359966581,0.568817541,-2.332162921,0.504354791,2.078913122,-0.501433088
0.082549589,-0.360087929,0.568817515,-2.331950427,0.504164767,2.078537557,-0.501311957
0.080912347,-0.360209307,0.568817488,-2.331737884,0.503974705,2.078161910,-0.501190749
0.079274941,-0.360330716,0.568817462,-2.331525293,0.503784605,2.077786183,-0.501069466
0.077637372,-0.360452156,0.568817436,-2.331312653,0.503594468,2.077410376,-0.500948107
0.075999644,-0.360573626,0.568817409,-2.331099964,0.503404294,2.077034489,-0.500826673
0.074361758,-0.360695126,0.568817383,-2.330887228,0.503214083,2.076658523,-0.500705162
0.072723717,-0.360816657,0.568817356,-2.330674444,0.503023835,2.076282478,-0.500583576
0.071085524,-0.360938217,0.568817330,-2.330461612,0.502833550,2.075906355,-0.500461915
0.069447180,-0.361059807,0.568817303,-2.330248734,0.502643229,2.075530154,-0.500340178
0.067808689,-0.361181427,0.568817277,-2.330035808,0.502452872,2.075153876,-0.500218366
0.066170052,-0.361303077,0.568817250,-2.329822835,0.502262479,2.074777521,-0.500096478
0.064531272,-0.361424756,0.568817224,-2.329609817,0.502072051,2.074401089,-0.499974515
0.062892352,-0.361546464,0.568817197,-2.329396752,0.501881588,2.074024582,-0.499852477
0.061253294,-0.361668202,0.568817171,-2.329183641,0.501691089,2.073647999,-0.499730364
0.059614100,-0.361789968,0.568817144,-2.328970484,0.501500556,2.073271341,-0.499608176
0.057974773,-0.361911763,0.568817118,-2.328757282,0.501309988,2.072894608,-0.499485913
0.056335315,-0.362033587,0.568817091,-2.328544036,0.501119386,2.072517802,-0.499363574
0.054695729,-0.362155439,0.568817065,-2.328330744,0.500928749,2.072140922,-0.499241161
0.053056017,-0.362277320,0.568817038,-2.328117407,0.500738079,2.071763969,-0.499118673
0.051416181,-0.362399229,0.568817012,-2.327904027,0.500547376,2.071386944,-0.498996110
0.049776224,-0.362521166,0.568816985,-2.327690602,0.500356639,2.071009846,-0.498873473
0.048136149,-0.362643131,0.568816959,-2.327477134,0.500165869,2.070632677,-0.498750761
0.046495957,-0.362765124,0.568816932,-2.327263622,0.499975066,2.070255436,-0.498627974
0.044855651,-0.362887144,0.568816906,-2.327050067,0.499784231,2.069878125,-0.498505113
0.043215234,-0.363009192,0.568816879,-2.326836468,0.499593363,2.069500744,-0.498382178
0.041574708,-0.363131267,0.568816853,-2.326622828,0.499402464,2.069123293,-0.498259168
0.039934076,-0.363253370,0.568816826,-2.326409144,0.499211532,2.068745773,-0.498136084
0.038293339,-0.363375499,0.568816800,-2.326195419,0.499020569,2.068368185,-0.498012925
0.036652500,-0.363497656,0.568816773,-2.325981651,0.498829575,2.067990528,-0.497889693
0.035011563,-0.363619839,0.568816747,-2.325767842,0.498638549,2.067612803,-0.497766386
0.033370528,-0.363742049,0.568816720,-2.325553992,0.498447493,2.067235011,-0.497643005
0.031729399,-0.363864285,0.568816693,-2.325340100,0.498256406,2.066857152,-0.497519550
0.030088178,-0.363986548,0.568816667,-2.325126168,0.498065289,2.066479226,-0.497396022
0.028446867,-0.364108837,0.568816640,-2.324912195,0.497874142,2.066101235,-0.497272419
0.026805469,-0.364231152,0.568816614,-2.324698181,0.497682964,2.065723178,-0.497148743
0.025163987,-0.364353493,0.568816587,-2.324484128,0.497491758,2.065345057,-0.497024992
0.023522422,-0.364475859,0.568816560,-2.324270035,0.497300522,2.064966871,-0.496901169
0.021880777,-0.364598252,0.568816534,-2.324055902,0.497109257,2.064588621,-0.496777271
0.020239054,-0.364720669,0.568816507,-2.323841730,0.496917963,2.064210308,-0.496653300
0.018597257,-0.364843112,0.568816481,-2.323627519,0.496726640,2.063831931,-0.496529256
0.016955387,-0.364965580,0.568816454,-2.323413269,0.496535289,2.063453492,-0.496405138
0.015313446,-0.365088074,0.568816427,-2.323198981,0.496343910,2.063074991,-0.496280947
0.013671438,-0.365210592,0.568816401,-2.322984655,0.496152503,2.062696429,-0.496156683
0.012029364,-0.365333134,0.568816374,-2.322770290,0.495961069,2.062317805,-0.496032345
0.010387228,-0.365455702,0.568816348,-2.322555888,0.495769607,2.061939121,-0.495907934
0.008745030,-0.365578294,0.568816321,-2.322341449,0.495578118,2.061560377,-0.495783450
0.007102775,-0.365700910,0.568816294,-2.322126972,0.495386602,2.061181573,-0.495658893
0.005460464,-0.365823550,0.568816268,-2.321912459,0.495195059,2.060802710,-0.495534264
0.003818100,-0.365946214,0.568816241,-2.321697909,0.495003491,2.060423788,-0.495409561
0.002175685,-0.366068902,0.568816214,-2.321483322,0.494811896,2.060044808,-0.495284785
0.000533221,-0.366191614,0.568816188,-2.321268700,0.494620275,2.059665770,-0.495159937
-0.001109289,-0.366314349,0.568816161,-2.321054041,0.494428628,2.059286675,-0.495035016
-0.002751842,-0.366437108,0.568816134,-2.320839347,0.494236956,2.058907523,-0.494910022
-0.004394436,-0.366559890,0.568816108,-2.320624618,0.494045259,2.058528315,-0.494784956
-0.006037069,-0.366682695,0.568816081,-2.320409854,0.493853537,2.058149051,-0.494659817
-0.007679739,-0.366805524,0.568816054,-2.320195055,0.493661791,2.057769731,-0.494534606
-0.009322443,-0.366928375,0.568816028,-2.319980221,0.493470020,2.057390357,-0.494409322
-0.010965178,-0.367051248,0.568816001,-2.319765353,0.493278225,2.057010928,-0.494283966
-0.012607942,-0.367174144,0.568815974,-2.319550452,0.493086406,2.056631446,-0.494158538
-0.014250733,-0.367297063,0.568815948,-2.319335516,0.492894563,2.056251910,-0.494033038
-0.015893548,-0.367420004,0.568815921,-2.319120547,0.492702697,2.055872321,-0.493907466
-0.017536385,-0.367542967,0.568815894,-2.318905545,0.492510808,2.055492679,-0.493781821
-0.019179241,-0.367665952,0.568815868,-2.318690510,0.492318896,2.055112986,-0.493656105
-0.020822114,-0.367788958,0.568815841,-2.318475443,0.492126961,2.054733241,-0.493530316
-0.022465002,-0.367911987,0.568815814,-2.318260343,0.491935004,2.054353445,-0.493404456
-0.024107902,-0.368035037,0.568815787,-2.318045211,0.491743025,2.053973598,-0.493278524
-0.025750812,-0.368158108,0.568815761,-2.317830047,0.491551023,2.053593702,-0.493152520
-0.027393730,-0.368281200,0.568815734,-2.317614851,0.491359001,2.053213755,-0.493026445
-0.029036652,-0.368404314,0.568815707,-2.317399624,0.491166956,2.052833760,-0.492900298
-0.030679576,-0.368527448,0.568815681,-2.317184366,0.490974891,2.052453716,-0.492774079
-0.032322501,-0.368650604,0.568815654,-2.316969078,0.490782804,2.052073624,-0.492647789
-0.033965424,-0.368773779,0.568815627,-2.316753758,0.490590697,2.051693484,-0.492521428
-0.035608342,-0.368896976,0.568815600,-2.316538409,0.490398569,2.051313296,-0.492394995
-0.037251252,-0.369020193,0.568815574,-2.316323029,0.490206422,2.050933062,-0.492268491
-0.038894153,-0.369143429,0.568815547,-2.316107620,0.490014254,2.050552782,-0.492141916
-0.040537042,-0.369266686,0.568815520,-2.315892181,0.489822066,2.050172456,-0.492015270
-0.042179917,-0.369389963,0.568815493,-2.315676713,0.489629860,2.049792085,-0.491888552
-0.043822775,-0.369513260,0.568815467,-2.315461216,0.489437633,2.049411668,-0.491761764
-0.045465614,-0.369636576,0.568815440,-2.315245691,0.489245388,2.049031208,-0.491634905
-0.047108431,-0.369759912,0.568815413,-2.315030137,0.489053125,2.048650703,-0.491507974
-0.048751224,-0.369883267,0.568815386,-2.314814555,0.488860842,2.048270156,-0.491380973
-0.050393990,-0.370006641,0.568815360,-2.314598945,0.488668542,2.047889565,-0.491253902
-0.052036728,-0.370130035,0.568815333,-2.314383307,0.488476224,2.047508931,-0.491126759
-0.053679434,-0.370253447,0.568815306,-2.314167642,0.488283888,2.047128256,-0.490999546
-0.055322107,-0.370376878,0.568815279,-2.313951950,0.488091534,2.046747539,-0.490872262
-0.056964744,-0.370500327,0.568815253,-2.313736231,0.487899163,2.046366782,-0.490744908
-0.058607342,-0.370623795,0.568815226,-2.313520486,0.487706775,2.045985983,-0.490617484
-0.060249899,-0.370747282,0.568815199,-2.313304714,0.487514371,2.045605145,-0.490489989
-0.061892413,-0.370870786,0.568815172,-2.313088916,0.487321950,2.045224267,-0.490362424
-0.063534882,-0.370994309,0.568815145,-2.312873093,0.487129512,2.044843350,-0.490234788
-0.065177302,-0.371117849,0.568815119,-2.312657243,0.486937059,2.044462394,-0.490107083
-0.066819671,-0.371241407,0.568815092,-2.312441369,0.486744590,2.044081400,-0.489979307
-0.068461988,-0.371364983,0.568815065,-2.312225470,0.486552106,2.043700368,-0.489851461
-0.070104249,-0.371488576,0.568815038,-2.312009546,0.486359606,2.043319300,-0.489723546
-0.071746453,-0.371612186,0.568815012,-2.311793597,0.486167091,2.042938194,-0.489595560
-0.073388596,-0.371735813,0.568814985,-2.311577625,0.485974562,2.042557052,-0.489467505
-0.075030677,-0.371859458,0.568814958,-2.311361628,0.485782017,2.042175874,-0.489339380
-0.076672693,-0.371983119,0.568814931,-2.311145608,0.485589459,2.041794662,-0.489211185
-0.078314641,-0.372106797,0.568814904,-2.310929564,0.485396887,2.041413414,-0.489082920
-0.079956520,-0.372230492,0.568814878,-2.310713497,0.485204301,2.041032132,-0.488954586
-0.081598326,-0.372354203,0.568814851,-2.310497408,0.485011701,2.040650816,-0.488826183
-0.083240058,-0.372477930,0.568814824,-2.310281295,0.484819088,2.040269466,-0.488697710
-0.084881713,-0.372601673,0.568814797,-2.310065161,0.484626462,2.039888084,-0.488569167
-0.086523289,-0.372725433,0.568814770,-2.309849004,0.484433823,2.039506669,-0.488440556
-0.088164783,-0.372849208,0.568814743,-2.309632826,0.484241172,2.039125222,-0.488311875
-0.089806192,-0.372972999,0.568814717,-2.309416625,0.484048508,2.038743744,-0.488183125
-0.091447515,-0.373096805,0.568814690,-2.309200404,0.483855832,2.038362235,-0.488054306
-0.093088749,-0.373220627,0.568814663,-2.308984162,0.483663145,2.037980695,-0.487925417
-0.094729892,-0.373344464,0.568814636,-2.308767899,0.483470446,2.037599125,-0.487796460
-0.096370940,-0.373468316,0.568814609,-2.308551615,0.483277735,2.037217525,-0.487667434
-0.098011893,-0.373592183,0.568814583,-2.308335311,0.483085014,2.036835896,-0.487538339
-0.099652747,-0.373716065,0.568814556,-2.308118987,0.482892282,2.036454239,-0.487409175
-0.101293500,-0.373839962,0.568814529,-2.307902644,0.482699539,2.036072553,-0.487279943
-0.102934150,-0.373963873,0.568814502,-2.307686281,0.482506785,2.035690840,-0.487150642
-0.104574693,-0.374087799,0.568814475,-2.307469898,0.482314022,2.035309100,-0.487021272
-0.106215129,-0.374211738,0.568814448,-2.307253497,0.482121249,2.034927332,-0.486891834
-0.107855454,-0.374335692,0.568814422,-2.307037078,0.481928466,2.034545539,-0.486762328
-0.109495666,-0.374459660,0.568814395,-2.306820639,0.481735674,2.034163720,-0.486632753
-0.111135763,-0.374583641,0.568814368,-2.306604183,0.481542873,2.033781875,-0.486503109
-0.112775742,-0.374707637,0.568814341,-2.306387709,0.481350063,2.033400005,-0.486373398
-0.114415601,-0.374831645,0.568814314,-2.306171217,0.481157244,2.033018111,-0.486243618
-0.116055337,-0.374955667,0.568814287,-2.305954708,0.480964417,2.032636194,-0.486113770
-0.117694949,-0.375079703,0.568814260,-2.305738182,0.480771582,2.032254252,-0.485983854
-0.119334433,-0.375203751,0.568814234,-2.305521639,0.480578738,2.031872288,-0.485853870
-0.120973788,-0.375327812,0.568814207,-2.305305079,0.480385888,2.031490301,-0.485723818
-0.122613010,-0.375451886,0.568814180,-2.305088503,0.480193030,2.031108293,-0.485593699
-0.124252098,-0.375575973,0.568814153,-2.304871911,0.480000164,2.030726262,-0.485463511
-0.125891049,-0.375700072,0.568814126,-2.304655304,0.479807292,2.030344211,-0.485333256
-0.127529860,-0.375824184,0.568814099,-2.304438681,0.479614413,2.029962139,-0.485202933
-0.129168531,-0.375948307,0.568814072,-2.304222042,0.479421528,2.029580047,-0.485072543
-0.130807057,-0.376072443,0.568814046,-2.304005389,0.479228636,2.029197935,-0.484942085
-0.132445436,-0.376196591,0.568814019,-2.303788721,0.479035739,2.028815804,-0.484811559
-0.134083667,-0.376320750,0.568813992,-2.303572038,0.478842836,2.028433655,-0.484680966
-0.135721747,-0.376444922,0.568813965,-2.303355341,0.478649927,2.028051487,-0.484550306
-0.137359673,-0.376569104,0.568813938,-2.303138631,0.478457014,2.027669301,-0.484419579
-0.138997443,-0.376693298,0.568813911,-2.302921906,0.478264095,2.027287098,-0.484288784
-0.140635055,-0.376817503,0.568813884,-2.302705168,0.478071172,2.026904878,-0.484157922
-0.142272506,-0.376941719,0.568813858,-2.302488417,0.477878244,2.026522642,-0.484026993
-0.143909794,-0.377065946,0.568813831,-2.302271654,0.477685312,2.026140390,-0.483895998
-0.145546917,-0.377190184,0.568813804,-2.302054877,0.477492376,2.025758123,-0.483764935
-0.147183871,-0.377314433,0.568813777,-2.301838088,0.477299436,2.025375841,-0.483633805
-0.148820656,-0.377438692,0.568813750,-2.301621287,0.477106493,2.024993544,-0.483502609
-0.150457268,-0.377562961,0.568813723,-2.301404474,0.476913546,2.024611233,-0.483371346
-0.152093705,-0.377687240,0.568813696,-2.301187650,0.476720597,2.024228909,-0.483240016
-0.153729964,-0.377811530,0.568813669,-2.300970814,0.476527645,2.023846572,-0.483108619
-0.155366044,-0.377935829,0.568813643,-2.300753968,0.476334690,2.023464222,-0.482977156
-0.157001942,-0.378060138,0.568813616,-2.300537110,0.476141733,2.023081860,-0.482845627
-0.158637655,-0.378184457,0.568813589,-2.300320242,0.475948774,2.022699486,-0.482714031
-0.160273181,-0.378308785,0.568813562,-2.300103364,0.475755813,2.022317101,-0.482582369
-0.161908518,-0.378433122,0.568813535,-2.299886475,0.475562851,2.021934706,-0.482450640
-0.163543664,-0.378557469,0.568813508,-2.299669577,0.475369887,2.021552300,-0.482318846
-0.165178616,-0.378681825,0.568813481,-2.299452669,0.475176922,2.021169885,-0.482186985
-0.166813371,-0.378806189,0.568813454,-2.299235752,0.474983957,2.020787460,-0.482055058
-0.168447927,-0.378930562,0.568813428,-2.299018827,0.474790991,2.020405026,-0.481923065
-0.170082283,-0.379054944,0.568813401,-2.298801892,0.474598024,2.020022585,-0.481791006
-0.171716435,-0.379179335,0.568813374,-2.298584949,0.474405058,2.019640135,-0.481658882
-0.173350381,-0.379303733,0.568813347,-2.298367998,0.474212092,2.019257678,-0.481526691
-0.174984119,-0.379428140,0.568813320,-2.298151039,0.474019126,2.018875214,-0.481394435
-0.176617646,-0.379552555,0.568813293,-2.297934072,0.473826160,2.018492743,-0.481262113
-0.178250961,-0.379676977,0.568813266,-2.297717097,0.473633196,2.018110266,-0.481129726
-0.179884060,-0.379801408,0.568813239,-2.297500116,0.473440233,2.017727784,-0.480997272
-0.181516942,-0.379925846,0.568813213,-2.297283128,0.473247271,2.017345297,-0.480864754
-0.183149603,-0.380050291,0.568813186,-2.297066133,0.473054311,2.016962805,-0.480732170
-0.184782043,-0.380174744,0.568813159,-2.296849132,0.472861352,2.016580310,-0.480599521
-0.186414257,-0.380299204,0.568813132,-2.296632124,0.472668396,2.016197810,-0.480466806
-0.188046245,-0.380423671,0.568813105,-2.296415111,0.472475442,2.015815307,-0.480334026
-0.189678003,-0.380548145,0.568813078,-2.296198092,0.472282491,2.015432802,-0.480201181
-0.191309529,-0.380672625,0.568813051,-2.295981068,0.472089542,2.015050294,-0.480068271
-0.192940821,-0.380797112,0.568813024,-2.295764039,0.471896597,2.014667785,-0.479935296
-0.194571877,-0.380921606,0.568812998,-2.295547004,0.471703655,2.014285274,-0.479802256
-0.196202694,-0.381046106,0.568812971,-2.295329966,0.471510716,2.013902762,-0.479669151
-0.197833269,-0.381170612,0.568812944,-2.295112923,0.471317782,2.013520251,-0.479535981
-0.199463602,-0.381295124,0.568812917,-2.294895876,0.471124851,2.013137739,-0.479402747
-0.201093688,-0.381419642,0.568812890,-2.294678825,0.470931924,2.012755227,-0.479269448
-0.202723526,-0.381544166,0.568812863,-2.294461771,0.470739003,2.012372717,-0.479136084
-0.204353113,-0.381668695,0.568812836,-2.294244713,0.470546085,2.011990208,-0.479002656
-0.205982447,-0.381793229,0.568812809,-2.294027653,0.470353173,2.011607701,-0.478869163
-0.207611526,-0.381917769,0.568812782,-2.293810589,0.470160266,2.011225197,-0.478735606
-0.209240347,-0.382042315,0.568812756,-2.293593523,0.469967365,2.010842695,-0.478601984
-0.210868909,-0.382166865,0.568812729,-2.293376455,0.469774469,2.010460197,-0.478468298
-0.212497208,-0.382291420,0.568812702,-2.293159385,0.469581579,2.010077703,-0.478334548
-0.214125242,-0.382415980,0.568812675,-2.292942314,0.469388696,2.009695212,-0.478200734
-0.215753009,-0.382540544,0.568812648,-2.292725240,0.469195819,2.009312727,-0.478066856
-0.217380507,-0.382665113,0.568812621,-2.292508166,0.469002948,2.008930247,-0.477932913
-0.219007733,-0.382789686,0.568812594,-2.292291091,0.468810085,2.008547772,-0.477798907
-0.220634685,-0.382914263,0.568812567,-2.292074015,0.468617229,2.008165304,-0.477664837
-0.222261361,-0.383038844,0.568812541,-2.291856938,0.468424380,2.007782842,-0.477530703
-0.223887758,-0.383163429,0.568812514,-2.291639861,0.468231538,2.007400388,-0.477396505
-0.225513874,-0.383288018,0.568812487,-2.291422785,0.468038705,2.007017940,-0.477262243
-0.227139706,-0.383412611,0.568812460,-2.291205709,0.467845880,2.006635501,-0.477127918
-0.228765253,-0.383537207,0.568812433,-2.290988633,0.467653063,2.006253071,-0.476993529
-0.230390512,-0.383661806,0.568812406,-2.290771558,0.467460255,2.005870649,-0.476859077
-0.232015480,-0.383786408,0.568812379,-2.290554485,0.467267455,2.005488236,-0.476724562
-0.233640156,-0.383911014,0.568812353,-2.290337412,0.467074665,2.005105834,-0.476589983
-0.235264536,-0.384035622,0.568812326,-2.290120342,0.466881884,2.004723442,-0.476455340
-0.236888619,-0.384160233,0.568812299,-2.289903273,0.466689112,2.004341060,-0.476320635
-0.238512402,-0.384284847,0.568812272,-2.289686207,0.466496351,2.003958690,-0.476185866
-0.240135884,-0.384409463,0.568812245,-2.289469142,0.466303599,2.003576332,-0.476051034
-0.241759061,-0.384534081,0.568812218,-2.289252081,0.466110858,2.003193985,-0.475916140
-0.243381931,-0.384658702,0.568812191,-2.289035022,0.465918127,2.002811652,-0.475781182
-0.245004492,-0.384783324,0.568812164,-2.288817967,0.465725407,2.002429331,-0.475646161
-0.246626742,-0.384907949,0.568812138,-2.288600915,0.465532698,2.002047024,-0.475511078
-0.248248678,-0.385032575,0.568812111,-2.288383866,0.465340000,2.001664731,-0.475375931
-0.249870298,-0.385157203,0.568812084,-2.288166822,0.465147314,2.001282452,-0.475240722
-0.251491600,-0.385281832,0.568812057,-2.287949782,0.464954639,2.000900189,-0.475105451
-0.253112581,-0.385406463,0.568812030,-2.287732746,0.464761977,2.000517940,-0.474970116
-0.254733239,-0.385531095,0.568812003,-2.287515715,0.464569326,2.000135708,-0.474834720
-0.256353572,-0.385655728,0.568811976,-2.287298689,0.464376688,1.999753492,-0.474699260
-0.257973577,-0.385780362,0.568811950,-2.287081668,0.464184063,1.999371293,-0.474563739
-0.259593253,-0.385904996,0.568811923,-2.286864652,0.463991451,1.998989111,-0.474428155
-0.261212596,-0.386029631,0.568811896,-2.286647642,0.463798851,1.998606946,-0.474292509
-0.262831604,-0.386154267,0.568811869,-2.286430639,0.463606265,1.998224800,-0.474156801
-0.264450276,-0.386278903,0.568811842,-2.286213641,0.463413693,1.997842673,-0.474021030
-0.266068609,-0.386403539,0.568811815,-2.285996650,0.463221135,1.997460564,-0.473885198
-0.267686600,-0.386528175,0.568811789,-2.285779666,0.463028590,1.997078475,-0.473749304
-0.269304248,-0.386652812,0.568811762,-2.285562688,0.462836060,1.996696406,-0.473613347
-0.270921549,-0.386777447,0.568811735,-2.285345718,0.462643545,1.996314357,-0.473477329
-0.272538502,-0.386902083,0.568811708,-2.285128756,0.462451044,1.995932330,-0.473341249
-0.274155104,-0.387026718,0.568811681,-2.284911801,0.462258558,1.995550324,-0.473205107
-0.275771354,-0.387151353,0.568811654,-2.284694854,0.462066088,1.995168339,-0.473068904
-0.277387248,-0.387275986,0.568811627,-2.284477916,0.461873633,1.994786377,-0.472932639
-0.279002784,-0.387400619,0.568811601,-2.284260986,0.461681194,1.994404437,-0.472796313
-0.280617961,-0.387525251,0.568811574,-2.284044064,0.461488771,1.994022521,-0.472659925
-0.282232775,-0.387649881,0.568811547,-2.283827152,0.461296364,1.993640629,-0.472523476
-0.283847225,-0.387774510,0.568811520,-2.283610249,0.461103974,1.993258760,-0.472386965
-0.285461308,-0.387899138,0.568811493,-2.283393356,0.460911600,1.992876916,-0.472250393
-0.287075022,-0.388023764,0.568811467,-2.283176472,0.460719243,1.992495097,-0.472113760
-0.288688365,-0.388148388,0.568811440,-2.282959598,0.460526903,1.992113304,-0.471977066
-0.290301334,-0.388273010,0.568811413,-2.282742735,0.460334581,1.991731536,-0.471840311
-0.291913927,-0.388397631,0.568811386,-2.282525882,0.460142277,1.991349795,-0.471703495
-0.293526142,-0.388522249,0.568811359,-2.282309040,0.459949990,1.990968081,-0.471566617
-0.295137977,-0.388646865,0.568811332,-2.282092209,0.459757721,1.990586394,-0.471429679
-0.296749428,-0.388771478,0.568811306,-2.281875390,0.459565471,1.990204735,-0.471292681
-0.298360495,-0.388896089,0.568811279,-2.281658582,0.459373239,1.989823104,-0.471155621
-0.299971174,-0.389020697,0.568811252,-2.281441785,0.459181026,1.989441502,-0.471018501
-0.301581463,-0.389145302,0.568811225,-2.281225001,0.458988832,1.989059928,-0.470881320
-0.303191361,-0.389269904,0.568811198,-2.281008229,0.458796658,1.988678385,-0.470744079
-0.304800864,-0.389394503,0.568811172,-2.280791470,0.458604503,1.988296871,-0.470606777
-0.306409971,-0.389519099,0.568811145,-2.280574723,0.458412368,1.987915388,-0.470469415
-0.308018679,-0.389643691,0.568811118,-2.280357990,0.458220252,1.987533936,-0.470331992
-0.309626986,-0.389768279,0.568811091,-2.280141269,0.458028157,1.987152515,-0.470194509
-0.311234890,-0.389892864,0.568811064,-2.279924563,0.457836082,1.986771126,-0.470056966
-0.312842388,-0.390017445,0.568811038,-2.279707870,0.457644028,1.986389769,-0.469919363
-0.314449478,-0.390142023,0.568811011,-2.279491191,0.457451995,1.986008445,-0.469781700
-0.316056158,-0.390266596,0.568810984,-2.279274527,0.457259984,1.985627154,-0.469643977
-0.317662426,-0.390391164,0.568810957,-2.279057877,0.457067993,1.985245897,-0.469506193
-0.319268279,-0.390515729,0.568810931,-2.278841242,0.456876024,1.984864674,-0.469368350
-0.320873715,-0.390640288,0.568810904,-2.278624622,0.456684077,1.984483485,-0.469230447
-0.322478732,-0.390764843,0.568810877,-2.278408017,0.456492152,1.984102332,-0.469092485
-0.324083327,-0.390889394,0.568810850,-2.278191428,0.456300249,1.983721214,-0.468954462
-0.325687499,-0.391013939,0.568810823,-2.277974855,0.456108369,1.983340132,-0.468816381
-0.327291245,-0.391138479,0.568810797,-2.277758297,0.455916512,1.982959086,-0.468678239
-0.328894562,-0.391263014,0.568810770,-2.277541756,0.455724678,1.982578077,-0.468540038
-0.330497449,-0.391387544,0.568810743,-2.277325232,0.455532867,1.982197105,-0.468401778
-0.332099903,-0.391512068,0.568810716,-2.277108724,0.455341079,1.981816171,-0.468263458
-0.333701922,-0.391636586,0.568810690,-2.276892234,0.455149315,1.981435275,-0.468125079
-0.335303504,-0.391761099,0.568810663,-2.276675761,0.454957575,1.981054417,-0.467986641
-0.336904647,-0.391885606,0.568810636,-2.276459305,0.454765860,1.980673599,-0.467848143
-0.338505347,-0.392010106,0.568810609,-2.276242867,0.454574168,1.980292820,-0.467709587
-0.340105604,-0.392134601,0.568810583,-2.276026447,0.454382502,1.979912081,-0.467570971
-0.341705414,-0.392259089,0.568810556,-2.275810046,0.454190860,1.979531383,-0.467432296
-0.343304776,-0.392383571,0.568810529,-2.275593663,0.453999243,1.979150725,-0.467293563
-0.344903687,-0.392508046,0.568810502,-2.275377299,0.453807652,1.978770109,-0.467154771
-0.346502145,-0.392632514,0.568810476,-2.275160954,0.453616086,1.978389534,-0.467015920
-0.348100147,-0.392756976,0.568810449,-2.274944628,0.453424546,1.978009001,-0.466877010
-0.349697693,-0.392881430,0.568810422,-2.274728322,0.453233032,1.977628511,-0.466738041
-0.351294778,-0.393005877,0.568810396,-2.274512035,0.453041544,1.977248065,-0.466599014
-0.352891402,-0.393130317,0.568810369,-2.274295769,0.452850083,1.976867661,-0.466459929
-0.354487561,-0.393254750,0.568810342,-2.274079522,0.452658648,1.976487302,-0.466320785
-0.356083254,-0.393379175,0.568810315,-2.273863297,0.452467241,1.976106987,-0.466181583
-0.357678478,-0.393503592,0.568810289,-2.273647092,0.452275860,1.975726717,-0.466042322
-0.359273231,-0.393628002,0.568810262,-2.273430908,0.452084507,1.975346492,-0.465903003
-0.360867512,-0.393752403,0.568810235,-2.273214746,0.451893182,1.974966312,-0.465763626
-0.362461316,-0.393876797,0.568810209,-2.272998604,0.451701884,1.974586179,-0.465624191
-0.364054644,-0.394001182,0.568810182,-2.272782485,0.451510615,1.974206093,-0.465484698
-0.365647491,-0.394125559,0.568810155,-2.272566388,0.451319374,1.973826054,-0.465345146
-0.367239856,-0.394249927,0.568810129,-2.272350313,0.451128161,1.973446062,-0.465205537
-0.368831738,-0.394374286,0.568810102,-2.272134260,0.450936977,1.973066118,-0.465065870
-0.370423132,-0.394498637,0.568810075,-2.271918231,0.450745823,1.972686223,-0.464926145
-0.372014038,-0.394622979,0.568810049,-2.271702224,0.450554697,1.972306376,-0.464786363
-0.373604453,-0.394747312,0.568810022,-2.271486240,0.450363601,1.971926579,-0.464646523
-0.375194375,-0.394871636,0.568809995,-2.271270280,0.450172535,1.971546831,-0.464506625
-0.376783802,-0.394995950,0.568809968,-2.271054344,0.449981498,1.971167133,-0.464366669
-0.378372731,-0.395120255,0.568809942,-2.270838431,0.449790492,1.970787487,-0.464226657
-0.379961160,-0.395244550,0.568809915,-2.270622543,0.449599516,1.970407891,-0.464086586
-0.381549087,-0.395368836,0.568809889,-2.270406679,0.449408571,1.970028346,-0.463946459
-0.383136510,-0.395493111,0.568809862,-2.270190840,0.449217656,1.969648854,-0.463806274
-0.384723427,-0.395617377,0.568809835,-2.269975026,0.449026773,1.969269414,-0.463666032
-0.386309835,-0.395741632,0.568809809,-2.269759237,0.448835920,1.968890026,-0.463525732
-0.387895732,-0.395865878,0.568809782,-2.269543474,0.448645100,1.968510692,-0.463385376
-0.389481116,-0.395990112,0.568809755,-2.269327736,0.448454311,1.968131412,-0.463244963
-0.391065985,-0.396114337,0.568809729,-2.269112024,0.448263554,1.967752185,-0.463104492
-0.392650337,-0.396238550,0.568809702,-2.268896338,0.448072829,1.967373014,-0.462963965
-0.394234169,-0.396362753,0.568809675,-2.268680679,0.447882137,1.966993897,-0.462823381
-0.395817479,-0.396486945,0.568809649,-2.268465046,0.447691477,1.966614836,-0.462682740
-0.397400265,-0.396611126,0.568809622,-2.268249440,0.447500850,1.966235830,-0.462542043
-0.398982526,-0.396735295,0.568809596,-2.268033862,0.447310257,1.965856881,-0.462401289
-0.400564257,-0.396859453,0.568809569,-2.267818310,0.447119696,1.965477988,-0.462260478
-0.402145458,-0.396983600,0.568809542,-2.267602787,0.446929169,1.965099153,-0.462119611
-0.403726127,-0.397107735,0.568809516,-2.267387291,0.446738676,1.964720375,-0.461978687
-0.405306260,-0.397231859,0.568809489,-2.267171823,0.446548217,1.964341656,-0.461837707
-0.406885857,-0.397355970,0.568809463,-2.266956384,0.446357792,1.963962995,-0.461696671
-0.408464914,-0.397480070,0.568809436,-2.266740973,0.446167402,1.963584392,-0.461555578
-0.410043429,-0.397604157,0.568809409,-2.266525591,0.445977046,1.963205849,-0.461414429
-0.411621401,-0.397728232,0.568809383,-2.266310238,0.445786725,1.962827366,-0.461273224
-0.413198827,-0.397852295,0.568809356,-2.266094914,0.445596440,1.962448943,-0.461131963
-0.414775706,-0.397976345,0.568809330,-2.265879620,0.445406189,1.962070581,-0.460990646
-0.416352034,-0.398100382,0.568809303,-2.265664356,0.445215974,1.961692280,-0.460849273
-0.417927809,-0.398224407,0.568809277,-2.265449122,0.445025795,1.961314040,-0.460707844
-0.419503030,-0.398348418,0.568809250,-2.265233917,0.444835652,1.960935863,-0.460566360
-0.421077695,-0.398472417,0.568809224,-2.265018744,0.444645545,1.960557747,-0.460424820
-0.422651800,-0.398596402,0.568809197,-2.264803601,0.444455475,1.960179695,-0.460283223
-0.424225345,-0.398720374,0.568809170,-2.264588489,0.444265442,1.959801705,-0.460141572
-0.425798326,-0.398844333,0.568809144,-2.264373409,0.444075445,1.959423780,-0.459999865
-0.427370742,-0.398968278,0.568809117,-2.264158360,0.443885485,1.959045918,-0.459858102
-0.428942591,-0.399092209,0.568809091,-2.263943342,0.443695563,1.958668121,-0.459716284
-0.430513870,-0.399216126,0.568809064,-2.263728357,0.443505678,1.958290389,-0.459574410
-0.432084577,-0.399340030,0.568809038,-2.263513403,0.443315831,1.957912723,-0.459432482
-0.433654710,-0.399463919,0.568809011,-2.263298483,0.443126023,1.957535122,-0.459290498
-0.435224267,-0.399587794,0.568808985,-2.263083594,0.442936252,1.957157587,-0.459148459
-0.436793246,-0.399711654,0.568808958,-2.262868739,0.442746520,1.956780119,-0.459006364
-0.438361644,-0.399835500,0.568808932,-2.262653917,0.442556826,1.956402719,-0.458864215
-0.439929460,-0.399959331,0.568808905,-2.262439128,0.442367172,1.956025385,-0.458722011
-0.441496691,-0.400083148,0.568808879,-2.262224373,0.442177556,1.955648120,-0.458579752
-0.443063336,-0.400206950,0.568808852,-2.262009651,0.441987980,1.955270923,-0.458437438
-0.444629391,-0.400330736,0.568808826,-2.261794964,0.441798444,1.954893795,-0.458295069
-0.446194855,-0.400454507,0.568808799,-2.261580311,0.441608947,1.954516736,-0.458152645
-0.447759726,-0.400578263,0.568808773,-2.261365692,0.441419490,1.954139747,-0.458010167
-0.449324002,-0.400702004,0.568808747,-2.261151109,0.441230074,1.953762828,-0.457867634
-0.450887680,-0.400825729,0.568808720,-2.260936560,0.441040698,1.953385980,-0.457725047
-0.452450758,-0.400949438,0.568808694,-2.260722047,0.440851362,1.953009202,-0.457582405
-0.454013235,-0.401073132,0.568808667,-2.260507569,0.440662068,1.952632496,-0.457439709
-0.455575108,-0.401196809,0.568808641,-2.260293127,0.440472814,1.952255862,-0.457296958
-0.457136375,-0.401320471,0.568808614,-2.260078720,0.440283602,1.951879300,-0.457154154
-0.458697033,-0.401444116,0.568808588,-2.259864350,0.440094432,1.951502810,-0.457011295
-0.460257081,-0.401567745,0.568808561,-2.259650017,0.439905303,1.951126394,-0.456868381
-0.461816517,-0.401691357,0.568808535,-2.259435720,0.439716216,1.950750051,-0.456725414
-0.463375339,-0.401814953,0.568808509,-2.259221460,0.439527171,1.950373782,-0.456582393
-0.464933543,-0.401938532,0.568808482,-2.259007237,0.439338169,1.949997587,-0.456439317
-0.466491129,-0.402062094,0.568808456,-2.258793051,0.439149210,1.949621467,-0.456296188
-0.468048095,-0.402185639,0.568808429,-2.258578903,0.438960293,1.949245422,-0.456153005
-0.469604437,-0.402309167,0.568808403,-2.258364793,0.438771419,1.948869453,-0.456009768
-0.471160154,-0.402432677,0.568808377,-2.258150721,0.438582589,1.948493560,-0.455866478
-0.472715244,-0.402556171,0.568808350,-2.257936688,0.438393802,1.948117743,-0.455723134
-0.474269704,-0.402679646,0.568808324,-2.257722693,0.438205059,1.947742003,-0.455579736
-0.475823534,-0.402803105,0.568808297,-2.257508736,0.438016360,1.947366341,-0.455436285
-0.477376729,-0.402926545,0.568808271,-2.257294819,0.437827705,1.946990756,-0.455292780
-0.478929289,-0.403049967,0.568808245,-2.257080941,0.437639094,1.946615249,-0.455149222
-0.480481212,-0.403173372,0.568808218,-2.256867102,0.437450528,1.946239821,-0.455005610
-0.482032495,-0.403296758,0.568808192,-2.256653303,0.437262007,1.945864472,-0.454861945
-0.483583136,-0.403420126,0.568808166,-2.256439544,0.437073531,1.945489202,-0.454718227
-0.485133132,-0.403543475,0.568808139,-2.256225825,0.436885100,1.945114012,-0.454574456
-0.486682483,-0.403666806,0.568808113,-2.256012147,0.436696714,1.944738902,-0.454430632
-0.488231186,-0.403790118,0.568808087,-2.255798509,0.436508374,1.944363873,-0.454286755
-0.489779239,-0.403913412,0.568808060,-2.255584912,0.436320080,1.943988925,-0.454142824
-0.491326639,-0.404036686,0.568808034,-2.255371356,0.436131833,1.943614058,-0.453998841
-0.492873385,-0.404159942,0.568808008,-2.255157842,0.435943631,1.943239273,-0.453854805
-0.494419474,-0.404283178,0.568807982,-2.254944369,0.435755476,1.942864571,-0.453710717
-0.495964905,-0.404406395,0.568807955,-2.254730937,0.435567368,1.942489951,-0.453566575
-0.497509675,-0.404529593,0.568807929,-2.254517548,0.435379306,1.942115414,-0.453422381
-0.499053783,-0.404652770,0.568807903,-2.254304201,0.435191292,1.941740961,-0.453278134
-0.500597225,-0.404775929,0.568807876,-2.254090897,0.435003325,1.941366592,-0.453133835
-0.502140001,-0.404899067,0.568807850,-2.253877635,0.434815406,1.940992307,-0.452989483
-0.503682109,-0.405022186,0.568807824,-2.253664416,0.434627535,1.940618107,-0.452845079
-0.505223545,-0.405145284,0.568807798,-2.253451240,0.434439711,1.940243992,-0.452700623
-0.506764308,-0.405268362,0.568807771,-2.253238108,0.434251936,1.939869963,-0.452556114
-0.508304396,-0.405391420,0.568807745,-2.253025019,0.434064209,1.939496019,-0.452411553
-0.509843807,-0.405514457,0.568807719,-2.252811974,0.433876531,1.939122162,-0.452266940
-0.511382539,-0.405637474,0.568807693,-2.252598973,0.433688902,1.938748392,-0.452122275
-0.512920589,-0.405760470,0.568807666,-2.252386017,0.433501322,1.938374709,-0.451977557
-0.514457957,-0.405883446,0.568807640,-2.252173105,0.433313791,1.938001114,-0.451832788
-0.515994639,-0.406006400,0.568807614,-2.251960237,0.433126310,1.937627607,-0.451687967
-0.517530633,-0.406129333,0.568807588,-2.251747415,0.432938878,1.937254188,-0.451543094
-0.519065938,-0.406252245,0.568807562,-2.251534638,0.432751497,1.936880859,-0.451398169
-0.520600552,-0.406375136,0.568807535,-2.251321906,0.432564165,1.936507618,-0.451253193
-0.522134472,-0.406498005,0.568807509,-2.251109220,0.432376884,1.936134467,-0.451108165
-0.523667697,-0.406620853,0.568807483,-2.250896580,0.432189653,1.935761406,-0.450963085
-0.525200224,-0.406743679,0.568807457,-2.250683986,0.432002473,1.935388436,-0.450817953
-0.526732052,-0.406866483,0.568807431,-2.250471439,0.431815344,1.935015557,-0.450672771
-0.528263178,-0.406989265,0.568807405,-2.250258938,0.431628267,1.934642769,-0.450527536
-0.529793600,-0.407112025,0.568807378,-2.250046483,0.431441241,1.934270072,-0.450382251
-0.531323316,-0.407234763,0.568807352,-2.249834076,0.431254266,1.933897468,-0.450236914
-0.532852325,-0.407357478,0.568807326,-2.249621716,0.431067343,1.933524957,-0.450091526
-0.534380624,-0.407480171,0.568807300,-2.249409403,0.430880472,1.933152538,-0.449946086
-0.535908211,-0.407602842,0.568807274,-2.249197138,0.430693654,1.932780213,-0.449800596
-0.537435085,-0.407725489,0.568807248,-2.248984921,0.430506887,1.932407981,-0.449655055
-0.538961242,-0.407848114,0.568807222,-2.248772752,0.430320174,1.932035844,-0.449509462
-0.540486682,-0.407970716,0.568807195,-2.248560632,0.430133513,1.931663801,-0.449363819
-0.542011402,-0.408093295,0.568807169,-2.248348560,0.429946906,1.931291853,-0.449218124
-0.543535400,-0.408215851,0.568807143,-2.248136536,0.429760351,1.930920000,-0.449072379
-0.545058675,-0.408338383,0.568807117,-2.247924562,0.429573850,1.930548243,-0.448926583
-0.546581223,-0.408460892,0.568807091,-2.247712637,0.429387403,1.930176582,-0.448780737
-0.548103044,-0.408583377,0.568807065,-2.247500762,0.429201010,1.929805018,-0.448634840
-0.549624135,-0.408705839,0.568807039,-2.247288936,0.429014671,1.929433551,-0.448488892
-0.551144494,-0.408828277,0.568807013,-2.247077160,0.428828386,1.929062181,-0.448342894
-0.552664119,-0.408950691,0.568806987,-2.246865435,0.428642156,1.928690909,-0.448196845
-0.554183008,-0.409073081,0.568806961,-2.246653759,0.428455980,1.928319735,-0.448050746
-0.555701160,-0.409195446,0.568806935,-2.246442134,0.428269859,1.927948660,-0.447904597
-0.557218571,-0.409317788,0.568806909,-2.246230560,0.428083794,1.927577683,-0.447758397
-0.558735241,-0.409440105,0.568806883,-2.246019037,0.427897784,1.927206806,-0.447612147
-0.560251167,-0.409562397,0.568806857,-2.245807566,0.427711829,1.926836029,-0.447465847
-0.561766347,-0.409684665,0.568806831,-2.245596145,0.427525930,1.926465352,-0.447319497
-0.563280780,-0.409806908,0.568806805,-2.245384777,0.427340087,1.926094775,-0.447173097
-0.564794463,-0.409929126,0.568806779,-2.245173460,0.427154300,1.925724299,-0.447026647
-0.566307394,-0.410051319,0.568806753,-2.244962195,0.426968570,1.925353925,-0.446880147
-0.567819571,-0.410173486,0.568806727,-2.244750983,0.426782896,1.924983652,-0.446733597
-0.569330993,-0.410295629,0.568806701,-2.244539823,0.426597279,1.924613482,-0.446586997
-0.570841657,-0.410417746,0.568806675,-2.244328716,0.426411718,1.924243413,-0.446440348
-0.572351562,-0.410539838,0.568806649,-2.244117663,0.426226215,1.923873448,-0.446293649
-0.573860705,-0.410661904,0.568806623,-2.243906662,0.426040770,1.923503586,-0.446146900
-0.575369084,-0.410783944,0.568806597,-2.243695714,0.425855382,1.923133828,-0.446000102
-0.576876698,-0.410905958,0.568806571,-2.243484821,0.425670052,1.922764174,-0.445853254
-0.578383545,-0.411027946,0.568806545,-2.243273981,0.425484779,1.922394624,-0.445706357
-0.579889622,-0.411149909,0.568806519,-2.243063195,0.425299565,1.922025180,-0.445559410
-0.581394928,-0.411271845,0.568806493,-2.242852464,0.425114409,1.921655840,-0.445412415
-0.582899461,-0.411393754,0.568806467,-2.242641787,0.424929312,1.921286606,-0.445265369
-0.584403218,-0.411515637,0.568806442,-2.242431164,0.424744274,1.920917478,-0.445118275
-0.585906198,-0.411637494,0.568806416,-2.242220597,0.424559295,1.920548457,-0.444971132
-0.587408399,-0.411759324,0.568806390,-2.242010085,0.424374374,1.920179542,-0.444823939
-0.588909820,-0.411881127,0.568806364,-2.241799628,0.424189514,1.919810735,-0.444676698
-0.590410457,-0.412002903,0.568806338,-2.241589227,0.424004712,1.919442035,-0.444529408
-0.591910309,-0.412124652,0.568806312,-2.241378882,0.423819971,1.919073443,-0.444382068
-0.593409374,-0.412246373,0.568806286,-2.241168592,0.423635290,1.918704959,-0.444234680
-0.594907651,-0.412368068,0.568806260,-2.240958359,0.423450668,1.918336585,-0.444087243
-0.596405137,-0.412489735,0.568806235,-2.240748183,0.423266108,1.917968319,-0.443939757
-0.597901830,-0.412611374,0.568806209,-2.240538063,0.423081607,1.917600163,-0.443792223
-0.599397729,-0.412732986,0.568806183,-2.240327999,0.422897168,1.917232116,-0.443644640
-0.600892831,-0.412854570,0.568806157,-2.240117993,0.422712790,1.916864180,-0.443497009
-0.602387135,-0.412976126,0.568806131,-2.239908045,0.422528472,1.916496355,-0.443349329
-0.603880638,-0.413097654,0.568806106,-2.239698153,0.422344216,1.916128641,-0.443201601
-0.605373340,-0.413219154,0.568806080,-2.239488320,0.422160022,1.915761038,-0.443053824
-0.606865237,-0.413340626,0.568806054,-2.239278544,0.421975889,1.915393547,-0.442905999
-0.608356328,-0.413462069,0.568806028,-2.239068827,0.421791819,1.915026168,-0.442758126
-0.609846611,-0.413583484,0.568806003,-2.238859168,0.421607810,1.914658902,-0.442610204
-0.611336085,-0.413704870,0.568805977,-2.238649567,0.421423864,1.914291749,-0.442462234
-0.612824746,-0.413826228,0.568805951,-2.238440025,0.421239981,1.913924709,-0.442314217
-0.614312594,-0.413947556,0.568805925,-2.238230543,0.421056160,1.913557783,-0.442166151
-0.615799627,-0.414068856,0.568805900,-2.238021119,0.420872403,1.913190970,-0.442018037
-0.617285842,-0.414190126,0.568805874,-2.237811755,0.420688708,1.912824273,-0.441869876
-0.618771238,-0.414311368,0.568805848,-2.237602451,0.420505077,1.912457690,-0.441721667
-0.620255812,-0.414432580,0.568805822,-2.237393206,0.420321509,1.912091223,-0.441573409
-0.621739563,-0.414553763,0.568805797,-2.237184021,0.420138005,1.911724871,-0.441425105
-0.623222490,-0.414674916,0.568805771,-2.236974897,0.419954565,1.911358635,-0.441276752
-0.624704590,-0.414796039,0.568805745,-2.236765833,0.419771189,1.910992515,-0.441128352
-0.626185860,-0.414917133,0.568805720,-2.236556830,0.419587877,1.910626512,-0.440979904
-0.627666301,-0.415038197,0.568805694,-2.236347888,0.419404630,1.910260627,-0.440831409
-0.629145908,-0.415159230,0.568805668,-2.236139006,0.419221448,1.909894858,-0.440682866
-0.630624682,-0.415280234,0.568805643,-2.235930186,0.419038331,1.909529208,-0.440534276
-0.632102619,-0.415401207,0.568805617,-2.235721428,0.418855278,1.909163676,-0.440385639
-0.633579718,-0.415522151,0.568805591,-2.235512731,0.418672291,1.908798262,-0.440236954
-0.635055978,-0.415643063,0.568805566,-2.235304096,0.418489369,1.908432968,-0.440088223
-0.636531395,-0.415763945,0.568805540,-2.235095524,0.418306513,1.908067793,-0.439939444
-0.638005969,-0.415884797,0.568805515,-2.234887013,0.418123723,1.907702737,-0.439790618
-0.639479697,-0.416005617,0.568805489,-2.234678566,0.417940999,1.907337802,-0.439641744
-0.640952578,-0.416126407,0.568805463,-2.234470181,0.417758342,1.906972987,-0.439492824
-0.642424610,-0.416247165,0.568805438,-2.234261858,0.417575750,1.906608293,-0.439343857
-0.643895790,-0.416367893,0.568805412,-2.234053599,0.417393226,1.906243720,-0.439194844
-0.645366118,-0.416488589,0.568805387,-2.233845404,0.417210768,1.905879269,-0.439045783
-0.646835591,-0.416609254,0.568805361,-2.233637272,0.417028377,1.905514940,-0.438896676
-0.648304208,-0.416729887,0.568805336,-2.233429203,0.416846053,1.905150733,-0.438747521
-0.649771966,-0.416850489,0.568805310,-2.233221199,0.416663797,1.904786649,-0.438598321
-0.651238864,-0.416971059,0.568805285,-2.233013259,0.416481608,1.904422688,-0.438449073
-0.652704900,-0.417091597,0.568805259,-2.232805383,0.416299487,1.904058850,-0.438299780
-0.654170071,-0.417212104,0.568805234,-2.232597572,0.416117434,1.903695136,-0.438150439
-0.655634378,-0.417332578,0.568805208,-2.232389826,0.415935449,1.903331546,-0.438001053
-0.657097816,-0.417453020,0.568805183,-2.232182144,0.415753533,1.902968081,-0.437851620
-0.658560386,-0.417573430,0.568805157,-2.231974528,0.415571685,1.902604740,-0.437702140
-0.660022084,-0.417693807,0.568805132,-2.231766977,0.415389906,1.902241525,-0.437552615
-0.661482909,-0.417814152,0.568805106,-2.231559492,0.415208195,1.901878436,-0.437403043
-0.662942859,-0.417934464,0.568805081,-2.231352073,0.415026554,1.901515472,-0.437253425
-0.664401933,-0.418054744,0.568805055,-2.231144719,0.414844982,1.901152635,-0.437103761
-0.665860128,-0.418174990,0.568805030,-2.230937432,0.414663479,1.900789924,-0.436954051
-0.667317443,-0.418295204,0.568805004,-2.230730211,0.414482047,1.900427341,-0.436804295
-0.668773876,-0.418415385,0.568804979,-2.230523057,0.414300684,1.900064885,-0.436654493
-0.670229426,-0.418535532,0.568804954,-2.230315970,0.414119390,1.899702556,-0.436504646
-0.671684089,-0.418655647,0.568804928,-2.230108949,0.413938168,1.899340356,-0.436354752
-0.673137866,-0.418775728,0.568804903,-2.229901996,0.413757015,1.898978285,-0.436204813
-0.674590753,-0.418895775,0.568804878,-2.229695110,0.413575933,1.898616342,-0.436054828
-0.676042749,-0.419015789,0.568804852,-2.229488292,0.413394922,1.898254528,-0.435904798
-0.677493852,-0.419135769,0.568804827,-2.229281541,0.413213982,1.897892844,-0.435754722
-0.678944061,-0.419255715,0.568804801,-2.229074859,0.413033113,1.897531290,-0.435604600
-0.680393374,-0.419375627,0.568804776,-2.228868245,0.412852315,1.897169866,-0.435454433
-0.681841788,-0.419495506,0.568804751,-2.228661699,0.412671589,1.896808573,-0.435304221
-0.683289303,-0.419615350,0.568804725,-2.228455222,0.412490935,1.896447411,-0.435153963
-0.684735916,-0.419735160,0.568804700,-2.228248813,0.412310352,1.896086380,-0.435003660
-0.686181625,-0.419854935,0.568804675,-2.228042474,0.412129841,1.895725481,-0.434853312
-0.687626430,-0.419974676,0.568804650,-2.227836203,0.411949403,1.895364714,-0.434702918
-0.689070327,-0.420094383,0.568804624,-2.227630002,0.411769037,1.895004080,-0.434552480
-0.690513316,-0.420214054,0.568804599,-2.227423871,0.411588744,1.894643578,-0.434401996
-0.691955394,-0.420333691,0.568804574,-2.227217809,0.411408523,1.894283209,-0.434251467
-0.693396560,-0.420453293,0.568804548,-2.227011818,0.411228375,1.893922974,-0.434100894
-0.694836813,-0.420572860,0.568804523,-2.226805896,0.411048301,1.893562873,-0.433950275
-0.696276149,-0.420692392,0.568804498,-2.226600045,0.410868300,1.893202905,-0.433799612
-0.697714568,-0.420811888,0.568804473,-2.226394265,0.410688372,1.892843073,-0.433648903
-0.699152068,-0.420931350,0.568804448,-2.226188555,0.410508518,1.892483375,-0.433498151
-0.700588648,-0.421050775,0.568804422,-2.225982916,0.410328738,1.892123812,-0.433347353
-0.702024304,-0.421170166,0.568804397,-2.225777348,0.410149032,1.891764385,-0.433196511
-0.703459036,-0.421289520,0.568804372,-2.225571851,0.409969400,1.891405094,-0.433045624
-0.704892842,-0.421408839,0.568804347,-2.225366426,0.409789842,1.891045939,-0.432894692
-0.706325720,-0.421528122,0.568804322,-2.225161073,0.409610359,1.890686921,-0.432743717
-0.707757669,-0.421647369,0.568804296,-2.224955792,0.409430951,1.890328040,-0.432592696
-0.709188686,-0.421766580,0.568804271,-2.224750583,0.409251618,1.889969296,-0.432441632
-0.710618771,-0.421885754,0.568804246,-2.224545445,0.409072360,1.889610689,-0.432290523
-0.712047921,-0.422004893,0.568804221,-2.224340381,0.408893177,1.889252221,-0.432139370
-0.713476134,-0.422123994,0.568804196,-2.224135389,0.408714070,1.888893891,-0.431988172
-0.714903409,-0.422243060,0.568804171,-2.223930470,0.408535038,1.888535700,-0.431836931
-0.716329744,-0.422362089,0.568804146,-2.223725624,0.408356082,1.888177647,-0.431685645
-0.717755138,-0.422481081,0.568804121,-2.223520851,0.408177202,1.887819734,-0.431534316
-0.719179589,-0.422600036,0.568804096,-2.223316152,0.407998399,1.887461961,-0.431382942
-0.720603094,-0.422718954,0.568804071,-2.223111526,0.407819671,1.887104328,-0.431231524
-0.722025654,-0.422837835,0.568804045,-2.222906974,0.407641020,1.886746835,-0.431080063
-0.723447264,-0.422956679,0.568804020,-2.222702496,0.407462446,1.886389483,-0.430928558
-0.724867925,-0.423075486,0.568803995,-2.222498093,0.407283949,1.886032272,-0.430777009
-0.726287634,-0.423194256,0.568803970,-2.222293763,0.407105529,1.885675202,-0.430625416
-0.727706390,-0.423312988,0.568803945,-2.222089508,0.406927186,1.885318274,-0.430473780
-0.729124191,-0.423431682,0.568803920,-2.221885328,0.406748920,1.884961488,-0.430322100
-0.730541035,-0.423550339,0.568803895,-2.221681223,0.406570732,1.884604845,-0.430170376
-0.731956920,-0.423668958,0.568803870,-2.221477193,0.406392622,1.884248344,-0.430018609
-0.733371846,-0.423787539,0.568803845,-2.221273238,0.406214590,1.883891987,-0.429866798
-0.734785809,-0.423906082,0.568803820,-2.221069359,0.406036635,1.883535773,-0.429714944
-0.736198810,-0.424024587,0.568803795,-2.220865555,0.405858759,1.883179702,-0.429563047
-0.737610845,-0.424143054,0.568803771,-2.220661827,0.405680962,1.882823776,-0.429411107
-0.739021914,-0.424261483,0.568803746,-2.220458176,0.405503243,1.882467994,-0.429259123
-0.740432014,-0.424379873,0.568803721,-2.220254600,0.405325603,1.882112357,-0.429107096
-0.741841144,-0.424498225,0.568803696,-2.220051101,0.405148041,1.881756865,-0.428955026
-0.743249303,-0.424616538,0.568803671,-2.219847678,0.404970559,1.881401518,-0.428802912
-0.744656488,-0.424734812,0.568803646,-2.219644333,0.404793157,1.881046317,-0.428650756
-0.746062699,-0.424853048,0.568803621,-2.219441064,0.404615833,1.880691262,-0.428498557
-0.747467933,-0.424971245,0.568803596,-2.219237872,0.404438590,1.880336354,-0.428346315
-0.748872188,-0.425089402,0.568803571,-2.219034758,0.404261426,1.879981592,-0.428194030
-0.750275464,-0.425207521,0.568803546,-2.218831721,0.404084342,1.879626977,-0.428041702
-0.751677758,-0.425325601,0.568803522,-2.218628762,0.403907338,1.879272510,-0.427889331
-0.753079069,-0.425443641,0.568803497,-2.218425881,0.403730414,1.878918191,-0.427736918
-0.754479395,-0.425561641,0.568803472,-2.218223078,0.403553572,1.878564019,-0.427584462
-0.755878735,-0.425679603,0.568803447,-2.218020353,0.403376809,1.878209996,-0.427431963
-0.757277087,-0.425797524,0.568803422,-2.217817706,0.403200128,1.877856121,-0.427279422
-0.758674450,-0.425915406,0.568803398,-2.217615138,0.403023527,1.877502396,-0.427126838
-0.760070821,-0.426033249,0.568803373,-2.217412649,0.402847008,1.877148820,-0.426974212
-0.761466199,-0.426151051,0.568803348,-2.217210239,0.402670570,1.876795394,-0.426821543
-0.762860583,-0.426268813,0.568803323,-2.217007908,0.402494213,1.876442117,-0.426668832
-0.764253971,-0.426386535,0.568803299,-2.216805656,0.402317938,1.876088991,-0.426516079
-0.765646362,-0.426504217,0.568803274,-2.216603484,0.402141745,1.875736016,-0.426363283
-0.767037753,-0.426621859,0.568803249,-2.216401391,0.401965634,1.875383191,-0.426210445
-0.768428143,-0.426739460,0.568803224,-2.216199378,0.401789605,1.875030518,-0.426057565
-0.769817531,-0.426857021,0.568803200,-2.215997445,0.401613658,1.874677996,-0.425904643
-0.771205915,-0.426974541,0.568803175,-2.215795593,0.401437794,1.874325626,-0.425751679
-0.772593294,-0.427092021,0.568803150,-2.215593821,0.401262012,1.873973409,-0.425598673
-0.773979665,-0.427209460,0.568803126,-2.215392129,0.401086313,1.873621344,-0.425445625
-0.775365027,-0.427326857,0.568803101,-2.215190518,0.400910698,1.873269432,-0.425292535
-0.776749380,-0.427444214,0.568803076,-2.214988988,0.400735165,1.872917673,-0.425139403
-0.778132720,-0.427561530,0.568803052,-2.214787539,0.400559716,1.872566067,-0.424986230
-0.779515047,-0.427678805,0.568803027,-2.214586172,0.400384350,1.872214616,-0.424833014
-0.780896359,-0.427796038,0.568803002,-2.214384885,0.400209067,1.871863318,-0.424679757
-0.782276655,-0.427913230,0.568802978,-2.214183681,0.400033869,1.871512175,-0.424526459
-0.783655932,-0.428030381,0.568802953,-2.213982558,0.399858754,1.871161187,-0.424373118
-0.785034190,-0.428147490,0.568802929,-2.213781517,0.399683724,1.870810354,-0.424219737
-0.786411426,-0.428264557,0.568802904,-2.213580558,0.399508777,1.870459676,-0.424066313
-0.787787640,-0.428381583,0.568802880,-2.213379682,0.399333916,1.870109153,-0.423912848
-0.789162829,-0.428498566,0.568802855,-2.213178888,0.399159138,1.869758787,-0.423759342
-0.790536993,-0.428615508,0.568802831,-2.212978177,0.398984446,1.869408577,-0.423605794
-0.791910129,-0.428732408,0.568802806,-2.212777548,0.398809838,1.869058524,-0.423452206
-0.793282236,-0.428849265,0.568802781,-2.212577002,0.398635316,1.868708628,-0.423298575
-0.794653313,-0.428966081,0.568802757,-2.212376540,0.398460878,1.868358889,-0.423144904
-0.796023358,-0.429082854,0.568802733,-2.212176161,0.398286527,1.868009307,-0.422991192
-0.797392369,-0.429199584,0.568802708,-2.211975865,0.398112260,1.867659883,-0.422837438
-0.798760345,-0.429316272,0.568802684,-2.211775654,0.397938079,1.867310618,-0.422683643
-0.800127285,-0.429432918,0.568802659,-2.211575526,0.397763985,1.866961511,-0.422529808
-0.801493187,-0.429549521,0.568802635,-2.211375482,0.397589976,1.866612562,-0.422375931
-0.802858049,-0.429666081,0.568802610,-2.211175522,0.397416053,1.866263773,-0.422222013
-0.804221870,-0.429782598,0.568802586,-2.210975646,0.397242217,1.865915143,-0.422068055
-0.805584649,-0.429899072,0.568802561,-2.210775855,0.397068467,1.865566673,-0.421914056
-0.806946383,-0.430015503,0.568802537,-2.210576149,0.396894804,1.865218363,-0.421760016
-0.808307072,-0.430131891,0.568802513,-2.210376527,0.396721227,1.864870213,-0.421605935
-0.809666714,-0.430248236,0.568802488,-2.210176991,0.396547738,1.864522224,-0.421451813
-0.811025307,-0.430364537,0.568802464,-2.209977540,0.396374336,1.864174395,-0.421297651
-0.812382850,-0.430480795,0.568802440,-2.209778174,0.396201021,1.863826728,-0.421143449
-0.813739342,-0.430597009,0.568802415,-2.209578893,0.396027793,1.863479222,-0.420989206
-0.815094781,-0.430713180,0.568802391,-2.209379699,0.395854653,1.863131878,-0.420834922
-0.816449165,-0.430829307,0.568802367,-2.209180590,0.395681600,1.862784696,-0.420680598
-0.817802493,-0.430945390,0.568802342,-2.208981567,0.395508636,1.862437676,-0.420526234
-0.819154764,-0.431061429,0.568802318,-2.208782630,0.395335759,1.862090820,-0.420371829
-0.820505976,-0.431177424,0.568802294,-2.208583780,0.395162971,1.861744126,-0.420217384
-0.821856127,-0.431293375,0.568802269,-2.208385016,0.394990271,1.861397595,-0.420062899
-0.823205217,-0.431409282,0.568802245,-2.208186339,0.394817660,1.861051228,-0.419908373
-0.824553243,-0.431525145,0.568802221,-2.207987749,0.394645137,1.860705024,-0.419753808
-0.825900205,-0.431640963,0.568802197,-2.207789245,0.394472703,1.860358985,-0.419599202
-0.827246101,-0.431756737,0.568802172,-2.207590829,0.394300357,1.860013111,-0.419444556
-0.828590928,-0.431872467,0.568802148,-2.207392500,0.394128101,1.859667401,-0.419289870
-0.829934687,-0.431988151,0.568802124,-2.207194259,0.393955935,1.859321856,-0.419135145
-0.831277376,-0.432103791,0.568802100,-2.206996105,0.393783857,1.858976476,-0.418980379
-0.832618992,-0.432219387,0.568802076,-2.206798039,0.393611869,1.858631262,-0.418825574
-0.833959535,-0.432334937,0.568802051,-2.206600061,0.393439971,1.858286214,-0.418670728
-0.835299003,-0.432450442,0.568802027,-2.206402171,0.393268163,1.857941332,-0.418515843
-0.836637395,-0.432565903,0.568802003,-2.206204370,0.393096444,1.857596616,-0.418360919
-0.837974709,-0.432681318,0.568801979,-2.206006657,0.392924816,1.857252067,-0.418205954
-0.839310944,-0.432796688,0.568801955,-2.205809032,0.392753278,1.856907685,-0.418050950
-0.840646099,-0.432912012,0.568801931,-2.205611496,0.392581830,1.856563471,-0.417895906
-0.841980172,-0.433027291,0.568801907,-2.205414050,0.392410473,1.856219424,-0.417740823
-0.843313161,-0.433142525,0.568801883,-2.205216692,0.392239207,1.855875545,-0.417585701
-0.844645066,-0.433257713,0.568801859,-2.205019423,0.392068032,1.855531834,-0.417430539
-0.845975885,-0.433372855,0.568801835,-2.204822244,0.391896947,1.855188292,-0.417275337
-0.847305616,-0.433487952,0.568801811,-2.204625155,0.391725954,1.854844918,-0.417120096
-0.848634258,-0.433603003,0.568801786,-2.204428155,0.391555052,1.854501713,-0.416964816
-0.849961810,-0.433718007,0.568801762,-2.204231245,0.391384241,1.854158678,-0.416809497
-0.851288270,-0.433832966,0.568801738,-2.204034425,0.391213523,1.853815812,-0.416654138
-0.852613637,-0.433947879,0.568801714,-2.203837695,0.391042895,1.853473116,-0.416498740
-0.853937910,-0.434062745,0.568801690,-2.203641055,0.390872360,1.853130591,-0.416343303
-0.855261086,-0.434177565,0.568801667,-2.203444506,0.390701917,1.852788235,-0.416187827
-0.856583166,-0.434292339,0.568801643,-2.203248048,0.390531566,1.852446051,-0.416032312
-0.857904147,-0.434407066,0.568801619,-2.203051680,0.390361307,1.852104037,-0.415876758
-0.859224028,-0.434521747,0.568801595,-2.202855403,0.390191140,1.851762194,-0.415721165
-0.860542808,-0.434636381,0.568801571,-2.202659218,0.390021066,1.851420523,-0.415565533
-0.861860485,-0.434750969,0.568801547,-2.202463124,0.389851085,1.851079024,-0.415409862
-0.863177058,-0.434865509,0.568801523,-2.202267121,0.389681197,1.850737697,-0.415254153
-0.864492526,-0.434980003,0.568801499,-2.202071209,0.389511402,1.850396542,-0.415098405
-0.865806887,-0.435094450,0.568801475,-2.201875389,0.389341700,1.850055560,-0.414942618
-0.867120140,-0.435208849,0.568801451,-2.201679662,0.389172091,1.849714751,-0.414786792
-0.868432283,-0.435323202,0.568801427,-2.201484026,0.389002576,1.849374115,-0.414630928
-0.869743316,-0.435437507,0.568801404,-2.201288482,0.388833154,1.849033652,-0.414475025
-0.871053237,-0.435551765,0.568801380,-2.201093031,0.388663826,1.848693363,-0.414319083
-0.872362044,-0.435665976,0.568801356,-2.200897672,0.388494592,1.848353248,-0.414163103
-0.873669737,-0.435780139,0.568801332,-2.200702405,0.388325452,1.848013307,-0.414007085
-0.874976314,-0.435894255,0.568801308,-2.200507232,0.388156406,1.847673540,-0.413851028
-0.876281773,-0.436008323,0.568801285,-2.200312151,0.387987454,1.847333949,-0.413694933
-0.877586113,-0.436122343,0.568801261,-2.200117163,0.387818596,1.846994532,-0.413538799
-0.878889334,-0.436236316,0.568801237,-2.199922269,0.387649833,1.846655291,-0.413382628
-0.880191433,-0.436350241,0.568801213,-2.199727468,0.387481165,1.846316225,-0.413226418
-0.881492410,-0.436464117,0.568801190,-2.199532760,0.387312592,1.845977335,-0.413070169
-0.882792263,-0.436577946,0.568801166,-2.199338146,0.387144113,1.845638621,-0.412913883
-0.884090990,-0.436691726,0.568801142,-2.199143626,0.386975730,1.845300084,-0.412757559
-0.885388591,-0.436805459,0.568801119,-2.198949199,0.386807442,1.844961723,-0.412601196
-0.886685064,-0.436919143,0.568801095,-2.198754867,0.386639249,1.844623539,-0.412444796
-0.887980408,-0.437032779,0.568801071,-2.198560629,0.386471151,1.844285532,-0.412288357
-0.889274622,-0.437146366,0.568801048,-2.198366485,0.386303150,1.843947702,-0.412131881
-0.890567704,-0.437259905,0.568801024,-2.198172436,0.386135244,1.843610050,-0.411975366
-0.891859654,-0.437373395,0.568801000,-2.197978481,0.385967434,1.843272576,-0.411818814
-0.893150469,-0.437486836,0.568800977,-2.197784621,0.385799719,1.842935280,-0.411662224
-0.894440148,-0.437600229,0.568800953,-2.197590857,0.385632102,1.842598163,-0.411505596
-0.895728691,-0.437713573,0.568800930,-2.197397187,0.385464580,1.842261224,-0.411348931
-0.897016096,-0.437826868,0.568800906,-2.197203612,0.385297155,1.841924464,-0.411192228
-0.898302362,-0.437940114,0.568800882,-2.197010133,0.385129826,1.841587883,-0.411035487
-0.899587487,-0.438053311,0.568800859,-2.196816749,0.384962594,1.841251482,-0.410878709
-0.900871471,-0.438166459,0.568800835,-2.196623461,0.384795458,1.840915260,-0.410721893
-0.902154312,-0.438279558,0.568800812,-2.196430268,0.384628420,1.840579219,-0.410565039
-0.903436008,-0.438392607,0.568800788,-2.196237172,0.384461479,1.840243357,-0.410408148
-0.904716559,-0.438505607,0.568800765,-2.196044172,0.384294635,1.839907676,-0.410251220
-0.905995963,-0.438618557,0.568800741,-2.195851267,0.384127888,1.839572175,-0.410094254
-0.907274220,-0.438731458,0.568800718,-2.195658459,0.383961238,1.839236856,-0.409937251
-0.908551327,-0.438844309,0.568800694,-2.195465748,0.383794687,1.838901718,-0.409780211
-0.909827284,-0.438957111,0.568800671,-2.195273133,0.383628233,1.838566761,-0.409623133
-0.911102089,-0.439069863,0.568800648,-2.195080615,0.383461876,1.838231985,-0.409466018
-0.912375742,-0.439182565,0.568800624,-2.194888194,0.383295618,1.837897392,-0.409308866
-0.913648240,-0.439295217,0.568800601,-2.194695869,0.383129458,1.837562981,-0.409151677
-0.914919584,-0.439407819,0.568800577,-2.194503642,0.382963396,1.837228752,-0.408994451
-0.916189770,-0.439520371,0.568800554,-2.194311513,0.382797432,1.836894706,-0.408837187
-0.917458800,-0.439632873,0.568800531,-2.194119480,0.382631567,1.836560843,-0.408679887
-0.918726670,-0.439745325,0.568800507,-2.193927545,0.382465800,1.836227163,-0.408522550
-0.919993381,-0.439857726,0.568800484,-2.193735708,0.382300132,1.835893666,-0.408365175
-0.921258930,-0.439970077,0.568800461,-2.193543969,0.382134563,1.835560353,-0.408207764
-0.922523317,-0.440082378,0.568800437,-2.193352327,0.381969093,1.835227224,-0.408050316
-0.923786541,-0.440194628,0.568800414,-2.193160784,0.381803722,1.834894278,-0.407892831
-0.925048600,-0.440306828,0.568800391,-2.192969339,0.381638450,1.834561517,-0.407735310
-0.926309493,-0.440418977,0.568800368,-2.192777992,0.381473277,1.834228941,-0.407577751
-0.927569218,-0.440531075,0.568800344,-2.192586744,0.381308204,1.833896550,-0.407420156
-0.928827776,-0.440643122,0.568800321,-2.192395594,0.381143230,1.833564343,-0.407262525
-0.930085164,-0.440755119,0.568800298,-2.192204543,0.380978356,1.833232322,-0.407104856
-0.931341382,-0.440867064,0.568800275,-2.192013591,0.380813582,1.832900486,-0.406947151
-0.932596428,-0.440978959,0.568800251,-2.191822738,0.380648908,1.832568836,-0.406789410
-0.933850301,-0.441090802,0.568800228,-2.191631984,0.380484334,1.832237372,-0.406631632
-0.935103001,-0.441202595,0.568800205,-2.191441330,0.380319860,1.831906095,-0.406473818
-0.936354525,-0.441314336,0.568800182,-2.191250774,0.380155486,1.831575003,-0.406315967
-0.937604873,-0.441426025,0.568800159,-2.191060318,0.379991213,1.831244099,-0.406158079
-0.938854043,-0.441537664,0.568800136,-2.190869962,0.379827040,1.830913381,-0.406000156
-0.940102035,-0.441649251,0.568800112,-2.190679706,0.379662968,1.830582850,-0.405842196
-0.941348848,-0.441760786,0.568800089,-2.190489549,0.379498996,1.830252507,-0.405684200
-0.942594479,-0.441872270,0.568800066,-2.190299493,0.379335126,1.829922351,-0.405526168
-0.943838929,-0.441983702,0.568800043,-2.190109537,0.379171356,1.829592383,-0.405368099
-0.945082196,-0.442095083,0.568800020,-2.189919681,0.379007688,1.829262603,-0.405209994
-0.946324279,-0.442206411,0.568799997,-2.189729925,0.378844121,1.828933012,-0.405051853
-0.947565176,-0.442317688,0.568799974,-2.189540270,0.378680655,1.828603608,-0.404893677
-0.948804887,-0.442428913,0.568799951,-2.189350715,0.378517290,1.828274394,-0.404735464
-0.950043411,-0.442540086,0.568799928,-2.189161262,0.378354027,1.827945368,-0.404577215
-0.951280746,-0.442651207,0.568799905,-2.188971909,0.378190866,1.827616532,-0.404418930
-0.952516892,-0.442762275,0.568799882,-2.188782657,0.378027807,1.827287885,-0.404260609
-0.953751847,-0.442873292,0.568799859,-2.188593507,0.377864849,1.826959427,-0.404102252
-0.954985611,-0.442984256,0.568799836,-2.188404457,0.377701994,1.826631160,-0.403943860
-0.956218181,-0.443095168,0.568799813,-2.188215509,0.377539240,1.826303082,-0.403785431
-0.957449558,-0.443206027,0.568799790,-2.188026663,0.377376589,1.825975195,-0.403626967
-0.958679740,-0.443316834,0.568799767,-2.187837918,0.377214041,1.825647498,-0.403468467
-0.959908726,-0.443427589,0.568799744,-2.187649275,0.377051594,1.825319991,-0.403309932
-0.961136514,-0.443538291,0.568799721,-2.187460733,0.376889251,1.824992676,-0.403151360
-0.962363105,-0.443648940,0.568799699,-2.187272294,0.376727009,1.824665552,-0.402992754
-0.963588496,-0.443759536,0.568799676,-2.187083957,0.376564871,1.824338619,-0.402834111
-0.964812687,-0.443870080,0.568799653,-2.186895722,0.376402836,1.824011877,-0.402675433
-0.966035677,-0.443980571,0.568799630,-2.186707589,0.376240904,1.823685328,-0.402516719
-0.967257465,-0.444091009,0.568799607,-2.186519559,0.376079074,1.823358970,-0.402357970
-0.968478049,-0.444201393,0.568799584,-2.186331631,0.375917348,1.823032804,-0.402199186
-0.969697429,-0.444311725,0.568799562,-2.186143806,0.375755726,1.822706831,-0.402040366
-0.970915603,-0.444422004,0.568799539,-2.185956084,0.375594207,1.822381050,-0.401881511
-0.972132571,-0.444532229,0.568799516,-2.185768465,0.375432791,1.822055462,-0.401722620
-0.973348332,-0.444642401,0.568799493,-2.185580949,0.375271479,1.821730068,-0.401563694
-0.974562884,-0.444752520,0.568799470,-2.185393536,0.375110271,1.821404866,-0.401404733
-0.975776227,-0.444862586,0.568799448,-2.185206226,0.374949167,1.821079858,-0.401245737
-0.976988359,-0.444972598,0.568799425,-2.185019020,0.374788166,1.820755043,-0.401086705
-0.978199280,-0.445082556,0.568799402,-2.184831917,0.374627270,1.820430422,-0.400927638
-0.979408988,-0.445192461,0.568799380,-2.184644918,0.374466478,1.820105995,-0.400768536
-0.980617482,-0.445302312,0.568799357,-2.184458022,0.374305790,1.819781763,-0.400609399
-0.981824763,-0.445412110,0.568799334,-2.184271230,0.374145207,1.819457724,-0.400450227
-0.983030828,-0.445521854,0.568799312,-2.184084542,0.373984728,1.819133881,-0.400291020
-0.984235676,-0.445631544,0.568799289,-2.183897959,0.373824354,1.818810232,-0.400131778
-0.985439307,-0.445741180,0.568799266,-2.183711479,0.373664084,1.818486778,-0.399972501
-0.986641720,-0.445850762,0.568799244,-2.183525104,0.373503919,1.818163520,-0.399813189
-0.987842913,-0.445960290,0.568799221,-2.183338833,0.373343859,1.817840457,-0.399653842
-0.989042886,-0.446069765,0.568799199,-2.183152666,0.373183904,1.817517589,-0.399494461
-0.990241638,-0.446179185,0.568799176,-2.182966604,0.373024055,1.817194917,-0.399335044
-0.991439167,-0.446288550,0.568799154,-2.182780647,0.372864310,1.816872442,-0.399175593
-0.992635473,-0.446397862,0.568799131,-2.182594795,0.372704671,1.816550162,-0.399016107
-0.993830555,-0.446507119,0.568799108,-2.182409048,0.372545137,1.816228079,-0.398856586
-0.995024412,-0.446616322,0.568799086,-2.182223405,0.372385709,1.815906192,-0.398697031
-0.996217044,-0.446725471,0.568799063,-2.182037868,0.372226386,1.815584502,-0.398537440
-0.997408448,-0.446834565,0.568799041,-2.181852436,0.372067169,1.815263010,-0.398377816
-0.998598624,-0.446943604,0.568799019,-2.181667109,0.371908058,1.814941714,-0.398218156
-0.999787571,-0.447052589,0.568798996,-2.181481888,0.371749053,1.814620615,-0.398058463
-1.000975289,-0.447161519,0.568798974,-2.181296772,0.371590153,1.814299715,-0.397898734
-1.002161776,-0.447270394,0.568798951,-2.181111762,0.371431360,1.813979011,-0.397738971
-1.003347032,-0.447379215,0.568798929,-2.180926858,0.371272673,1.813658506,-0.397579174
-1.004531055,-0.447487981,0.568798906,-2.180742060,0.371114092,1.813338199,-0.397419342
-1.005713845,-0.447596692,0.568798884,-2.180557367,0.370955618,1.813018090,-0.397259476
-1.006895400,-0.447705348,0.568798862,-2.180372781,0.370797250,1.812698180,-0.397099576
-1.008075720,-0.447813949,0.568798839,-2.180188301,0.370638989,1.812378468,-0.396939641
-1.009254804,-0.447922495,0.568798817,-2.180003927,0.370480834,1.812058955,-0.396779672
-1.010432652,-0.448030986,0.568798795,-2.179819659,0.370322786,1.811739641,-0.396619669
-1.011609261,-0.448139422,0.568798772,-2.179635498,0.370164845,1.811420526,-0.396459631
-1.012784632,-0.448247802,0.568798750,-2.179451444,0.370007011,1.811101611,-0.396299560
-1.013958763,-0.448356127,0.568798728,-2.179267496,0.369849284,1.810782895,-0.396139454
-1.015131654,-0.448464397,0.568798706,-2.179083655,0.369691664,1.810464378,-0.395979314
-1.016303303,-0.448572612,0.568798683,-2.178899921,0.369534151,1.810146062,-0.395819140
-1.017473710,-0.448680771,0.568798661,-2.178716294,0.369376746,1.809827946,-0.395658931
-1.018642874,-0.448788874,0.568798639,-2.178532773,0.369219448,1.809510030,-0.395498689
-1.019810794,-0.448896922,0.568798617,-2.178349361,0.369062257,1.809192314,-0.395338413
-1.020977470,-0.449004914,0.568798594,-2.178166055,0.368905174,1.808874799,-0.395178103
-1.022142900,-0.449112851,0.568798572,-2.177982856,0.368748199,1.808557485,-0.395017759
-1.023307083,-0.449220732,0.568798550,-2.177799766,0.368591331,1.808240371,-0.394857381
-1.024470020,-0.449328557,0.568798528,-2.177616782,0.368434571,1.807923459,-0.394696969
-1.025631708,-0.449436327,0.568798506,-2.177433907,0.368277919,1.807606748,-0.394536523
-1.026792147,-0.449544040,0.568798484,-2.177251139,0.368121376,1.807290238,-0.394376043
-1.027951336,-0.449651698,0.568798462,-2.177068478,0.367964940,1.806973931,-0.394215530
-1.029109275,-0.449759299,0.568798440,-2.176885926,0.367808612,1.806657824,-0.394054983
-1.030265963,-0.449866845,0.568798417,-2.176703482,0.367652393,1.806341920,-0.393894402
-1.031421398,-0.449974335,0.568798395,-2.176521146,0.367496282,1.806026218,-0.393733787
-1.032575580,-0.450081768,0.568798373,-2.176338918,0.367340280,1.805710718,-0.393573139
-1.033728509,-0.450189145,0.568798351,-2.176156798,0.367184386,1.805395421,-0.393412457
-1.034880183,-0.450296466,0.568798329,-2.175974787,0.367028600,1.805080326,-0.393251742
-1.036030602,-0.450403731,0.568798307,-2.175792884,0.366872924,1.804765434,-0.393090993
-1.037179764,-0.450510939,0.568798285,-2.175611090,0.366717356,1.804450745,-0.392930210
-1.038327669,-0.450618091,0.568798263,-2.175429405,0.366561897,1.804136259,-0.392769394
-1.039474317,-0.450725187,0.568798241,-2.175247828,0.366406547,1.803821976,-0.392608544
-1.040619706,-0.450832226,0.568798219,-2.175066360,0.366251306,1.803507896,-0.392447661
-1.041763836,-0.450939208,0.568798197,-2.174885001,0.366096174,1.803194020,-0.392286744
-1.042906706,-0.451046134,0.568798176,-2.174703750,0.365941151,1.802880348,-0.392125794
-1.044048316,-0.451153004,0.568798154,-2.174522609,0.365786237,1.802566880,-0.391964811
-1.045188663,-0.451259817,0.568798132,-2.174341578,0.365631433,1.802253616,-0.391803794
-1.046327749,-0.451366573,0.568798110,-2.174160655,0.365476738,1.801940555,-0.391642744
-1.047465571,-0.451473272,0.568798088,-2.173979842,0.365322153,1.801627700,-0.391481661
-1.048602129,-0.451579914,0.568798066,-2.173799138,0.365167677,1.801315048,-0.391320544
-1.049737423,-0.451686500,0.568798044,-2.173618544,0.365013311,1.801002602,-0.391159394
-1.050871452,-0.451793028,0.568798023,-2.173438059,0.364859055,1.800690360,-0.390998211
-1.052004215,-0.451899500,0.568798001,-2.173257684,0.364704908,1.800378323,-0.390836995
-1.053135711,-0.452005915,0.568797979,-2.173077419,0.364550872,1.800066491,-0.390675746
-1.054265939,-0.452112272,0.568797957,-2.172897263,0.364396945,1.799754864,-0.390514463
-1.055394900,-0.452218573,0.568797935,-2.172717218,0.364243128,1.799443443,-0.390353148
-1.056522591,-0.452324816,0.568797914,-2.172537282,0.364089422,1.799132227,-0.390191799
-1.057649014,-0.452431003,0.568797892,-2.172357457,0.363935826,1.798821217,-0.390030417
-1.058774165,-0.452537132,0.568797870,-2.172177742,0.363782340,1.798510413,-0.389869002
-1.059898046,-0.452643203,0.568797849,-2.171998137,0.363628964,1.798199814,-0.389707555
-1.061020655,-0.452749218,0.568797827,-2.171818642,0.363475698,1.797889422,-0.389546074
-1.062141992,-0.452855175,0.568797805,-2.171639258,0.363322544,1.797579236,-0.389384560
-1.063262056,-0.452961074,0.568797784,-2.171459984,0.363169499,1.797269256,-0.389223013
-1.064380846,-0.453066917,0.568797762,-2.171280821,0.363016566,1.796959483,-0.389061434
-1.065498362,-0.453172701,0.568797740,-2.171101768,0.362863743,1.796649917,-0.388899822
-1.066614603,-0.453278429,0.568797719,-2.170922827,0.362711030,1.796340557,-0.388738176
-1.067729568,-0.453384098,0.568797697,-2.170743996,0.362558429,1.796031404,-0.388576498
-1.068843256,-0.453489710,0.568797676,-2.170565275,0.362405939,1.795722459,-0.388414788
-1.069955668,-0.453595265,0.568797654,-2.170386666,0.362253559,1.795413720,-0.388253044
-1.071066802,-0.453700761,0.568797632,-2.170208168,0.362101291,1.795105189,-0.388091268
-1.072176657,-0.453806200,0.568797611,-2.170029781,0.361949133,1.794796865,-0.387929459
-1.073285234,-0.453911581,0.568797589,-2.169851505,0.361797087,1.794488749,-0.387767617
-1.074392531,-0.454016905,0.568797568,-2.169673340,0.361645152,1.794180841,-0.387605743
-1.075498548,-0.454122170,0.568797546,-2.169495287,0.361493329,1.793873140,-0.387443836
-1.076603284,-0.454227378,0.568797525,-2.169317345,0.361341616,1.793565648,-0.387281896
-1.077706739,-0.454332527,0.568797503,-2.169139514,0.361190016,1.793258363,-0.387119924
-1.078808911,-0.454437619,0.568797482,-2.168961795,0.361038526,1.792951287,-0.386957919
-1.079909801,-0.454542653,0.568797461,-2.168784187,0.360887149,1.792644419,-0.386795882
-1.081009407,-0.454647628,0.568797439,-2.168606692,0.360735882,1.792337760,-0.386633812
-1.082107730,-0.454752546,0.568797418,-2.168429308,0.360584728,1.792031309,-0.386471709
-1.083204768,-0.454857405,0.568797396,-2.168252035,0.360433686,1.791725067,-0.386309575
-1.084300521,-0.454962206,0.568797375,-2.168074875,0.360282755,1.791419034,-0.386147407
-1.085394988,-0.455066949,0.568797354,-2.167897826,0.360131936,1.791113210,-0.385985208
-1.086488169,-0.455171634,0.568797332,-2.167720890,0.359981229,1.790807595,-0.385822976
-1.087580063,-0.455276260,0.568797311,-2.167544066,0.359830634,1.790502189,-0.385660711
-1.088670669,-0.455380828,0.568797290,-2.167367353,0.359680151,1.790196992,-0.385498415
-1.089759988,-0.455485338,0.568797268,-2.167190753,0.359529781,1.789892006,-0.385336085
-1.090848018,-0.455589789,0.568797247,-2.167014266,0.359379522,1.789587228,-0.385173724
-1.091934759,-0.455694182,0.568797226,-2.166837890,0.359229376,1.789282660,-0.385011330
-1.093020210,-0.455798516,0.568797205,-2.166661627,0.359079342,1.788978303,-0.384848904
-1.094104371,-0.455902792,0.568797183,-2.166485477,0.358929421,1.788674155,-0.384686446
-1.095187241,-0.456007010,0.568797162,-2.166309439,0.358779612,1.788370217,-0.384523956
-1.096268820,-0.456111168,0.568797141,-2.166133513,0.358629915,1.788066489,-0.384361433
-1.097349107,-0.456215269,0.568797120,-2.165957700,0.358480331,1.787762971,-0.384198879
-1.098428101,-0.456319310,0.568797099,-2.165782000,0.358330859,1.787459664,-0.384036292
-1.099505803,-0.456423293,0.568797077,-2.165606413,0.358181501,1.787156568,-0.383873673
-1.100582211,-0.456527217,0.568797056,-2.165430939,0.358032255,1.786853681,-0.383711022
-1.101657325,-0.456631082,0.568797035,-2.165255577,0.357883121,1.786551006,-0.383548338
-1.102731145,-0.456734889,0.568797014,-2.165080328,0.357734101,1.786248542,-0.383385623
-1.103803669,-0.456838637,0.568796993,-2.164905193,0.357585193,1.785946288,-0.383222876
-1.104874899,-0.456942326,0.568796972,-2.164730170,0.357436399,1.785644245,-0.383060097
-1.105944832,-0.457045956,0.568796951,-2.164555261,0.357287717,1.785342414,-0.382897285
-1.107013468,-0.457149527,0.568796930,-2.164380465,0.357139149,1.785040794,-0.382734442
-1.108080808,-0.457253039,0.568796909,-2.164205782,0.356990693,1.784739385,-0.382571567
-1.109146850,-0.457356493,0.568796888,-2.164031212,0.356842351,1.784438187,-0.382408660
-1.110211595,-0.457459887,0.568796867,-2.163856756,0.356694122,1.784137201,-0.382245720
-1.111275040,-0.457563222,0.568796846,-2.163682413,0.356546006,1.783836427,-0.382082749
-1.112337187,-0.457666498,0.568796825,-2.163508184,0.356398003,1.783535864,-0.381919747
-1.113398035,-0.457769715,0.568796804,-2.163334068,0.356250114,1.783235513,-0.381756712
-1.114457583,-0.457872873,0.568796783,-2.163160065,0.356102338,1.782935374,-0.381593645
-1.115515830,-0.457975972,0.568796762,-2.162986177,0.355954676,1.782635447,-0.381430547
-1.116572777,-0.458079011,0.568796741,-2.162812402,0.355807127,1.782335733,-0.381267417
-1.117628423,-0.458181992,0.568796720,-2.162638740,0.355659691,1.782036230,-0.381104255
-1.118682767,-0.458284913,0.568796699,-2.162465193,0.355512370,1.781736940,-0.380941061
-1.119735809,-0.458387775,0.568796678,-2.162291759,0.355365161,1.781437862,-0.380777836
-1.120787548,-0.458490577,0.568796657,-2.162118439,0.355218067,1.781138996,-0.380614579
-1.121837985,-0.458593321,0.568796636,-2.161945234,0.355071086,1.780840343,-0.380451290
-1.122887118,-0.458696004,0.568796616,-2.161772142,0.354924219,1.780541903,-0.380287969
-1.123934948,-0.458798629,0.568796595,-2.161599164,0.354777466,1.780243676,-0.380124617
-1.124981473,-0.458901194,0.568796574,-2.161426300,0.354630827,1.779945661,-0.379961233
-1.126026694,-0.459003700,0.568796553,-2.161253550,0.354484302,1.779647859,-0.379797818
-1.127070610,-0.459106146,0.568796532,-2.161080915,0.354337890,1.779350270,-0.379634371
-1.128113220,-0.459208532,0.568796512,-2.160908394,0.354191593,1.779052895,-0.379470892
-1.129154525,-0.459310860,0.568796491,-2.160735987,0.354045409,1.778755732,-0.379307382
-1.130194524,-0.459413127,0.568796470,-2.160563694,0.353899340,1.778458783,-0.379143840
-1.131233216,-0.459515335,0.568796450,-2.160391516,0.353753385,1.778162047,-0.378980267
-1.132270601,-0.459617484,0.568796429,-2.160219452,0.353607544,1.777865524,-0.378816662
-1.133306679,-0.459719573,0.568796408,-2.160047503,0.353461817,1.777569215,-0.378653026
-1.134341450,-0.459821602,0.568796388,-2.159875668,0.353316204,1.777273119,-0.378489358
-1.135374912,-0.459923571,0.568796367,-2.159703947,0.353170706,1.776977237,-0.378325659
-1.136407066,-0.460025481,0.568796346,-2.159532342,0.353025322,1.776681569,-0.378161928
-1.137437911,-0.460127331,0.568796326,-2.159360850,0.352880052,1.776386115,-0.377998166
-1.138467448,-0.460229122,0.568796305,-2.159189474,0.352734897,1.776090874,-0.377834373
-1.139495675,-0.460330853,0.568796284,-2.159018212,0.352589856,1.775795847,-0.377670548
-1.140522592,-0.460432523,0.568796264,-2.158847065,0.352444930,1.775501035,-0.377506691
-1.141548199,-0.460534135,0.568796243,-2.158676032,0.352300118,1.775206436,-0.377342804
-1.142572496,-0.460635686,0.568796223,-2.158505115,0.352155421,1.774912052,-0.377178885
-1.143595482,-0.460737177,0.568796202,-2.158334312,0.352010838,1.774617881,-0.377014934
-1.144617158,-0.460838609,0.568796182,-2.158163625,0.351866370,1.774323925,-0.376850952
-1.145637521,-0.460939980,0.568796161,-2.157993052,0.351722016,1.774030184,-0.376686940
-1.146656574,-0.461041292,0.568796141,-2.157822594,0.351577778,1.773736656,-0.376522895
-1.147674314,-0.461142544,0.568796120,-2.157652251,0.351433653,1.773443344,-0.376358820
-1.148690742,-0.461243736,0.568796100,-2.157482023,0.351289644,1.773150245,-0.376194713
-1.149705858,-0.461344868,0.568796079,-2.157311910,0.351145749,1.772857362,-0.376030575
-1.150719660,-0.461445940,0.568796059,-2.157141913,0.351001970,1.772564693,-0.375866406
-1.151732150,-0.461546952,0.568796039,-2.156972030,0.350858305,1.772272238,-0.375702205
-1.152743326,-0.461647904,0.568796018,-2.156802263,0.350714755,1.771979999,-0.375537973
-1.153753189,-0.461748796,0.568795998,-2.156632611,0.350571319,1.771687974,-0.375373711
-1.154761738,-0.461849627,0.568795978,-2.156463074,0.350427999,1.771396164,-0.375209417
-1.155768973,-0.461950399,0.568795957,-2.156293652,0.350284794,1.771104570,-0.375045091
-1.156774893,-0.462051111,0.568795937,-2.156124346,0.350141703,1.770813190,-0.374880735
-1.157779499,-0.462151762,0.568795917,-2.155955155,0.349998728,1.770522025,-0.374716348
-1.158782789,-0.462252354,0.568795896,-2.155786079,0.349855868,1.770231075,-0.374551929
-1.159784765,-0.462352885,0.568795876,-2.155617119,0.349713122,1.769940341,-0.374387479
-1.160785425,-0.462453356,0.568795856,-2.155448274,0.349570492,1.769649821,-0.374222999
-1.161784770,-0.462553767,0.568795835,-2.155279545,0.349427977,1.769359517,-0.374058487
-1.162782799,-0.462654118,0.568795815,-2.155110931,0.349285577,1.769069429,-0.373893944
-1.163779511,-0.462754408,0.568795795,-2.154942433,0.349143292,1.768779555,-0.373729370
-1.164774908,-0.462854639,0.568795775,-2.154774050,0.349001123,1.768489897,-0.373564765
-1.165768988,-0.462954809,0.568795755,-2.154605782,0.348859068,1.768200455,-0.373400129
-1.166761752,-0.463054918,0.568795734,-2.154437631,0.348717129,1.767911228,-0.373235462
-1.167753198,-0.463154968,0.568795714,-2.154269595,0.348575305,1.767622216,-0.373070764
-1.168743328,-0.463254957,0.568795694,-2.154101674,0.348433597,1.767333420,-0.372906035
-1.169732140,-0.463354886,0.568795674,-2.153933869,0.348292003,1.767044840,-0.372741275
-1.170719635,-0.463454755,0.568795654,-2.153766180,0.348150525,1.766756475,-0.372576484
-1.171705812,-0.463554563,0.568795634,-2.153598607,0.348009163,1.766468327,-0.372411663
-1.172690671,-0.463654311,0.568795614,-2.153431149,0.347867915,1.766180393,-0.372246810
-1.173674213,-0.463753999,0.568795594,-2.153263807,0.347726783,1.765892676,-0.372081926
-1.174656436,-0.463853626,0.568795574,-2.153096581,0.347585767,1.765605174,-0.371917012
-1.175637341,-0.463953193,0.568795554,-2.152929470,0.347444866,1.765317889,-0.371752066
-1.176616928,-0.464052700,0.568795534,-2.152762475,0.347304080,1.765030819,-0.371587090
-1.177595196,-0.464152146,0.568795514,-2.152595597,0.347163410,1.764743965,-0.371422082
-1.178572146,-0.464251532,0.568795494,-2.152428834,0.347022855,1.764457327,-0.371257044
-1.179547777,-0.464350857,0.568795474,-2.152262187,0.346882415,1.764170905,-0.371091975
-1.180522088,-0.464450122,0.568795454,-2.152095655,0.346742092,1.763884699,-0.370926875
-1.181495081,-0.464549326,0.568795434,-2.151929240,0.346601883,1.763598709,-0.370761745
-1.182466754,-0.464648470,0.568795414,-2.151762940,0.346461790,1.763312936,-0.370596583
-1.183437109,-0.464747554,0.568795394,-2.151596757,0.346321813,1.763027378,-0.370431391
-1.184406143,-0.464846577,0.568795374,-2.151430689,0.346181951,1.762742036,-0.370266168
-1.185373858,-0.464945540,0.568795354,-2.151264738,0.346042205,1.762456911,-0.370100914
-1.186340254,-0.465044442,0.568795334,-2.151098902,0.345902575,1.762172002,-0.369935629
-1.187305330,-0.465143284,0.568795314,-2.150933182,0.345763060,1.761887309,-0.369770313
-1.188269086,-0.465242065,0.568795295,-2.150767578,0.345623660,1.761602832,-0.369604967
-1.189231522,-0.465340786,0.568795275,-2.150602091,0.345484376,1.761318571,-0.369439590
-1.190192638,-0.465439446,0.568795255,-2.150436719,0.345345208,1.761034527,-0.369274182
-1.191152434,-0.465538046,0.568795235,-2.150271463,0.345206156,1.760750699,-0.369108744
-1.192110910,-0.465636585,0.568795215,-2.150106324,0.345067219,1.760467087,-0.368943274
-1.193068066,-0.465735064,0.568795196,-2.149941300,0.344928398,1.760183691,-0.368777774
-1.194023902,-0.465833482,0.568795176,-2.149776392,0.344789692,1.759900512,-0.368612243
-1.194978417,-0.465931840,0.568795156,-2.149611601,0.344651102,1.759617550,-0.368446682
-1.195931612,-0.466030137,0.568795137,-2.149446925,0.344512628,1.759334803,-0.368281090
-1.196883487,-0.466128374,0.568795117,-2.149282366,0.344374269,1.759052273,-0.368115467
-1.197834041,-0.466226550,0.568795097,-2.149117923,0.344236026,1.758769959,-0.367949813
-1.198783275,-0.466324665,0.568795078,-2.148953596,0.344097899,1.758487862,-0.367784129
-1.199731189,-0.466422720,0.568795058,-2.148789384,0.343959887,1.758205981,-0.367618414
-1.200677782,-0.466520715,0.568795038,-2.148625289,0.343821991,1.757924317,-0.367452669
-1.201623054,-0.466618649,0.568795019,-2.148461311,0.343684211,1.757642869,-0.367286893
-1.202567006,-0.466716522,0.568794999,-2.148297448,0.343546547,1.757361637,-0.367121086
-1.203509638,-0.466814335,0.568794979,-2.148133701,0.343408998,1.757080622,-0.366955248
-1.204450949,-0.466912087,0.568794960,-2.147970071,0.343271565,1.756799823,-0.366789380
-1.205390940,-0.467009779,0.568794940,-2.147806556,0.343134247,1.756519241,-0.366623481
-1.206329610,-0.467107410,0.568794921,-2.147643158,0.342997046,1.756238875,-0.366457552
-1.207266960,-0.467204980,0.568794901,-2.147479875,0.342859959,1.755958725,-0.366291592
-1.208202989,-0.467302490,0.568794882,-2.147316709,0.342722989,1.755678792,-0.366125601
-1.209137698,-0.467399940,0.568794862,-2.147153659,0.342586135,1.755399076,-0.365959580
-1.210071087,-0.467497329,0.568794843,-2.146990725,0.342449396,1.755119576,-0.365793528
-1.211003155,-0.467594657,0.568794823,-2.146827908,0.342312772,1.754840292,-0.365627445
-1.211933903,-0.467691925,0.568794804,-2.146665206,0.342176265,1.754561224,-0.365461332
-1.212863331,-0.467789132,0.568794785,-2.146502620,0.342039873,1.754282373,-0.365295189
-1.213791439,-0.467886278,0.568794765,-2.146340151,0.341903597,1.754003739,-0.365129014
-1.214718227,-0.467983364,0.568794746,-2.146177798,0.341767436,1.753725321,-0.364962809
-1.215643695,-0.468080390,0.568794726,-2.146015560,0.341631391,1.753447119,-0.364796574
-1.216567842,-0.468177355,0.568794707,-2.145853439,0.341495462,1.753169134,-0.364630308
-1.217490670,-0.468274259,0.568794688,-2.145691434,0.341359649,1.752891365,-0.364464012
-1.218412179,-0.468371103,0.568794668,-2.145529545,0.341223951,1.752613812,-0.364297684
-1.219332367,-0.468467886,0.568794649,-2.145367772,0.341088369,1.752336476,-0.364131327
-1.220251236,-0.468564609,0.568794630,-2.145206115,0.340952902,1.752059356,-0.363964939
-1.221168786,-0.468661271,0.568794610,-2.145044574,0.340817551,1.751782452,-0.363798520
-1.222085016,-0.468757873,0.568794591,-2.144883150,0.340682316,1.751505765,-0.363632070
-1.222999927,-0.468854414,0.568794572,-2.144721841,0.340547196,1.751229293,-0.363465591
-1.223913519,-0.468950895,0.568794553,-2.144560648,0.340412192,1.750953039,-0.363299080
-1.224825792,-0.469047315,0.568794533,-2.144399571,0.340277303,1.750677000,-0.363132539
-1.225736746,-0.469143675,0.568794514,-2.144238610,0.340142530,1.750401177,-0.362965968
-1.226646381,-0.469239974,0.568794495,-2.144077766,0.340007873,1.750125571,-0.362799366
-1.227554698,-0.469336212,0.568794476,-2.143917037,0.339873331,1.749850181,-0.362632733
-1.228461696,-0.469432391,0.568794457,-2.143756424,0.339738905,1.749575007,-0.362466070
-1.229367376,-0.469528508,0.568794437,-2.143595927,0.339604594,1.749300049,-0.362299376
-1.230271737,-0.469624566,0.568794418,-2.143435546,0.339470399,1.749025308,-0.362132652
-1.231174781,-0.469720562,0.568794399,-2.143275281,0.339336319,1.748750782,-0.361965898
-1.232076507,-0.469816499,0.568794380,-2.143115132,0.339202355,1.748476472,-0.361799113
-1.232976916,-0.469912374,0.568794361,-2.142955099,0.339068506,1.748202379,-0.361632297
-1.233876007,-0.470008190,0.568794342,-2.142795182,0.338934773,1.747928501,-0.361465451
-1.234773780,-0.470103945,0.568794323,-2.142635380,0.338801155,1.747654839,-0.361298574
-1.235670237,-0.470199639,0.568794304,-2.142475694,0.338667652,1.747381393,-0.361131667
-1.236565377,-0.470295274,0.568794285,-2.142316124,0.338534265,1.747108163,-0.360964729
-1.237459200,-0.470390847,0.568794266,-2.142156670,0.338400993,1.746835149,-0.360797761
-1.238351707,-0.470486361,0.568794247,-2.141997332,0.338267837,1.746562351,-0.360630762
-1.239242897,-0.470581814,0.568794228,-2.141838109,0.338134796,1.746289768,-0.360463732
-1.240132771,-0.470677207,0.568794209,-2.141679003,0.338001870,1.746017401,-0.360296673
-1.241021330,-0.470772539,0.568794190,-2.141520011,0.337869060,1.745745250,-0.360129582
-1.241908573,-0.470867811,0.568794171,-2.141361136,0.337736364,1.745473314,-0.359962461
-1.242794501,-0.470963022,0.568794152,-2.141202376,0.337603784,1.745201594,-0.359795310
-1.243679114,-0.471058174,0.568794133,-2.141043732,0.337471320,1.744930090,-0.359628128
-1.244562411,-0.471153265,0.568794114,-2.140885203,0.337338970,1.744658801,-0.359460916
-1.245444395,-0.471248296,0.568794095,-2.140726791,0.337206736,1.744387727,-0.359293673
-1.246325064,-0.471343266,0.568794077,-2.140568493,0.337074617,1.744116869,-0.359126399
-1.247204418,-0.471438176,0.568794058,-2.140410311,0.336942613,1.743846226,-0.358959095
-1.248082460,-0.471533026,0.568794039,-2.140252245,0.336810724,1.743575799,-0.358791761
-1.248959187,-0.471627816,0.568794020,-2.140094294,0.336678950,1.743305587,-0.358624396
-1.249834602,-0.471722546,0.568794001,-2.139936459,0.336547291,1.743035590,-0.358457000
-1.250708703,-0.471817215,0.568793982,-2.139778739,0.336415747,1.742765808,-0.358289574
-1.251581492,-0.471911824,0.568793964,-2.139621134,0.336284318,1.742496241,-0.358122118
-1.252452968,-0.472006373,0.568793945,-2.139463645,0.336153004,1.742226889,-0.357954631
-1.253323133,-0.472100862,0.568793926,-2.139306271,0.336021805,1.741957753,-0.357787113
-1.254191986,-0.472195291,0.568793908,-2.139149012,0.335890721,1.741688831,-0.357619565
-1.255059527,-0.472289659,0.568793889,-2.138991869,0.335759752,1.741420124,-0.357451986
-1.255925757,-0.472383968,0.568793870,-2.138834841,0.335628898,1.741151632,-0.357284377
-1.256790677,-0.472478216,0.568793851,-2.138677928,0.335498158,1.740883355,-0.357116737
-1.257654286,-0.472572405,0.568793833,-2.138521130,0.335367534,1.740615292,-0.356949067
-1.258516585,-0.472666533,0.568793814,-2.138364447,0.335237024,1.740347444,-0.356781366
-1.259377575,-0.472760601,0.568793796,-2.138207880,0.335106628,1.740079810,-0.356613634
-1.260237255,-0.472854610,0.568793777,-2.138051427,0.334976348,1.739812391,-0.356445872
-1.261095626,-0.472948558,0.568793758,-2.137895090,0.334846182,1.739545187,-0.356278080
-1.261952688,-0.473042447,0.568793740,-2.137738868,0.334716130,1.739278196,-0.356110256
-1.262808442,-0.473136275,0.568793721,-2.137582760,0.334586193,1.739011420,-0.355942403
-1.263662888,-0.473230044,0.568793703,-2.137426767,0.334456371,1.738744859,-0.355774518
-1.264516027,-0.473323752,0.568793684,-2.137270890,0.334326663,1.738478511,-0.355606603
-1.265367858,-0.473417401,0.568793666,-2.137115127,0.334197070,1.738212377,-0.355438658
-1.266218383,-0.473510990,0.568793647,-2.136959479,0.334067591,1.737946458,-0.355270682
-1.267067601,-0.473604519,0.568793629,-2.136803945,0.333938227,1.737680752,-0.355102675
-1.267915514,-0.473697988,0.568793610,-2.136648527,0.333808976,1.737415260,-0.354934638
-1.268762121,-0.473791398,0.568793592,-2.136493223,0.333679840,1.737149982,-0.354766570
-1.269607423,-0.473884748,0.568793573,-2.136338033,0.333550819,1.736884918,-0.354598472
-1.270451420,-0.473978038,0.568793555,-2.136182958,0.333421911,1.736620067,-0.354430343
-1.271294113,-0.474071268,0.568793536,-2.136027998,0.333293118,1.736355430,-0.354262183
-1.272135502,-0.474164438,0.568793518,-2.135873152,0.333164439,1.736091006,-0.354093992
-1.272975587,-0.474257549,0.568793500,-2.135718421,0.333035874,1.735826796,-0.353925771
-1.273814370,-0.474350601,0.568793481,-2.135563804,0.332907423,1.735562799,-0.353757520
-1.274651851,-0.474443592,0.568793463,-2.135409301,0.332779086,1.735299015,-0.353589238
-1.275488029,-0.474536525,0.568793445,-2.135254913,0.332650863,1.735035444,-0.353420925
-1.276322905,-0.474629397,0.568793426,-2.135100639,0.332522754,1.734772087,-0.353252581
-1.277156481,-0.474722210,0.568793408,-2.134946479,0.332394758,1.734508942,-0.353084207
-1.277988756,-0.474814964,0.568793390,-2.134792433,0.332266877,1.734246010,-0.352915802
-1.278819731,-0.474907658,0.568793371,-2.134638502,0.332139109,1.733983290,-0.352747366
-1.279649406,-0.475000292,0.568793353,-2.134484684,0.332011455,1.733720784,-0.352578900
-1.280477782,-0.475092868,0.568793335,-2.134330981,0.331883915,1.733458490,-0.352410403
-1.281304859,-0.475185383,0.568793317,-2.134177391,0.331756488,1.733196408,-0.352241875
-1.282130639,-0.475277840,0.568793298,-2.134023915,0.331629175,1.732934539,-0.352073316
-1.282955120,-0.475370237,0.568793280,-2.133870553,0.331501975,1.732672882,-0.351904727
-1.283778305,-0.475462575,0.568793262,-2.133717305,0.331374889,1.732411437,-0.351736107
-1.284600192,-0.475554853,0.568793244,-2.133564171,0.331247916,1.732150204,-0.351567457
-1.285420784,-0.475647072,0.568793226,-2.133411150,0.331121057,1.731889184,-0.351398775
-1.286240080,-0.475739233,0.568793208,-2.133258243,0.330994311,1.731628375,-0.351230063
-1.287058082,-0.475831333,0.568793189,-2.133105449,0.330867678,1.731367778,-0.351061320
-1.287874788,-0.475923375,0.568793171,-2.132952769,0.330741158,1.731107392,-0.350892546
-1.288690201,-0.476015358,0.568793153,-2.132800203,0.330614752,1.730847218,-0.350723742
-1.289504321,-0.476107281,0.568793135,-2.132647749,0.330488458,1.730587256,-0.350554906
-1.290317148,-0.476199146,0.568793117,-2.132495410,0.330362278,1.730327505,-0.350386040
-1.291128682,-0.476290951,0.568793099,-2.132343183,0.330236210,1.730067965,-0.350217143
-1.291938925,-0.476382698,0.568793081,-2.132191070,0.330110256,1.729808636,-0.350048215
-1.292747877,-0.476474385,0.568793063,-2.132039069,0.329984414,1.729549518,-0.349879256
-1.293555539,-0.476566014,0.568793045,-2.131887182,0.329858685,1.729290611,-0.349710267
-1.294361910,-0.476657584,0.568793027,-2.131735408,0.329733069,1.729031915,-0.349541246
-1.295166993,-0.476749095,0.568793009,-2.131583747,0.329607566,1.728773430,-0.349372195
-1.295970786,-0.476840547,0.568792991,-2.131432198,0.329482175,1.728515155,-0.349203113
-1.296773292,-0.476931940,0.568792973,-2.131280763,0.329356897,1.728257090,-0.349034000
-1.297574510,-0.477023274,0.568792955,-2.131129440,0.329231731,1.727999236,-0.348864856
-1.298374442,-0.477114550,0.568792937,-2.130978230,0.329106678,1.727741592,-0.348695681
-1.299173087,-0.477205767,0.568792919,-2.130827132,0.328981737,1.727484158,-0.348526475
-1.299970447,-0.477296926,0.568792901,-2.130676147,0.328856908,1.727226935,-0.348357238
-1.300766522,-0.477388026,0.568792884,-2.130525275,0.328732192,1.726969920,-0.348187971
-1.301561313,-0.477479067,0.568792866,-2.130374515,0.328607588,1.726713116,-0.348018672
-1.302354820,-0.477570050,0.568792848,-2.130223867,0.328483096,1.726456521,-0.347849342
-1.303147045,-0.477660975,0.568792830,-2.130073332,0.328358716,1.726200136,-0.347679981
-1.303937987,-0.477751841,0.568792812,-2.129922909,0.328234447,1.725943960,-0.347510590
-1.304727647,-0.477842648,0.568792795,-2.129772598,0.328110291,1.725687993,-0.347341167
-1.305516027,-0.477933397,0.568792777,-2.129622399,0.327986247,1.725432235,-0.347171713
-1.306303126,-0.478024088,0.568792759,-2.129472312,0.327862314,1.725176686,-0.347002228
-1.307088946,-0.478114721,0.568792741,-2.129322337,0.327738494,1.724921346,-0.346832712
-1.307873487,-0.478205295,0.568792723,-2.129172473,0.327614784,1.724666214,-0.346663165
-1.308656750,-0.478295811,0.568792706,-2.129022722,0.327491187,1.724411291,-0.346493587
-1.309438736,-0.478386269,0.568792688,-2.128873082,0.327367701,1.724156576,-0.346323978
-1.310219445,-0.478476669,0.568792670,-2.128723554,0.327244326,1.723902070,-0.346154338
-1.310998878,-0.478567011,0.568792653,-2.128574137,0.327121062,1.723647772,-0.345984666
-1.311777036,-0.478657295,0.568792635,-2.128424832,0.326997910,1.723393681,-0.345814964
-1.312553919,-0.478747521,0.568792617,-2.128275638,0.326874869,1.723139799,-0.345645230
-1.313329529,-0.478837689,0.568792600,-2.128126556,0.326751940,1.722886124,-0.345475465
-1.314103866,-0.478927799,0.568792582,-2.127977585,0.326629121,1.722632656,-0.345305669
-1.314876930,-0.479017851,0.568792565,-2.127828724,0.326506413,1.722379396,-0.345135841
-1.315648723,-0.479107845,0.568792547,-2.127679975,0.326383816,1.722126344,-0.344965982
-1.316419246,-0.479197782,0.568792529,-2.127531337,0.326261330,1.721873498,-0.344796093
-1.317188498,-0.479287660,0.568792512,-2.127382810,0.326138955,1.721620859,-0.344626171
-1.317956481,-0.479377482,0.568792494,-2.127234394,0.326016690,1.721368427,-0.344456219
-1.318723196,-0.479467245,0.568792477,-2.127086088,0.325894536,1.721116202,-0.344286235
-1.319488644,-0.479556951,0.568792459,-2.126937893,0.325772493,1.720864183,-0.344116220
-1.320252824,-0.479646599,0.568792442,-2.126789808,0.325650559,1.720612370,-0.343946174
-1.321015739,-0.479736190,0.568792424,-2.126641834,0.325528737,1.720360764,-0.343776096
-1.321777388,-0.479825724,0.568792407,-2.126493971,0.325407024,1.720109364,-0.343605987
-1.322537773,-0.479915200,0.568792389,-2.126346217,0.325285422,1.719858169,-0.343435846
-1.323296895,-0.480004619,0.568792372,-2.126198574,0.325163930,1.719607180,-0.343265674
-1.324054754,-0.480093980,0.568792355,-2.126051041,0.325042547,1.719356397,-0.343095471
-1.324811351,-0.480183284,0.568792337,-2.125903618,0.324921275,1.719105819,-0.342925236
-1.325566687,-0.480272532,0.568792320,-2.125756305,0.324800113,1.718855446,-0.342754970
-1.326320763,-0.480361721,0.568792302,-2.125609102,0.324679060,1.718605278,-0.342584672
-1.327073580,-0.480450854,0.568792285,-2.125462008,0.324558117,1.718355316,-0.342414343
-1.327825138,-0.480539930,0.568792268,-2.125315024,0.324437283,1.718105557,-0.342243982
-1.328575438,-0.480628949,0.568792250,-2.125168150,0.324316559,1.717856004,-0.342073590
-1.329324482,-0.480717911,0.568792233,-2.125021385,0.324195945,1.717606654,-0.341903166
-1.330072271,-0.480806816,0.568792216,-2.124874730,0.324075440,1.717357509,-0.341732711
-1.330818804,-0.480895664,0.568792198,-2.124728184,0.323955044,1.717108568,-0.341562224
-1.331564083,-0.480984455,0.568792181,-2.124581747,0.323834757,1.716859831,-0.341391705
-1.332308109,-0.481073190,0.568792164,-2.124435419,0.323714579,1.716611298,-0.341221155
-1.333050883,-0.481161868,0.568792147,-2.124289200,0.323594510,1.716362967,-0.341050573
-1.333792405,-0.481250489,0.568792129,-2.124143090,0.323474550,1.716114841,-0.340879959
-1.334532677,-0.481339054,0.568792112,-2.123997089,0.323354699,1.715866917,-0.340709314
-1.335271700,-0.481427562,0.568792095,-2.123851196,0.323234956,1.715619196,-0.340538637
-1.336009474,-0.481516014,0.568792078,-2.123705412,0.323115322,1.715371679,-0.340367928
-1.336746001,-0.481604409,0.568792061,-2.123559737,0.322995797,1.715124363,-0.340197188
-1.337481281,-0.481692748,0.568792043,-2.123414170,0.322876380,1.714877250,-0.340026416
-1.338215315,-0.481781031,0.568792026,-2.123268711,0.322757071,1.714630340,-0.339855611
-1.338948104,-0.481869257,0.568792009,-2.123123361,0.322637870,1.714383631,-0.339684776
-1.339679650,-0.481957428,0.568791992,-2.122978118,0.322518778,1.714137124,-0.339513908
-1.340409952,-0.482045542,0.568791975,-2.122832984,0.322399794,1.713890819,-0.339343008
-1.341139013,-0.482133600,0.568791958,-2.122687957,0.322280917,1.713644715,-0.339172077
-1.341866833,-0.482221602,0.568791941,-2.122543038,0.322162148,1.713398813,-0.339001113
-1.342593414,-0.482309548,0.568791924,-2.122398227,0.322043487,1.713153112,-0.338830118
-1.343318755,-0.482397439,0.568791907,-2.122253524,0.321924934,1.712907611,-0.338659091
-1.344042859,-0.482485273,0.568791890,-2.122108927,0.321806488,1.712662312,-0.338488031
-1.344765725,-0.482573052,0.568791873,-2.121964439,0.321688149,1.712417212,-0.338316940
-1.345487356,-0.482660775,0.568791856,-2.121820057,0.321569918,1.712172313,-0.338145817
-1.346207752,-0.482748443,0.568791839,-2.121675782,0.321451794,1.711927615,-0.337974661
-1.346926914,-0.482836054,0.568791822,-2.121531615,0.321333777,1.711683116,-0.337803474
-1.347644843,-0.482923611,0.568791805,-2.121387554,0.321215867,1.711438816,-0.337632254
-1.348361541,-0.483011112,0.568791788,-2.121243600,0.321098064,1.711194717,-0.337461002
-1.349077008,-0.483098557,0.568791771,-2.121099753,0.320980368,1.710950816,-0.337289719
-1.349791245,-0.483185947,0.568791754,-2.120956013,0.320862778,1.710707115,-0.337118403
-1.350504254,-0.483273282,0.568791737,-2.120812378,0.320745295,1.710463612,-0.336947054
-1.351216035,-0.483360562,0.568791720,-2.120668851,0.320627919,1.710220308,-0.336775674
-1.351926590,-0.483447786,0.568791703,-2.120525429,0.320510648,1.709977203,-0.336604261
-1.352635920,-0.483534956,0.568791686,-2.120382113,0.320393484,1.709734296,-0.336432816
-1.353344025,-0.483622070,0.568791670,-2.120238904,0.320276427,1.709491587,-0.336261339
-1.354050907,-0.483709129,0.568791653,-2.120095800,0.320159475,1.709249076,-0.336089829
-1.354756567,-0.483796134,0.568791636,-2.119952802,0.320042629,1.709006762,-0.335918287
-1.355461006,-0.483883084,0.568791619,-2.119809910,0.319925889,1.708764646,-0.335746713
-1.356164225,-0.483969979,0.568791602,-2.119667123,0.319809254,1.708522726,-0.335575106
-1.356866226,-0.484056819,0.568791586,-2.119524441,0.319692725,1.708281004,-0.335403467
-1.357567009,-0.484143605,0.568791569,-2.119381865,0.319576302,1.708039479,-0.335231795
-1.358266575,-0.484230336,0.568791552,-2.119239394,0.319459984,1.707798150,-0.335060091
-1.358964926,-0.484317013,0.568791535,-2.119097028,0.319343771,1.707557017,-0.334888354
-1.359662063,-0.484403635,0.568791519,-2.118954767,0.319227663,1.707316081,-0.334716585
-1.360357987,-0.484490203,0.568791502,-2.118812610,0.319111660,1.707075340,-0.334544783
-1.361052699,-0.484576716,0.568791485,-2.118670558,0.318995762,1.706834795,-0.334372949
-1.361746200,-0.484663176,0.568791469,-2.118528611,0.318879969,1.706594445,-0.334201082
-1.362438492,-0.484749581,0.568791452,-2.118386768,0.318764280,1.706354290,-0.334029182
-1.363129575,-0.484835932,0.568791435,-2.118245029,0.318648696,1.706114331,-0.333857250
-1.363819452,-0.484922229,0.568791419,-2.118103395,0.318533217,1.705874566,-0.333685285
-1.364508122,-0.485008473,0.568791402,-2.117961864,0.318417841,1.705634995,-0.333513287
-1.365195587,-0.485094662,0.568791385,-2.117820437,0.318302570,1.705395619,-0.333341256
-1.365881849,-0.485180798,0.568791369,-2.117679114,0.318187403,1.705156436,-0.333169193
-1.366566909,-0.485266880,0.568791352,-2.117537895,0.318072340,1.704917448,-0.332997097
-1.367250767,-0.485352908,0.568791336,-2.117396779,0.317957380,1.704678653,-0.332824967
-1.367933425,-0.485438883,0.568791319,-2.117255766,0.317842524,1.704440051,-0.332652805
-1.368614885,-0.485524804,0.568791303,-2.117114857,0.317727772,1.704201642,-0.332480611
-1.369295147,-0.485610672,0.568791286,-2.116974051,0.317613123,1.703963426,-0.332308383
-1.369974213,-0.485696487,0.568791269,-2.116833347,0.317498578,1.703725403,-0.332136122
-1.370652084,-0.485782248,0.568791253,-2.116692747,0.317384135,1.703487572,-0.331963828
-1.371328762,-0.485867956,0.568791237,-2.116552249,0.317269796,1.703249932,-0.331791501
-1.372004247,-0.485953611,0.568791220,-2.116411853,0.317155559,1.703012485,-0.331619141
-1.372678541,-0.486039213,0.568791204,-2.116271560,0.317041425,1.702775229,-0.331446748
-1.373351644,-0.486124762,0.568791187,-2.116131370,0.316927394,1.702538165,-0.331274322
-1.374023560,-0.486210258,0.568791171,-2.115991281,0.316813465,1.702301291,-0.331101862
-1.374694288,-0.486295701,0.568791154,-2.115851294,0.316699639,1.702064609,-0.330929370
-1.375363830,-0.486381091,0.568791138,-2.115711410,0.316585915,1.701828117,-0.330756844
-1.376032187,-0.486466429,0.568791122,-2.115571626,0.316472293,1.701591815,-0.330584285
-1.376699361,-0.486551715,0.568791105,-2.115431945,0.316358773,1.701355703,-0.330411692
-1.377365352,-0.486636947,0.568791089,-2.115292364,0.316245355,1.701119781,-0.330239066
-1.378030163,-0.486722128,0.568791072,-2.115152885,0.316132039,1.700884048,-0.330066407
-1.378693795,-0.486807256,0.568791056,-2.115013508,0.316018824,1.700648505,-0.329893715
-1.379356248,-0.486892332,0.568791040,-2.114874231,0.315905711,1.700413151,-0.329720989
-1.380017525,-0.486977355,0.568791023,-2.114735055,0.315792699,1.700177985,-0.329548229
-1.380677627,-0.487062327,0.568791007,-2.114595979,0.315679788,1.699943008,-0.329375437
-1.381336554,-0.487147246,0.568790991,-2.114457004,0.315566978,1.699708219,-0.329202610
-1.381994309,-0.487232114,0.568790975,-2.114318130,0.315454269,1.699473618,-0.329029750
-1.382650892,-0.487316929,0.568790958,-2.114179355,0.315341661,1.699239205,-0.328856856
-1.383306305,-0.487401693,0.568790942,-2.114040681,0.315229153,1.699004979,-0.328683929
-1.383960550,-0.487486406,0.568790926,-2.113902107,0.315116746,1.698770940,-0.328510968
-1.384613628,-0.487571066,0.568790910,-2.113763632,0.315004439,1.698537088,-0.328337974
-1.385265540,-0.487655675,0.568790894,-2.113625258,0.314892232,1.698303422,-0.328164945
-1.385916288,-0.487740233,0.568790877,-2.113486982,0.314780126,1.698069943,-0.327991883
-1.386565873,-0.487824739,0.568790861,-2.113348806,0.314668119,1.697836650,-0.327818787
-1.387214296,-0.487909195,0.568790845,-2.113210729,0.314556212,1.697603542,-0.327645657
-1.387861560,-0.487993599,0.568790829,-2.113072751,0.314444404,1.697370620,-0.327472493
-1.388507664,-0.488077951,0.568790813,-2.112934872,0.314332696,1.697137883,-0.327299296
-1.389152612,-0.488162253,0.568790797,-2.112797092,0.314221088,1.696905331,-0.327126064
-1.389796404,-0.488246504,0.568790781,-2.112659410,0.314109578,1.696672964,-0.326952798
-1.390439041,-0.488330704,0.568790764,-2.112521826,0.313998168,1.696440781,-0.326779499
-1.391080526,-0.488414854,0.568790748,-2.112384341,0.313886856,1.696208781,-0.326606165
-1.391720859,-0.488498952,0.568790732,-2.112246954,0.313775643,1.695976966,-0.326432797
-1.392360043,-0.488583000,0.568790716,-2.112109664,0.313664529,1.695745334,-0.326259395
-1.392998078,-0.488666998,0.568790700,-2.111972473,0.313553513,1.695513885,-0.326085959
-1.393634966,-0.488750945,0.568790684,-2.111835379,0.313442596,1.695282619,-0.325912489
-1.394270709,-0.488834842,0.568790668,-2.111698382,0.313331776,1.695051536,-0.325738984
-1.394905307,-0.488918689,0.568790652,-2.111561483,0.313221054,1.694820635,-0.325565445
-1.395538764,-0.489002486,0.568790636,-2.111424680,0.313110431,1.694589915,-0.325391872
-1.396171079,-0.489086232,0.568790620,-2.111287975,0.312999905,1.694359378,-0.325218264
-1.396802255,-0.489169929,0.568790604,-2.111151366,0.312889476,1.694129022,-0.325044622
-1.397432294,-0.489253576,0.568790588,-2.111014854,0.312779145,1.693898847,-0.324870946
-1.398061196,-0.489337173,0.568790572,-2.110878439,0.312668911,1.693668852,-0.324697235
-1.398688963,-0.489420720,0.568790556,-2.110742119,0.312558774,1.693439038,-0.324523489
-1.399315597,-0.489504218,0.568790541,-2.110605896,0.312448733,1.693209405,-0.324349709
-1.399941100,-0.489587667,0.568790525,-2.110469768,0.312338790,1.692979951,-0.324175894
-1.400565472,-0.489671066,0.568790509,-2.110333737,0.312228943,1.692750677,-0.324002045
-1.401188716,-0.489754415,0.568790493,-2.110197801,0.312119192,1.692521581,-0.323828161
-1.401810833,-0.489837716,0.568790477,-2.110061960,0.312009538,1.692292665,-0.323654242
-1.402431824,-0.489920967,0.568790461,-2.109926214,0.311899980,1.692063928,-0.323480288
-1.403051692,-0.490004170,0.568790445,-2.109790564,0.311790517,1.691835368,-0.323306300
-1.403670438,-0.490087323,0.568790430,-2.109655008,0.311681151,1.691606987,-0.323132276
-1.404288063,-0.490170428,0.568790414,-2.109519548,0.311571879,1.691378783,-0.322958218
-1.404904569,-0.490253484,0.568790398,-2.109384181,0.311462704,1.691150757,-0.322784125
-1.405519958,-0.490336492,0.568790382,-2.109248909,0.311353623,1.690922908,-0.322609997
-1.406134232,-0.490419451,0.568790366,-2.109113731,0.311244638,1.690695235,-0.322435834
-1.406747391,-0.490502361,0.568790351,-2.108978647,0.311135748,1.690467739,-0.322261636
-1.407359438,-0.490585223,0.568790335,-2.108843657,0.311026952,1.690240419,-0.322087402
-1.407970374,-0.490668037,0.568790319,-2.108708761,0.310918251,1.690013274,-0.321913134
-1.408580201,-0.490750803,0.568790303,-2.108573958,0.310809644,1.689786305,-0.321738830
-1.409188920,-0.490833521,0.568790288,-2.108439248,0.310701132,1.689559511,-0.321564491
-1.409796534,-0.490916191,0.568790272,-2.108304632,0.310592713,1.689332892,-0.321390117
-1.410403044,-0.490998813,0.568790256,-2.108170108,0.310484389,1.689106447,-0.321215707
-1.411008451,-0.491081388,0.568790241,-2.108035677,0.310376158,1.688880177,-0.321041262
-1.411612758,-0.491163915,0.568790225,-2.107901338,0.310268021,1.688654080,-0.320866782
-1.412215966,-0.491246394,0.568790209,-2.107767092,0.310159977,1.688428156,-0.320692266
-1.412818076,-0.491328826,0.568790194,-2.107632938,0.310052026,1.688202406,-0.320517715
-1.413419091,-0.491411211,0.568790178,-2.107498876,0.309944168,1.687976828,-0.320343128
-1.414019012,-0.491493548,0.568790163,-2.107364906,0.309836404,1.687751423,-0.320168506
-1.414617840,-0.491575838,0.568790147,-2.107231027,0.309728732,1.687526189,-0.319993847
-1.415215579,-0.491658082,0.568790131,-2.107097240,0.309621152,1.687301128,-0.319819154
-1.415812228,-0.491740278,0.568790116,-2.106963544,0.309513665,1.687076238,-0.319644424
-1.416407791,-0.491822428,0.568790100,-2.106829939,0.309406270,1.686851519,-0.319469659
-1.417002269,-0.491904531,0.568790085,-2.106696425,0.309298966,1.686626970,-0.319294858
-1.417595663,-0.491986587,0.568790069,-2.106563002,0.309191755,1.686402592,-0.319120021
-1.418187976,-0.492068597,0.568790054,-2.106429669,0.309084635,1.686178384,-0.318945148
-1.418779208,-0.492150561,0.568790038,-2.106296426,0.308977607,1.685954345,-0.318770239
-1.419369363,-0.492232478,0.568790023,-2.106163273,0.308870670,1.685730476,-0.318595294
-1.419958441,-0.492314350,0.568790007,-2.106030210,0.308763824,1.685506776,-0.318420313
-1.420546445,-0.492396175,0.568789992,-2.105897237,0.308657068,1.685283244,-0.318245296
-1.421133376,-0.492477954,0.568789976,-2.105764353,0.308550404,1.685059881,-0.318070243
-1.421719237,-0.492559688,0.568789961,-2.105631559,0.308443830,1.684836685,-0.317895153
-1.422304028,-0.492641375,0.568789945,-2.105498853,0.308337346,1.684613657,-0.317720027
-1.422887752,-0.492723018,0.568789930,-2.105366237,0.308230953,1.684390796,-0.317544865
-1.423470411,-0.492804614,0.568789914,-2.105233709,0.308124649,1.684168102,-0.317369667
-1.424052006,-0.492886166,0.568789899,-2.105101270,0.308018435,1.683945574,-0.317194432
-1.424632539,-0.492967672,0.568789884,-2.104968919,0.307912311,1.683723213,-0.317019161
-1.425212013,-0.493049133,0.568789868,-2.104836656,0.307806276,1.683501017,-0.316843853
-1.425790428,-0.493130549,0.568789853,-2.104704480,0.307700330,1.683278986,-0.316668509
-1.426367788,-0.493211920,0.568789838,-2.104572393,0.307594473,1.683057120,-0.316493128
-1.426944093,-0.493293246,0.568789822,-2.104440393,0.307488705,1.682835419,-0.316317711
-1.427519346,-0.493374527,0.568789807,-2.104308480,0.307383026,1.682613882,-0.316142257
-1.428093549,-0.493455764,0.568789792,-2.104176654,0.307277435,1.682392509,-0.315966766
-1.428666703,-0.493536957,0.568789776,-2.104044915,0.307171932,1.682171299,-0.315791238
-1.429238810,-0.493618105,0.568789761,-2.103913263,0.307066518,1.681950253,-0.315615674
-1.429809873,-0.493699209,0.568789746,-2.103781697,0.306961191,1.681729369,-0.315440072
-1.430379892,-0.493780269,0.568789730,-2.103650217,0.306855952,1.681508647,-0.315264434
-1.430948871,-0.493861284,0.568789715,-2.103518824,0.306750800,1.681288088,-0.315088758
-1.431516811,-0.493942256,0.568789700,-2.103387516,0.306645736,1.681067690,-0.314913046
-1.432083714,-0.494023184,0.568789685,-2.103256293,0.306540758,1.680847453,-0.314737296
-1.432649582,-0.494104069,0.568789669,-2.103125156,0.306435867,1.680627377,-0.314561510
-1.433214417,-0.494184910,0.568789654,-2.102994104,0.306331063,1.680407461,-0.314385686
-1.433778220,-0.494265707,0.568789639,-2.102863137,0.306226346,1.680187705,-0.314209824
-1.434340995,-0.494346462,0.568789624,-2.102732255,0.306121715,1.679968109,-0.314033926
-1.434902742,-0.494427173,0.568789609,-2.102601457,0.306017169,1.679748672,-0.313857990
-1.435463464,-0.494507841,0.568789594,-2.102470744,0.305912710,1.679529395,-0.313682017
-1.436023163,-0.494588466,0.568789578,-2.102340115,0.305808336,1.679310275,-0.313506006
-1.436581841,-0.494669048,0.568789563,-2.102209569,0.305704048,1.679091314,-0.313329958
-1.437139499,-0.494749588,0.568789548,-2.102079107,0.305599845,1.678872510,-0.313153872
-1.437696141,-0.494830085,0.568789533,-2.101948728,0.305495726,1.678653863,-0.312977748
-1.438251767,-0.494910539,0.568789518,-2.101818433,0.305391693,1.678435374,-0.312801587
-1.438806380,-0.494990951,0.568789503,-2.101688221,0.305287744,1.678217040,-0.312625388
-1.439359982,-0.495071321,0.568789488,-2.101558091,0.305183880,1.677998863,-0.312449151
-1.439912574,-0.495151649,0.568789473,-2.101428044,0.305080100,1.677780842,-0.312272877
-1.440464160,-0.495231935,0.568789458,-2.101298079,0.304976404,1.677562976,-0.312096564
-1.441014741,-0.495312179,0.568789442,-2.101168196,0.304872791,1.677345264,-0.311920214
-1.441564319,-0.495392382,0.568789427,-2.101038395,0.304769262,1.677127707,-0.311743825
-1.442112897,-0.495472543,0.568789412,-2.100908675,0.304665817,1.676910304,-0.311567399
-1.442660475,-0.495552662,0.568789397,-2.100779037,0.304562454,1.676693055,-0.311390934
-1.443207057,-0.495632740,0.568789382,-2.100649481,0.304459175,1.676475959,-0.311214431
-1.443752645,-0.495712777,0.568789367,-2.100520005,0.304355978,1.676259015,-0.311037890
-1.444297240,-0.495792773,0.568789352,-2.100390609,0.304252864,1.676042224,-0.310861310
-1.444840845,-0.495872728,0.568789337,-2.100261294,0.304149832,1.675825585,-0.310684693
-1.445383461,-0.495952642,0.568789322,-2.100132060,0.304046882,1.675609098,-0.310508036
-1.445925092,-0.496032515,0.568789307,-2.100002905,0.303944014,1.675392761,-0.310331342
-1.446465738,-0.496112348,0.568789293,-2.099873830,0.303841227,1.675176575,-0.310154608
-1.447005403,-0.496192141,0.568789278,-2.099744835,0.303738522,1.674960540,-0.309977836
-1.447544088,-0.496271893,0.568789263,-2.099615919,0.303635898,1.674744654,-0.309801026
-1.448081796,-0.496351605,0.568789248,-2.099487082,0.303533355,1.674528918,-0.309624177
-1.448618528,-0.496431276,0.568789233,-2.099358323,0.303430893,1.674313331,-0.309447289
-1.449154287,-0.496510908,0.568789218,-2.099229644,0.303328511,1.674097892,-0.309270362
-1.449689076,-0.496590501,0.568789203,-2.099101042,0.303226209,1.673882601,-0.309093396
-1.450222895,-0.496670053,0.568789188,-2.098972519,0.303123988,1.673667458,-0.308916392
-1.450755748,-0.496749566,0.568789173,-2.098844074,0.303021846,1.673452463,-0.308739348
-1.451287637,-0.496829040,0.568789159,-2.098715706,0.302919784,1.673237614,-0.308562265
-1.451818563,-0.496908474,0.568789144,-2.098587416,0.302817802,1.673022911,-0.308385143
-1.452348529,-0.496987870,0.568789129,-2.098459202,0.302715898,1.672808355,-0.308207982
-1.452877538,-0.497067226,0.568789114,-2.098331066,0.302614074,1.672593944,-0.308030782
-1.453405591,-0.497146544,0.568789099,-2.098203006,0.302512328,1.672379678,-0.307853542
-1.453932691,-0.497225822,0.568789084,-2.098075023,0.302410660,1.672165556,-0.307676263
-1.454458840,-0.497305063,0.568789070,-2.097947115,0.302309071,1.671951579,-0.307498945
-1.454984040,-0.497384264,0.568789055,-2.097819284,0.302207560,1.671737746,-0.307321587
-1.455508293,-0.497463428,0.568789040,-2.097691528,0.302106127,1.671524056,-0.307144190
-1.456031603,-0.497542553,0.568789025,-2.097563848,0.302004771,1.671310508,-0.306966753
-1.456553970,-0.497621641,0.568789011,-2.097436243,0.301903493,1.671097103,-0.306789276
-1.457075398,-0.497700690,0.568788996,-2.097308713,0.301802291,1.670883840,-0.306611760
-1.457595888,-0.497779702,0.568788981,-2.097181257,0.301701167,1.670670719,-0.306434203
-1.458115443,-0.497858676,0.568788966,-2.097053876,0.301600119,1.670457738,-0.306256607
-1.458634066,-0.497937613,0.568788952,-2.096926569,0.301499147,1.670244898,-0.306078971
-1.459151758,-0.498016512,0.568788937,-2.096799336,0.301398252,1.670032198,-0.305901295
-1.459668522,-0.498095374,0.568788922,-2.096672176,0.301297433,1.669819638,-0.305723579
-1.460184360,-0.498174199,0.568788908,-2.096545090,0.301196689,1.669607217,-0.305545823
-1.460699274,-0.498252987,0.568788893,-2.096418077,0.301096020,1.669394935,-0.305368026
-1.461213268,-0.498331739,0.568788878,-2.096291137,0.300995427,1.669182790,-0.305190190
-1.461726342,-0.498410454,0.568788864,-2.096164270,0.300894909,1.668970784,-0.305012313
-1.462238501,-0.498489132,0.568788849,-2.096037474,0.300794465,1.668758915,-0.304834395
-1.462749745,-0.498567774,0.568788834,-2.095910751,0.300694096,1.668547183,-0.304656438
-1.463260077,-0.498646380,0.568788820,-2.095784100,0.300593801,1.668335587,-0.304478439
-1.463769501,-0.498724950,0.568788805,-2.095657520,0.300493580,1.668124127,-0.304300400
-1.464278017,-0.498803484,0.568788791,-2.095531012,0.300393433,1.667912803,-0.304122321
-1.464785629,-0.498881982,0.568788776,-2.095404575,0.300293359,1.667701614,-0.303944201
-1.465292338,-0.498960445,0.568788761,-2.095278208,0.300193359,1.667490559,-0.303766040
-1.465798148,-0.499038872,0.568788747,-2.095151912,0.300093431,1.667279638,-0.303587838
-1.466303061,-0.499117264,0.568788732,-2.095025686,0.299993576,1.667068850,-0.303409595
-1.466807079,-0.499195620,0.568788718,-2.094899530,0.299893794,1.666858196,-0.303231311
-1.467310205,-0.499273942,0.568788703,-2.094773444,0.299794084,1.666647674,-0.303052987
-1.467812440,-0.499352229,0.568788689,-2.094647427,0.299694446,1.666437284,-0.302874621
-1.468313788,-0.499430481,0.568788674,-2.094521480,0.299594880,1.666227026,-0.302696214
-1.468814251,-0.499508698,0.568788660,-2.094395601,0.299495385,1.666016899,-0.302517766
-1.469313832,-0.499586881,0.568788645,-2.094269791,0.299395961,1.665806903,-0.302339276
-1.469812532,-0.499665030,0.568788631,-2.094144050,0.299296609,1.665597036,-0.302160745
-1.470310355,-0.499743145,0.568788616,-2.094018376,0.299197327,1.665387300,-0.301982173
-1.470807302,-0.499821225,0.568788602,-2.093892771,0.299098115,1.665177692,-0.301803559
-1.471303377,-0.499899272,0.568788587,-2.093767232,0.298998974,1.664968213,-0.301624903
-1.471798582,-0.499977285,0.568788573,-2.093641762,0.298899903,1.664758863,-0.301446206
-1.472292919,-0.500055265,0.568788558,-2.093516358,0.298800901,1.664549640,-0.301267467
-1.472786391,-0.500133211,0.568788544,-2.093391020,0.298701969,1.664340544,-0.301088687
-1.473279001,-0.500211125,0.568788529,-2.093265750,0.298603106,1.664131574,-0.300909864
-1.473770751,-0.500289005,0.568788515,-2.093140545,0.298504312,1.663922731,-0.300731000
-1.474261643,-0.500366852,0.568788501,-2.093015406,0.298405587,1.663714014,-0.300552093
-1.474751680,-0.500444666,0.568788486,-2.092890333,0.298306930,1.663505421,-0.300373145
-1.475240865,-0.500522448,0.568788472,-2.092765325,0.298208341,1.663296954,-0.300194154
-1.475729200,-0.500600198,0.568788457,-2.092640383,0.298109820,1.663088610,-0.300015121
-1.476216687,-0.500677915,0.568788443,-2.092515505,0.298011366,1.662880390,-0.299836046
-1.476703330,-0.500755600,0.568788429,-2.092390691,0.297912980,1.662672293,-0.299656928
-1.477189131,-0.500833253,0.568788414,-2.092265942,0.297814661,1.662464319,-0.299477768
-1.477674093,-0.500910874,0.568788400,-2.092141256,0.297716409,1.662256467,-0.299298566
-1.478158218,-0.500988464,0.568788386,-2.092016634,0.297618224,1.662048736,-0.299119321
-1.478641508,-0.501066022,0.568788371,-2.091892076,0.297520104,1.661841126,-0.298940033
-1.479123967,-0.501143549,0.568788357,-2.091767580,0.297422051,1.661633637,-0.298760702
-1.479605597,-0.501221044,0.568788343,-2.091643147,0.297324063,1.661426268,-0.298581329
-1.480086401,-0.501298509,0.568788328,-2.091518777,0.297226141,1.661219018,-0.298401913
-1.480566381,-0.501375943,0.568788314,-2.091394469,0.297128284,1.661011888,-0.298222454
-1.481045540,-0.501453346,0.568788300,-2.091270223,0.297030492,1.660804875,-0.298042952
-1.481523880,-0.501530718,0.568788286,-2.091146038,0.296932765,1.660597981,-0.297863407
-1.482001405,-0.501608061,0.568788271,-2.091021915,0.296835102,1.660391204,-0.297683818
-1.482478117,-0.501685373,0.568788257,-2.090897852,0.296737503,1.660184544,-0.297504187
-1.482954018,-0.501762655,0.568788243,-2.090773850,0.296639968,1.659978000,-0.297324512
-1.483429112,-0.501839907,0.568788229,-2.090649909,0.296542497,1.659771572,-0.297144794
-1.483903401,-0.501917129,0.568788214,-2.090526028,0.296445088,1.659565259,-0.296965032
-1.484376887,-0.501994322,0.568788200,-2.090402206,0.296347743,1.659359060,-0.296785227
-1.484849574,-0.502071485,0.568788186,-2.090278444,0.296250460,1.659152976,-0.296605378
-1.485321465,-0.502148620,0.568788172,-2.090154742,0.296153240,1.658947006,-0.296425485
-1.485792561,-0.502225725,0.568788157,-2.090031098,0.296056082,1.658741148,-0.296245549
-1.486262866,-0.502302801,0.568788143,-2.089907513,0.295958986,1.658535403,-0.296065569
-1.486732382,-0.502379849,0.568788129,-2.089783986,0.295861952,1.658329770,-0.295885544
-1.487201113,-0.502456868,0.568788115,-2.089660517,0.295764979,1.658124249,-0.295705476
-1.487669060,-0.502533858,0.568788101,-2.089537106,0.295668067,1.657918838,-0.295525364
-1.488136227,-0.502610821,0.568788087,-2.089413752,0.295571215,1.657713538,-0.295345208
-1.488602617,-0.502687755,0.568788072,-2.089290455,0.295474424,1.657508347,-0.295165007
-1.489068232,-0.502764662,0.568788058,-2.089167215,0.295377693,1.657303266,-0.294984762
-1.489533075,-0.502841541,0.568788044,-2.089044032,0.295281023,1.657098294,-0.294804473
-1.489997149,-0.502918392,0.568788030,-2.088920904,0.295184411,1.656893429,-0.294624139
-1.490460456,-0.502995216,0.568788016,-2.088797833,0.295087859,1.656688672,-0.294443761
-1.490923000,-0.503072013,0.568788002,-2.088674817,0.294991366,1.656484022,-0.294263338
-1.491384784,-0.503148783,0.568787988,-2.088551856,0.294894932,1.656279479,-0.294082870
-1.491845809,-0.503225526,0.568787974,-2.088428950,0.294798556,1.656075041,-0.293902358
-1.492306080,-0.503302242,0.568787959,-2.088306099,0.294702238,1.655870709,-0.293721800
-1.492765599,-0.503378932,0.568787945,-2.088183302,0.294605979,1.655666481,-0.293541198
-1.493224368,-0.503455595,0.568787931,-2.088060559,0.294509776,1.655462358,-0.293360551
-1.493682391,-0.503532232,0.568787917,-2.087937870,0.294413631,1.655258338,-0.293179859
-1.494139670,-0.503608843,0.568787903,-2.087815234,0.294317543,1.655054421,-0.292999121
-1.494596209,-0.503685429,0.568787889,-2.087692651,0.294221512,1.654850607,-0.292818338
-1.495052010,-0.503761989,0.568787875,-2.087570121,0.294125537,1.654646895,-0.292637510
-1.495507076,-0.503838523,0.568787861,-2.087447643,0.294029618,1.654443284,-0.292456636
-1.495961410,-0.503915032,0.568787847,-2.087325218,0.293933755,1.654239773,-0.292275717
-1.496415015,-0.503991516,0.568787833,-2.087202844,0.293837947,1.654036363,-0.292094753
-1.496867895,-0.504067976,0.568787819,-2.087080521,0.293742195,1.653833052,-0.291913742
-1.497320051,-0.504144410,0.568787805,-2.086958250,0.293646497,1.653629841,-0.291732686
-1.497771486,-0.504220820,0.568787791,-2.086836029,0.293550854,1.653426728,-0.291551584
-1.498222205,-0.504297205,0.568787777,-2.086713859,0.293455265,1.653223712,-0.291370436
-1.498672209,-0.504373566,0.568787763,-2.086591739,0.293359731,1.653020794,-0.291189242
-1.499121502,-0.504449904,0.568787749,-2.086469669,0.293264249,1.652817973,-0.291008002
-1.499570086,-0.504526217,0.568787735,-2.086347648,0.293168822,1.652615247,-0.290826716
-1.500017965,-0.504602507,0.568787721,-2.086225676,0.293073447,1.652412617,-0.290645383
-1.500465142,-0.504678773,0.568787707,-2.086103754,0.292978125,1.652210082,-0.290464005
-1.500911619,-0.504755016,0.568787693,-2.085981879,0.292882856,1.652007641,-0.290282579
-1.501357400,-0.504831236,0.568787679,-2.085860053,0.292787638,1.651805294,-0.290101108
-1.501802487,-0.504907433,0.568787665,-2.085738275,0.292692473,1.651603040,-0.289919589
-1.502246885,-0.504983607,0.568787651,-2.085616544,0.292597358,1.651400879,-0.289738024
-1.502690594,-0.505059758,0.568787637,-2.085494860,0.292502296,1.651198809,-0.289556412
-1.503133620,-0.505135888,0.568787623,-2.085373224,0.292407284,1.650996831,-0.289374754
-1.503575964,-0.505211995,0.568787609,-2.085251633,0.292312322,1.650794943,-0.289193048
-1.504017630,-0.505288080,0.568787596,-2.085130089,0.292217411,1.650593145,-0.289011295
-1.504458621,-0.505364143,0.568787582,-2.085008591,0.292122550,1.650391437,-0.288829496
-1.504898940,-0.505440185,0.568787568,-2.084887138,0.292027738,1.650189818,-0.288647649
-1.505338589,-0.505516205,0.568787554,-2.084765730,0.291932976,1.649988287,-0.288465754
-1.505777573,-0.505592204,0.568787540,-2.084644367,0.291838263,1.649786843,-0.288283813
-1.506215894,-0.505668181,0.568787526,-2.084523049,0.291743598,1.649585487,-0.288101824
-1.506653556,-0.505744138,0.568787512,-2.084401774,0.291648982,1.649384217,-0.287919787
-1.507090560,-0.505820075,0.568787498,-2.084280544,0.291554414,1.649183032,-0.287737703
-1.507526912,-0.505895990,0.568787485,-2.084159356,0.291459894,1.648981933,-0.287555571
-1.507962613,-0.505971886,0.568787471,-2.084038212,0.291365420,1.648780919,-0.287373391
-1.508397667,-0.506047761,0.568787457,-2.083917111,0.291270995,1.648579988,-0.287191163
-1.508832076,-0.506123616,0.568787443,-2.083796052,0.291176615,1.648379141,-0.287008888
-1.509265845,-0.506199452,0.568787429,-2.083675035,0.291082283,1.648178376,-0.286826564
-1.509698976,-0.506275268,0.568787415,-2.083554060,0.290987996,1.647977693,-0.286644192
-1.510131473,-0.506351065,0.568787401,-2.083433126,0.290893755,1.647777092,-0.286461771
-1.510563338,-0.506426843,0.568787388,-2.083312233,0.290799560,1.647576571,-0.286279303
-1.510994574,-0.506502601,0.568787374,-2.083191381,0.290705409,1.647376131,-0.286096786
-1.511425186,-0.506578341,0.568787360,-2.083070569,0.290611304,1.647175770,-0.285914220
-1.511855176,-0.506654062,0.568787346,-2.082949798,0.290517243,1.646975488,-0.285731606
-1.512284548,-0.506729765,0.568787332,-2.082829065,0.290423226,1.646775284,-0.285548943
-1.512713304,-0.506805450,0.568787319,-2.082708372,0.290329253,1.646575158,-0.285366231
-1.513141447,-0.506881117,0.568787305,-2.082587718,0.290235323,1.646375109,-0.285183471
-1.513568982,-0.506956766,0.568787291,-2.082467102,0.290141437,1.646175136,-0.285000661
-1.513995911,-0.507032397,0.568787277,-2.082346525,0.290047593,1.645975239,-0.284817802
-1.514422238,-0.507108011,0.568787264,-2.082225985,0.289953792,1.645775416,-0.284634894
-1.514847966,-0.507183608,0.568787250,-2.082105483,0.289860033,1.645575668,-0.284451937
-1.515273097,-0.507259188,0.568787236,-2.081985018,0.289766316,1.645375994,-0.284268931
-1.515697636,-0.507334751,0.568787222,-2.081864589,0.289672640,1.645176393,-0.284085875
-1.516121586,-0.507410297,0.568787209,-2.081744197,0.289579005,1.644976864,-0.283902769
-1.516544950,-0.507485827,0.568787195,-2.081623841,0.289485412,1.644777407,-0.283719614
-1.516967731,-0.507561341,0.568787181,-2.081503521,0.289391858,1.644578022,-0.283536409
-1.517389932,-0.507636839,0.568787167,-2.081383235,0.289298345,1.644378706,-0.283353154
-1.517811557,-0.507712321,0.568787154,-2.081262985,0.289204872,1.644179461,-0.283169849
-1.518232610,-0.507787787,0.568787140,-2.081142769,0.289111438,1.643980284,-0.282986495
-1.518653093,-0.507863238,0.568787126,-2.081022588,0.289018043,1.643781176,-0.282803090
-1.519073010,-0.507938674,0.568787112,-2.080902440,0.288924686,1.643582136,-0.282619635
-1.519492364,-0.508014095,0.568787099,-2.080782326,0.288831369,1.643383163,-0.282436129
-1.519911159,-0.508089501,0.568787085,-2.080662245,0.288738089,1.643184256,-0.282252574
-1.520329397,-0.508164892,0.568787071,-2.080542196,0.288644847,1.642985416,-0.282068967
-1.520747083,-0.508240270,0.568787058,-2.080422180,0.288551642,1.642786640,-0.281885310
-1.521164220,-0.508315633,0.568787044,-2.080302196,0.288458475,1.642587929,-0.281701603
-1.521580811,-0.508390982,0.568787030,-2.080182243,0.288365344,1.642389281,-0.281517844
-1.521996860,-0.508466317,0.568787017,-2.080062322,0.288272249,1.642190697,-0.281334035
-1.522412369,-0.508541639,0.568787003,-2.079942431,0.288179190,1.641992175,-0.281150175
-1.522827342,-0.508616947,0.568786989,-2.079822571,0.288086167,1.641793715,-0.280966264
-1.523241784,-0.508692243,0.568786976,-2.079702741,0.287993179,1.641595315,-0.280782301
-1.523655697,-0.508767525,0.568786962,-2.079582941,0.287900227,1.641396977,-0.280598287
-1.524069084,-0.508842795,0.568786948,-2.079463169,0.287807308,1.641198698,-0.280414222
-1.524481949,-0.508918052,0.568786935,-2.079343427,0.287714424,1.641000478,-0.280230105
-1.524894296,-0.508993297,0.568786921,-2.079223714,0.287621574,1.640802316,-0.280045937
-1.525306128,-0.509068530,0.568786907,-2.079104028,0.287528757,1.640604212,-0.279861717
-1.525717449,-0.509143751,0.568786894,-2.078984371,0.287435973,1.640406165,-0.279677446
-1.526128261,-0.509218960,0.568786880,-2.078864740,0.287343222,1.640208174,-0.279493122
-1.526538569,-0.509294158,0.568786866,-2.078745137,0.287250504,1.640010238,-0.279308746
-1.526948376,-0.509369345,0.568786853,-2.078625560,0.287157817,1.639812358,-0.279124319
-1.527357686,-0.509444521,0.568786839,-2.078506010,0.287065163,1.639614531,-0.278939839
-1.527766502,-0.509519686,0.568786826,-2.078386486,0.286972539,1.639416758,-0.278755307
-1.528174827,-0.509594840,0.568786812,-2.078266986,0.286879947,1.639219038,-0.278570723
-1.528582665,-0.509669984,0.568786798,-2.078147512,0.286787385,1.639021370,-0.278386086
-1.528990020,-0.509745118,0.568786785,-2.078028063,0.286694853,1.638823753,-0.278201396
-1.529396895,-0.509820242,0.568786771,-2.077908638,0.286602352,1.638626187,-0.278016654
-1.529803294,-0.509895357,0.568786758,-2.077789237,0.286509880,1.638428671,-0.277831859
-1.530209220,-0.509970461,0.568786744,-2.077669859,0.286417436,1.638231204,-0.277647011
-1.530614677,-0.510045557,0.568786730,-2.077550505,0.286325022,1.638033785,-0.277462110
-1.531019669,-0.510120643,0.568786717,-2.077431173,0.286232636,1.637836414,-0.277277156
-1.531424198,-0.510195721,0.568786703,-2.077311864,0.286140278,1.637639091,-0.277092149
-1.531828270,-0.510270790,0.568786690,-2.077192576,0.286047948,1.637441813,-0.276907089
-1.532231887,-0.510345851,0.568786676,-2.077073310,0.285955645,1.637244582,-0.276721975
-1.532635052,-0.510420903,0.568786662,-2.076954065,0.285863369,1.637047395,-0.276536807
-1.533037771,-0.510495948,0.568786649,-2.076834841,0.285771120,1.636850252,-0.276351586
-1.533440045,-0.510570985,0.568786635,-2.076715637,0.285678897,1.636653153,-0.276166312
-1.533841879,-0.510646014,0.568786622,-2.076596453,0.285586699,1.636456097,-0.275980983
-1.534243277,-0.510721036,0.568786608,-2.076477289,0.285494527,1.636259083,-0.275795600
-1.534644242,-0.510796051,0.568786595,-2.076358143,0.285402380,1.636062110,-0.275610164
-1.535044778,-0.510871059,0.568786581,-2.076239017,0.285310258,1.635865177,-0.275424673
-1.535444889,-0.510946061,0.568786568,-2.076119908,0.285218160,1.635668285,-0.275239128
-1.535844577,-0.511021056,0.568786554,-2.076000818,0.285126085,1.635471431,-0.275053529
-1.536243848,-0.511096045,0.568786540,-2.075881745,0.285034035,1.635274616,-0.274867875
-1.536642704,-0.511171028,0.568786527,-2.075762689,0.284942007,1.635077838,-0.274682167
-1.537041150,-0.511246005,0.568786513,-2.075643650,0.284850003,1.634881097,-0.274496404
-1.537439188,-0.511320977,0.568786500,-2.075524627,0.284758020,1.634684393,-0.274310586
-1.537836824,-0.511395944,0.568786486,-2.075405620,0.284666060,1.634487724,-0.274124714
-1.538234060,-0.511470905,0.568786473,-2.075286628,0.284574121,1.634291089,-0.273938786
-1.538630900,-0.511545862,0.568786459,-2.075167651,0.284482204,1.634094488,-0.273752803
-1.539027349,-0.511620814,0.568786446,-2.075048689,0.284390307,1.633897921,-0.273566765
-1.539423408,-0.511695762,0.568786432,-2.074929741,0.284298431,1.633701386,-0.273380672
-1.539819078,-0.511770706,0.568786419,-2.074810807,0.284206575,1.633504883,-0.273194522
-1.540214356,-0.511845646,0.568786405,-2.074691887,0.284114739,1.633308412,-0.273008316
-1.540609241,-0.511920581,0.568786392,-2.074572980,0.284022924,1.633111972,-0.272822051
-1.541003731,-0.511995514,0.568786378,-2.074454087,0.283931128,1.632915564,-0.272635728
-1.541397825,-0.512070443,0.568786365,-2.074335207,0.283839353,1.632719187,-0.272449344
-1.541791521,-0.512145368,0.568786351,-2.074216339,0.283747597,1.632522840,-0.272262900
-1.542184817,-0.512220290,0.568786338,-2.074097485,0.283655861,1.632326523,-0.272076395
-1.542577712,-0.512295210,0.568786324,-2.073978642,0.283564145,1.632130237,-0.271889828
-1.542970204,-0.512370126,0.568786311,-2.073859812,0.283472448,1.631933980,-0.271703197
-1.543362291,-0.512445040,0.568786297,-2.073740994,0.283380771,1.631737753,-0.271516502
-1.543753972,-0.512519951,0.568786284,-2.073622188,0.283289113,1.631541555,-0.271329742
-1.544145246,-0.512594860,0.568786270,-2.073503393,0.283197475,1.631345386,-0.271142917
-1.544536110,-0.512669767,0.568786257,-2.073384610,0.283105855,1.631149245,-0.270956025
-1.544926563,-0.512744672,0.568786243,-2.073265838,0.283014255,1.630953133,-0.270769065
-1.545316603,-0.512819575,0.568786230,-2.073147077,0.282922673,1.630757049,-0.270582037
-1.545706229,-0.512894476,0.568786216,-2.073028327,0.282831110,1.630560992,-0.270394940
-1.546095439,-0.512969376,0.568786203,-2.072909587,0.282739566,1.630364963,-0.270207772
-1.546484232,-0.513044274,0.568786189,-2.072790858,0.282648041,1.630168961,-0.270020534
-1.546872605,-0.513119172,0.568786176,-2.072672138,0.282556534,1.629972986,-0.269833224
-1.547260558,-0.513194068,0.568786162,-2.072553429,0.282465046,1.629777038,-0.269645842
-1.547648089,-0.513268963,0.568786149,-2.072434729,0.282373576,1.629581116,-0.269458386
-1.548035196,-0.513343858,0.568786135,-2.072316039,0.282282125,1.629385220,-0.269270856
-1.548421878,-0.513418752,0.568786122,-2.072197358,0.282190691,1.629189349,-0.269083250
-1.548808133,-0.513493646,0.568786108,-2.072078686,0.282099276,1.628993505,-0.268895569
-1.549193959,-0.513568539,0.568786095,-2.071960024,0.282007878,1.628797685,-0.268707811
-1.549579355,-0.513643433,0.568786081,-2.071841369,0.281916499,1.628601890,-0.268519976
-1.549964320,-0.513718326,0.568786068,-2.071722724,0.281825137,1.628406120,-0.268332062
-1.550348851,-0.513793220,0.568786054,-2.071604086,0.281733793,1.628210374,-0.268144068
-1.550732948,-0.513868115,0.568786041,-2.071485457,0.281642467,1.628014653,-0.267955995
-1.551116609,-0.513943009,0.568786027,-2.071366836,0.281551158,1.627818955,-0.267767841
-1.551499831,-0.514017905,0.568786014,-2.071248222,0.281459866,1.627623280,-0.267579605
-1.551882614,-0.514092801,0.568786001,-2.071129615,0.281368592,1.627427629,-0.267391286
-1.552264957,-0.514167699,0.568785987,-2.071011016,0.281277335,1.627232001,-0.267202884
-1.552646856,-0.514242598,0.568785974,-2.070892424,0.281186095,1.627036395,-0.267014398
-1.553028312,-0.514317498,0.568785960,-2.070773839,0.281094872,1.626840812,-0.266825827
-1.553409322,-0.514392399,0.568785947,-2.070655261,0.281003666,1.626645252,-0.266637170
-1.553789886,-0.514467303,0.568785933,-2.070536689,0.280912477,1.626449713,-0.266448426
-1.554170000,-0.514542208,0.568785920,-2.070418123,0.280821305,1.626254195,-0.266259595
-1.554549665,-0.514617115,0.568785906,-2.070299563,0.280730149,1.626058699,-0.266070676
-1.554928878,-0.514692024,0.568785893,-2.070181009,0.280639010,1.625863224,-0.265881668
-1.555307638,-0.514766935,0.568785880,-2.070062461,0.280547888,1.625667770,-0.265692569
-1.555685943,-0.514841849,0.568785866,-2.069943918,0.280456781,1.625472336,-0.265503381
-1.556063792,-0.514916766,0.568785853,-2.069825381,0.280365691,1.625276923,-0.265314100
-1.556441184,-0.514991685,0.568785839,-2.069706849,0.280274618,1.625081529,-0.265124728
-1.556818116,-0.515066607,0.568785826,-2.069588321,0.280183560,1.624886156,-0.264935262
-1.557194588,-0.515141533,0.568785812,-2.069469798,0.280092518,1.624690801,-0.264745703
-1.557570598,-0.515216461,0.568785799,-2.069351280,0.280001493,1.624495466,-0.264556049
-1.557946144,-0.515291393,0.568785785,-2.069232766,0.279910483,1.624300150,-0.264366300
-1.558321225,-0.515366328,0.568785772,-2.069114256,0.279819489,1.624104853,-0.264176454
-1.558695839,-0.515441267,0.568785759,-2.068995750,0.279728510,1.623909574,-0.263986512
-1.559069986,-0.515516210,0.568785745,-2.068877248,0.279637547,1.623714313,-0.263796471
-1.559443663,-0.515591156,0.568785732,-2.068758750,0.279546600,1.623519070,-0.263606333
-1.559816869,-0.515666107,0.568785718,-2.068640254,0.279455668,1.623323845,-0.263416095
-1.560189603,-0.515741062,0.568785705,-2.068521762,0.279364751,1.623128637,-0.263225756
-1.560561862,-0.515816021,0.568785692,-2.068403273,0.279273850,1.622933446,-0.263035317
-1.560933647,-0.515890985,0.568785678,-2.068284786,0.279182963,1.622738272,-0.262844777
-1.561304954,-0.515965954,0.568785665,-2.068166302,0.279092092,1.622543114,-0.262654134
-1.561675784,-0.516040928,0.568785651,-2.068047821,0.279001236,1.622347973,-0.262463387
-1.562046133,-0.516115906,0.568785638,-2.067929342,0.278910394,1.622152848,-0.262272537
-1.562416002,-0.516190890,0.568785624,-2.067810864,0.278819567,1.621957739,-0.262081582
-1.562785388,-0.516265879,0.568785611,-2.067692389,0.278728755,1.621762645,-0.261890522
-1.563154290,-0.516340873,0.568785598,-2.067573915,0.278637958,1.621567566,-0.261699355
-1.563522707,-0.516415873,0.568785584,-2.067455443,0.278547175,1.621372503,-0.261508082
-1.563890636,-0.516490878,0.568785571,-2.067336972,0.278456406,1.621177454,-0.261316700
-1.564258078,-0.516565890,0.568785557,-2.067218501,0.278365652,1.620982420,-0.261125210
-1.564625029,-0.516640907,0.568785544,-2.067100032,0.278274912,1.620787401,-0.260933611
-1.564991490,-0.516715931,0.568785531,-2.066981564,0.278184186,1.620592395,-0.260741902
-1.565357458,-0.516790961,0.568785517,-2.066863096,0.278093474,1.620397403,-0.260550082
-1.565722932,-0.516865997,0.568785504,-2.066744628,0.278002777,1.620202425,-0.260358151
-1.566087911,-0.516941040,0.568785490,-2.066626161,0.277912093,1.620007460,-0.260166107
-1.566452393,-0.517016090,0.568785477,-2.066507694,0.277821423,1.619812507,-0.259973951
-1.566816377,-0.517091146,0.568785464,-2.066389226,0.277730766,1.619617568,-0.259781681
-1.567179861,-0.517166210,0.568785450,-2.066270758,0.277640124,1.619422641,-0.259589296
-1.567542845,-0.517241280,0.568785437,-2.066152289,0.277549495,1.619227727,-0.259396796
-1.567905326,-0.517316358,0.568785423,-2.066033820,0.277458879,1.619032825,-0.259204180
-1.568267303,-0.517391444,0.568785410,-2.065915350,0.277368277,1.618837934,-0.259011448
-1.568628775,-0.517466537,0.568785397,-2.065796878,0.277277688,1.618643055,-0.258818598
-1.568989741,-0.517541637,0.568785383,-2.065678406,0.277187112,1.618448187,-0.258625629
-1.569350199,-0.517616746,0.568785370,-2.065559932,0.277096550,1.618253331,-0.258432543
-1.569710148,-0.517691862,0.568785356,-2.065441456,0.277006000,1.618058485,-0.258239336
-1.570069586,-0.517766987,0.568785343,-2.065322978,0.276915464,1.617863649,-0.258046009
-1.570428512,-0.517842120,0.568785330,-2.065204499,0.276824940,1.617668825,-0.257852561
-1.570786925,-0.517917261,0.568785316,-2.065086017,0.276734430,1.617474010,-0.257658992
-1.571144823,-0.517992411,0.568785303,-2.064967533,0.276643932,1.617279205,-0.257465300
-1.571502205,-0.518067569,0.568785290,-2.064849046,0.276553446,1.617084410,-0.257271484
-1.571859070,-0.518142736,0.568785276,-2.064730557,0.276462973,1.616889624,-0.257077545
-1.572215416,-0.518217913,0.568785263,-2.064612064,0.276372513,1.616694847,-0.256883481
-1.572571242,-0.518293098,0.568785249,-2.064493569,0.276282065,1.616500079,-0.256689292
-1.572926547,-0.518368292,0.568785236,-2.064375070,0.276191630,1.616305320,-0.256494977
-1.573281329,-0.518443496,0.568785223,-2.064256568,0.276101206,1.616110569,-0.256300535
-1.573635587,-0.518518709,0.568785209,-2.064138063,0.276010795,1.615915826,-0.256105966
-1.573989319,-0.518593932,0.568785196,-2.064019554,0.275920396,1.615721092,-0.255911269
-1.574342525,-0.518669165,0.568785183,-2.063901040,0.275830009,1.615526365,-0.255716442
-1.574695203,-0.518744408,0.568785169,-2.063782523,0.275739634,1.615331645,-0.255521487
-1.575047351,-0.518819660,0.568785156,-2.063664002,0.275649271,1.615136933,-0.255326400
-1.575398969,-0.518894923,0.568785142,-2.063545476,0.275558919,1.614942228,-0.255131183
-1.575750054,-0.518970196,0.568785129,-2.063426945,0.275468580,1.614747530,-0.254935835
-1.576100607,-0.519045480,0.568785116,-2.063308410,0.275378251,1.614552838,-0.254740354
-1.576450625,-0.519120774,0.568785102,-2.063189869,0.275287935,1.614358153,-0.254544740
-1.576800107,-0.519196078,0.568785089,-2.063071324,0.275197629,1.614163473,-0.254348992
-1.577149051,-0.519271394,0.568785076,-2.062952773,0.275107336,1.613968800,-0.254153110
-1.577497458,-0.519346720,0.568785062,-2.062834217,0.275017053,1.613774132,-0.253957093
-1.577845324,-0.519422058,0.568785049,-2.062715655,0.274926782,1.613579470,-0.253760941
-1.578192650,-0.519497406,0.568785035,-2.062597088,0.274836522,1.613384813,-0.253564651
-1.578539433,-0.519572767,0.568785022,-2.062478514,0.274746272,1.613190161,-0.253368225
-1.578885672,-0.519648138,0.568785009,-2.062359935,0.274656034,1.612995513,-0.253171661
-1.579231367,-0.519723521,0.568784995,-2.062241349,0.274565807,1.612800870,-0.252974958
-1.579576515,-0.519798916,0.568784982,-2.062122756,0.274475591,1.612606232,-0.252778117
-1.579921116,-0.519874323,0.568784969,-2.062004157,0.274385385,1.612411597,-0.252581135
-1.580265168,-0.519949741,0.568784955,-2.061885552,0.274295190,1.612216966,-0.252384013
-1.580608671,-0.520025172,0.568784942,-2.061766939,0.274205006,1.612022339,-0.252186750
-1.580951622,-0.520100615,0.568784929,-2.061648319,0.274114832,1.611827716,-0.251989345
-1.581294020,-0.520176070,0.568784915,-2.061529692,0.274024669,1.611633095,-0.251791798
-1.581635865,-0.520251538,0.568784902,-2.061411058,0.273934516,1.611438478,-0.251594107
-1.581977155,-0.520327019,0.568784888,-2.061292416,0.273844373,1.611243863,-0.251396273
-1.582317889,-0.520402512,0.568784875,-2.061173766,0.273754240,1.611049250,-0.251198295
-1.582658065,-0.520478018,0.568784862,-2.061055108,0.273664118,1.610854640,-0.251000171
-1.582997682,-0.520553537,0.568784848,-2.060936443,0.273574006,1.610660032,-0.250801901
-1.583336740,-0.520629069,0.568784835,-2.060817769,0.273483904,1.610465426,-0.250603486
-1.583675236,-0.520704615,0.568784822,-2.060699086,0.273393811,1.610270822,-0.250404923
-1.584013170,-0.520780173,0.568784808,-2.060580395,0.273303729,1.610076219,-0.250206212
-1.584350541,-0.520855745,0.568784795,-2.060461696,0.273213656,1.609881617,-0.250007353
-1.584687346,-0.520931331,0.568784782,-2.060342987,0.273123593,1.609687017,-0.249808345
-1.585023586,-0.521006931,0.568784768,-2.060224270,0.273033540,1.609492417,-0.249609188
-1.585359258,-0.521082544,0.568784755,-2.060105543,0.272943496,1.609297817,-0.249409880
-1.585694361,-0.521158172,0.568784742,-2.059986807,0.272853462,1.609103218,-0.249210421
-1.586028895,-0.521233813,0.568784728,-2.059868061,0.272763437,1.608908619,-0.249010811
-1.586362859,-0.521309469,0.568784715,-2.059749306,0.272673422,1.608714020,-0.248811049
-1.586696249,-0.521385139,0.568784701,-2.059630541,0.272583416,1.608519421,-0.248611133
-1.587029067,-0.521460823,0.568784688,-2.059511767,0.272493419,1.608324821,-0.248411065
-1.587361310,-0.521536522,0.568784675,-2.059392982,0.272403431,1.608130221,-0.248210842
-1.587692978,-0.521612236,0.568784661,-2.059274186,0.272313452,1.607935620,-0.248010465
-1.588024069,-0.521687964,0.568784648,-2.059155381,0.272223482,1.607741017,-0.247809932
-1.588354581,-0.521763708,0.568784635,-2.059036564,0.272133521,1.607546414,-0.247609243
-1.588684515,-0.521839466,0.568784621,-2.058917737,0.272043569,1.607351808,-0.247408398
-1.589013868,-0.521915240,0.568784608,-2.058798900,0.271953626,1.607157201,-0.247207396
-1.589342639,-0.521991029,0.568784595,-2.058680051,0.271863691,1.606962592,-0.247006235
-1.589670828,-0.522066833,0.568784581,-2.058561191,0.271773765,1.606767981,-0.246804917
-1.589998433,-0.522142653,0.568784568,-2.058442319,0.271683848,1.606573368,-0.246603439
-1.590325452,-0.522218489,0.568784555,-2.058323436,0.271593939,1.606378752,-0.246401802
-1.590651886,-0.522294340,0.568784541,-2.058204542,0.271504039,1.606184133,-0.246200004
-1.590977732,-0.522370207,0.568784528,-2.058085636,0.271414147,1.605989511,-0.245998046
-1.591302989,-0.522446090,0.568784515,-2.057966718,0.271324263,1.605794887,-0.245795926
-1.591627657,-0.522521990,0.568784501,-2.057847787,0.271234387,1.605600258,-0.245593644
-1.591951734,-0.522597905,0.568784488,-2.057728845,0.271144520,1.605405627,-0.245391199
-1.592275219,-0.522673837,0.568784474,-2.057609890,0.271054661,1.605210991,-0.245188591
-1.592598111,-0.522749785,0.568784461,-2.057490923,0.270964809,1.605016352,-0.244985820
-1.592920409,-0.522825750,0.568784448,-2.057371943,0.270874966,1.604821708,-0.244782883
-1.593242111,-0.522901732,0.568784434,-2.057252950,0.270785131,1.604627060,-0.244579782
-1.593563217,-0.522977730,0.568784421,-2.057133944,0.270695303,1.604432407,-0.244376515
-1.593883725,-0.523053745,0.568784408,-2.057014925,0.270605483,1.604237750,-0.244173082
-1.594203634,-0.523129777,0.568784394,-2.056895893,0.270515671,1.604043088,-0.243969482
-1.594522944,-0.523205827,0.568784381,-2.056776848,0.270425866,1.603848420,-0.243765714
-1.594841652,-0.523281893,0.568784368,-2.056657789,0.270336069,1.603653747,-0.243561778
-1.595159758,-0.523357977,0.568784354,-2.056538716,0.270246280,1.603459069,-0.243357674
-1.595477262,-0.523434079,0.568784341,-2.056419630,0.270156497,1.603264385,-0.243153401
-1.595794160,-0.523510198,0.568784328,-2.056300530,0.270066723,1.603069695,-0.242948958
-1.596110454,-0.523586334,0.568784314,-2.056181415,0.269976955,1.602874999,-0.242744344
-1.596426141,-0.523662489,0.568784301,-2.056062286,0.269887195,1.602680296,-0.242539560
-1.596741220,-0.523738661,0.568784288,-2.055943143,0.269797442,1.602485587,-0.242334604
-1.597055690,-0.523814851,0.568784274,-2.055823986,0.269707696,1.602290872,-0.242129476
-1.597369551,-0.523891060,0.568784261,-2.055704813,0.269617957,1.602096149,-0.241924175
-1.597682801,-0.523967287,0.568784248,-2.055585626,0.269528224,1.601901420,-0.241718701
-1.597995439,-0.524043532,0.568784234,-2.055466424,0.269438499,1.601706683,-0.241513053
-1.598307463,-0.524119795,0.568784221,-2.055347207,0.269348781,1.601511939,-0.241307231
-1.598618874,-0.524196077,0.568784207,-2.055227975,0.269259069,1.601317187,-0.241101234
-1.598929670,-0.524272378,0.568784194,-2.055108727,0.269169364,1.601122427,-0.240895062
-1.599239849,-0.524348698,0.568784181,-2.054989464,0.269079666,1.600927659,-0.240688713
-1.599549411,-0.524425036,0.568784167,-2.054870185,0.268989975,1.600732883,-0.240482188
-1.599858354,-0.524501393,0.568784154,-2.054750891,0.268900289,1.600538099,-0.240275486
-1.600166678,-0.524577770,0.568784141,-2.054631580,0.268810611,1.600343306,-0.240068606
-1.600474382,-0.524654165,0.568784127,-2.054512254,0.268720938,1.600148504,-0.239861547
-1.600781464,-0.524730580,0.568784114,-2.054392911,0.268631272,1.599953694,-0.239654310
-1.601087923,-0.524807015,0.568784101,-2.054273552,0.268541613,1.599758874,-0.239446894
-1.601393759,-0.524883468,0.568784087,-2.054154177,0.268451959,1.599564045,-0.239239297
-1.601698970,-0.524959942,0.568784074,-2.054034785,0.268362312,1.599369206,-0.239031520
-1.602003555,-0.525036435,0.568784061,-2.053915376,0.268272670,1.599174358,-0.238823562
-1.602307513,-0.525112948,0.568784047,-2.053795951,0.268183035,1.598979500,-0.238615423
-1.602610844,-0.525189481,0.568784034,-2.053676508,0.268093406,1.598784632,-0.238407101
-1.602913546,-0.525266034,0.568784021,-2.053557049,0.268003782,1.598589754,-0.238198597
-1.603215618,-0.525342607,0.568784007,-2.053437572,0.267914165,1.598394865,-0.237989909
-1.603517059,-0.525419200,0.568783994,-2.053318078,0.267824553,1.598199966,-0.237781038
-1.603817868,-0.525495814,0.568783981,-2.053198566,0.267734947,1.598005056,-0.237571983
-1.604118044,-0.525572448,0.568783967,-2.053079037,0.267645346,1.597810136,-0.237362742
-1.604417587,-0.525649103,0.568783954,-2.052959490,0.267555752,1.597615204,-0.237153317
-1.604716494,-0.525725778,0.568783940,-2.052839925,0.267466162,1.597420260,-0.236943705
-1.605014765,-0.525802474,0.568783927,-2.052720343,0.267376578,1.597225306,-0.236733908
-1.605312400,-0.525879191,0.568783914,-2.052600742,0.267287000,1.597030340,-0.236523923
-1.605609396,-0.525955929,0.568783900,-2.052481122,0.267197427,1.596835362,-0.236313751
-1.605905754,-0.526032687,0.568783887,-2.052361485,0.267107859,1.596640372,-0.236103391
-1.606201472,-0.526109467,0.568783874,-2.052241828,0.267018296,1.596445370,-0.235892842
-1.606496548,-0.526186269,0.568783860,-2.052122154,0.266928739,1.596250355,-0.235682105
-1.606790983,-0.526263091,0.568783847,-2.052002460,0.266839187,1.596055328,-0.235471178
-1.607084775,-0.526339935,0.568783834,-2.051882747,0.266749640,1.595860289,-0.235260060
-1.607377923,-0.526416801,0.568783820,-2.051763016,0.266660097,1.595665237,-0.235048753
-1.607670426,-0.526493688,0.568783807,-2.051643265,0.266570560,1.595470171,-0.234837254
-1.607962283,-0.526570596,0.568783794,-2.051523495,0.266481028,1.595275093,-0.234625564
-1.608253494,-0.526647527,0.568783780,-2.051403706,0.266391500,1.595080001,-0.234413682
-1.608544057,-0.526724480,0.568783767,-2.051283897,0.266301978,1.594884896,-0.234201607
-1.608833971,-0.526801454,0.568783753,-2.051164069,0.266212460,1.594689777,-0.233989339
-1.609123235,-0.526878451,0.568783740,-2.051044220,0.266122946,1.594494644,-0.233776877
-1.609411849,-0.526955470,0.568783727,-2.050924352,0.266033438,1.594299497,-0.233564222
-1.609699811,-0.527032511,0.568783713,-2.050804464,0.265943933,1.594104336,-0.233351372
-1.609987120,-0.527109575,0.568783700,-2.050684556,0.265854434,1.593909161,-0.233138326
-1.610273776,-0.527186661,0.568783687,-2.050564627,0.265764939,1.593713971,-0.232925086
-1.610559778,-0.527263769,0.568783673,-2.050444678,0.265675448,1.593518767,-0.232711649
-1.610845124,-0.527340901,0.568783660,-2.050324709,0.265585961,1.593323548,-0.232498015
-1.611129814,-0.527418055,0.568783647,-2.050204719,0.265496479,1.593128314,-0.232284185
-1.611413846,-0.527495232,0.568783633,-2.050084708,0.265407001,1.592933065,-0.232070157
-1.611697221,-0.527572431,0.568783620,-2.049964677,0.265317527,1.592737800,-0.231855931
-1.611979936,-0.527649654,0.568783606,-2.049844624,0.265228057,1.592542520,-0.231641506
-1.612261991,-0.527726900,0.568783593,-2.049724550,0.265138592,1.592347224,-0.231426883
-1.612543385,-0.527804170,0.568783580,-2.049604456,0.265049130,1.592151913,-0.231212060
-1.612824117,-0.527881462,0.568783566,-2.049484340,0.264959672,1.591956586,-0.230997037
-1.613104187,-0.527958778,0.568783553,-2.049364202,0.264870218,1.591761242,-0.230781813
-1.613383593,-0.528036118,0.568783540,-2.049244043,0.264780768,1.591565883,-0.230566389
-1.613662334,-0.528113481,0.568783526,-2.049123862,0.264691322,1.591370507,-0.230350763
-1.613940409,-0.528190868,0.568783513,-2.049003659,0.264601880,1.591175114,-0.230134936
-1.614217818,-0.528268279,0.568783499,-2.048883435,0.264512441,1.590979705,-0.229918906
-1.614494560,-0.528345713,0.568783486,-2.048763189,0.264423006,1.590784278,-0.229702673
-1.614770634,-0.528423171,0.568783473,-2.048642920,0.264333574,1.590588835,-0.229486237
-1.615046038,-0.528500654,0.568783459,-2.048522629,0.264244146,1.590393375,-0.229269598
-1.615320773,-0.528578160,0.568783446,-2.048402316,0.264154721,1.590197897,-0.229052754
-1.615594836,-0.528655691,0.568783433,-2.048281980,0.264065300,1.590002402,-0.228835705
-1.615868228,-0.528733246,0.568783419,-2.048161622,0.263975882,1.589806889,-0.228618451
-1.616140947,-0.528810826,0.568783406,-2.048041241,0.263886468,1.589611358,-0.228400992
-1.616412992,-0.528888430,0.568783392,-2.047920838,0.263797057,1.589415810,-0.228183327
-1.616684363,-0.528966058,0.568783379,-2.047800411,0.263707649,1.589220243,-0.227965455
-1.616955059,-0.529043711,0.568783366,-2.047679961,0.263618244,1.589024658,-0.227747376
-1.617225079,-0.529121389,0.568783352,-2.047559489,0.263528842,1.588829055,-0.227529090
-1.617494421,-0.529199092,0.568783339,-2.047438993,0.263439443,1.588633433,-0.227310596
-1.617763086,-0.529276820,0.568783326,-2.047318473,0.263350048,1.588437792,-0.227091894
-1.618031072,-0.529354572,0.568783312,-2.047197930,0.263260655,1.588242133,-0.226872983
-1.618298378,-0.529432350,0.568783299,-2.047077364,0.263171265,1.588046455,-0.226653863
-1.618565004,-0.529510153,0.568783285,-2.046956774,0.263081879,1.587850757,-0.226434533
-1.618830949,-0.529587981,0.568783272,-2.046836160,0.262992494,1.587655041,-0.226214993
-1.619096211,-0.529665834,0.568783259,-2.046715523,0.262903113,1.587459304,-0.225995242
-1.619360791,-0.529743713,0.568783245,-2.046594861,0.262813735,1.587263549,-0.225775281
-1.619624686,-0.529821617,0.568783232,-2.046474175,0.262724359,1.587067773,-0.225555108
-1.619887897,-0.529899547,0.568783218,-2.046353465,0.262634985,1.586871978,-0.225334723
-1.620150422,-0.529977503,0.568783205,-2.046232731,0.262545615,1.586676163,-0.225114126
-1.620412261,-0.530055484,0.568783192,-2.046111972,0.262456247,1.586480327,-0.224893317
-1.620673413,-0.530133491,0.568783178,-2.045991189,0.262366881,1.586284472,-0.224672294
-1.620933877,-0.530211524,0.568783165,-2.045870381,0.262277518,1.586088596,-0.224451058
-1.621193652,-0.530289583,0.568783152,-2.045749549,0.262188157,1.585892699,-0.224229607
-1.621452738,-0.530367668,0.568783138,-2.045628691,0.262098798,1.585696782,-0.224007942
-1.621711133,-0.530445779,0.568783125,-2.045507809,0.262009442,1.585500844,-0.223786063
-1.621968837,-0.530523917,0.568783111,-2.045386902,0.261920088,1.585304884,-0.223563968
-1.622225848,-0.530602081,0.568783098,-2.045265969,0.261830736,1.585108904,-0.223341658
-1.622482167,-0.530680271,0.568783085,-2.045145011,0.261741386,1.584912903,-0.223119131
-1.622737792,-0.530758487,0.568783071,-2.045024028,0.261652039,1.584716880,-0.222896388
-1.622992723,-0.530836731,0.568783058,-2.044903020,0.261562693,1.584520835,-0.222673428
-1.623246958,-0.530915000,0.568783044,-2.044781986,0.261473350,1.584324769,-0.222450250
-1.623500498,-0.530993297,0.568783031,-2.044660926,0.261384008,1.584128681,-0.222226855
-1.623753340,-0.531071620,0.568783018,-2.044539841,0.261294668,1.583932572,-0.222003242
-1.624005485,-0.531149970,0.568783004,-2.044418730,0.261205331,1.583736440,-0.221779410
-1.624256932,-0.531228347,0.568782991,-2.044297592,0.261115995,1.583540286,-0.221555359
-1.624507679,-0.531306751,0.568782977,-2.044176429,0.261026660,1.583344109,-0.221331089
-1.624757726,-0.531385182,0.568782964,-2.044055240,0.260937328,1.583147911,-0.221106599
-1.625007073,-0.531463640,0.568782950,-2.043934024,0.260847997,1.582951689,-0.220881889
-1.625255718,-0.531542126,0.568782937,-2.043812782,0.260758668,1.582755445,-0.220656958
-1.625503661,-0.531620639,0.568782924,-2.043691514,0.260669341,1.582559178,-0.220431806
-1.625750900,-0.531699179,0.568782910,-2.043570219,0.260580015,1.582362888,-0.220206433
-1.625997436,-0.531777747,0.568782897,-2.043448898,0.260490690,1.582166575,-0.219980838
-1.626243267,-0.531856342,0.568782883,-2.043327550,0.260401368,1.581970239,-0.219755021
-1.626488393,-0.531934965,0.568782870,-2.043206175,0.260312046,1.581773879,-0.219528981
-1.626732813,-0.532013615,0.568782857,-2.043084773,0.260222726,1.581577496,-0.219302718
-1.626976526,-0.532092293,0.568782843,-2.042963344,0.260133407,1.581381089,-0.219076232
-1.627219532,-0.532170999,0.568782830,-2.042841888,0.260044090,1.581184658,-0.218849523
-1.627461829,-0.532249733,0.568782816,-2.042720405,0.259954773,1.580988204,-0.218622589
-1.627703417,-0.532328495,0.568782803,-2.042598895,0.259865458,1.580791725,-0.218395430
-1.627944295,-0.532407285,0.568782789,-2.042477357,0.259776145,1.580595223,-0.218168047
-1.628184463,-0.532486103,0.568782776,-2.042355792,0.259686832,1.580398696,-0.217940439
-1.628423919,-0.532564950,0.568782763,-2.042234199,0.259597520,1.580202145,-0.217712604
-1.628662663,-0.532643824,0.568782749,-2.042112579,0.259508210,1.580005569,-0.217484544
-1.628900695,-0.532722727,0.568782736,-2.041990930,0.259418900,1.579808969,-0.217256258
-1.629138013,-0.532801659,0.568782722,-2.041869255,0.259329592,1.579612344,-0.217027744
-1.629374617,-0.532880618,0.568782709,-2.041747551,0.259240284,1.579415694,-0.216799004
-1.629610507,-0.532959607,0.568782696,-2.041625819,0.259150977,1.579219019,-0.216570036
-1.629845680,-0.533038624,0.568782682,-2.041504059,0.259061671,1.579022319,-0.216340840
-1.630080137,-0.533117669,0.568782669,-2.041382271,0.258972366,1.578825593,-0.216111416
-1.630313878,-0.533196744,0.568782655,-2.041260455,0.258883062,1.578628843,-0.215881763
-1.630546900,-0.533275847,0.568782642,-2.041138610,0.258793758,1.578432067,-0.215651882
-1.630779204,-0.533354979,0.568782628,-2.041016737,0.258704455,1.578235265,-0.215421771
-1.631010789,-0.533434140,0.568782615,-2.040894835,0.258615153,1.578038437,-0.215191430
-1.631241654,-0.533513330,0.568782601,-2.040772905,0.258525852,1.577841584,-0.214960859
-1.631471799,-0.533592549,0.568782588,-2.040650946,0.258436550,1.577644705,-0.214730058
-1.631701223,-0.533671798,0.568782575,-2.040528958,0.258347250,1.577447800,-0.214499026
-1.631929924,-0.533751075,0.568782561,-2.040406941,0.258257950,1.577250868,-0.214267763
-1.632157903,-0.533830382,0.568782548,-2.040284896,0.258168650,1.577053911,-0.214036268
-1.632385159,-0.533909718,0.568782534,-2.040162821,0.258079351,1.576856927,-0.213804542
-1.632611691,-0.533989084,0.568782521,-2.040040718,0.257990052,1.576659916,-0.213572583
-1.632837498,-0.534068479,0.568782507,-2.039918585,0.257900753,1.576462879,-0.213340392
-1.633062580,-0.534147904,0.568782494,-2.039796422,0.257811455,1.576265815,-0.213107968
-1.633286936,-0.534227358,0.568782480,-2.039674231,0.257722157,1.576068724,-0.212875311
-1.633510566,-0.534306842,0.568782467,-2.039552010,0.257632859,1.575871607,-0.212642420
-1.633733468,-0.534386356,0.568782454,-2.039429759,0.257543562,1.575674462,-0.212409296
-1.633955642,-0.534465899,0.568782440,-2.039307479,0.257454264,1.575477290,-0.212175937
-1.634177088,-0.534545473,0.568782427,-2.039185169,0.257364967,1.575280091,-0.211942343
-1.634397804,-0.534625076,0.568782413,-2.039062829,0.257275670,1.575082864,-0.211708515
-1.634617791,-0.534704710,0.568782400,-2.038940460,0.257186373,1.574885610,-0.211474452
-1.634837047,-0.534784373,0.568782386,-2.038818060,0.257097075,1.574688328,-0.211240152
-1.635055572,-0.534864067,0.568782373,-2.038695631,0.257007778,1.574491018,-0.211005617
-1.635273365,-0.534943790,0.568782359,-2.038573171,0.256918481,1.574293681,-0.210770846
-1.635490425,-0.535023544,0.568782346,-2.038450681,0.256829183,1.574096316,-0.210535838
-1.635706753,-0.535103329,0.568782332,-2.038328161,0.256739886,1.573898922,-0.210300593
-1.635922346,-0.535183143,0.568782319,-2.038205611,0.256650588,1.573701501,-0.210065111
-1.636137206,-0.535262989,0.568782305,-2.038083030,0.256561290,1.573504051,-0.209829392
-1.636351330,-0.535342864,0.568782292,-2.037960419,0.256471992,1.573306573,-0.209593434
-1.636564719,-0.535422770,0.568782278,-2.037837777,0.256382693,1.573109066,-0.209357239
-1.636777372,-0.535502707,0.568782265,-2.037715105,0.256293394,1.572911531,-0.209120805
-1.636989288,-0.535582675,0.568782252,-2.037592401,0.256204095,1.572713967,-0.208884132
-1.637200466,-0.535662673,0.568782238,-2.037469667,0.256114796,1.572516375,-0.208647220
-1.637410906,-0.535742702,0.568782225,-2.037346902,0.256025496,1.572318753,-0.208410068
-1.637620608,-0.535822762,0.568782211,-2.037224107,0.255936195,1.572121103,-0.208172677
-1.637829570,-0.535902853,0.568782198,-2.037101280,0.255846894,1.571923423,-0.207935045
-1.638037792,-0.535982975,0.568782184,-2.036978422,0.255757593,1.571725715,-0.207697174
-1.638245274,-0.536063128,0.568782171,-2.036855533,0.255668291,1.571527977,-0.207459061
-1.638452015,-0.536143311,0.568782157,-2.036732612,0.255578988,1.571330209,-0.207220708
-1.638658014,-0.536223527,0.568782144,-2.036609661,0.255489685,1.571132413,-0.206982113
-1.638863271,-0.536303773,0.568782130,-2.036486678,0.255400381,1.570934586,-0.206743277
-1.639067785,-0.536384050,0.568782117,-2.036363663,0.255311076,1.570736730,-0.206504199
-1.639271556,-0.536464359,0.568782103,-2.036240617,0.255221771,1.570538844,-0.206264878
-1.639474582,-0.536544699,0.568782090,-2.036117540,0.255132465,1.570340929,-0.206025315
-1.639676864,-0.536625071,0.568782076,-2.035994430,0.255043158,1.570142983,-0.205785510
-1.639878401,-0.536705474,0.568782063,-2.035871289,0.254953851,1.569945007,-0.205545461
-1.640079192,-0.536785909,0.568782049,-2.035748116,0.254864542,1.569747001,-0.205305168
-1.640279237,-0.536866375,0.568782036,-2.035624912,0.254775233,1.569548965,-0.205064633
-1.640478535,-0.536946873,0.568782022,-2.035501675,0.254685922,1.569350899,-0.204823853
-1.640677085,-0.537027403,0.568782009,-2.035378406,0.254596611,1.569152802,-0.204582829
-1.640874888,-0.537107964,0.568781995,-2.035255105,0.254507299,1.568954675,-0.204341560
-1.641071941,-0.537188557,0.568781982,-2.035131772,0.254417986,1.568756517,-0.204100047
-1.641268246,-0.537269182,0.568781968,-2.035008407,0.254328671,1.568558328,-0.203858288
-1.641463801,-0.537349839,0.568781955,-2.034885010,0.254239356,1.568360109,-0.203616284
-1.641658606,-0.537430528,0.568781941,-2.034761580,0.254150040,1.568161858,-0.203374034
-1.641852660,-0.537511249,0.568781928,-2.034638118,0.254060722,1.567963577,-0.203131539
-1.642045962,-0.537592002,0.568781914,-2.034514623,0.253971403,1.567765265,-0.202888797
-1.642238513,-0.537672787,0.568781901,-2.034391095,0.253882084,1.567566921,-0.202645808
-1.642430311,-0.537753604,0.568781887,-2.034267536,0.253792762,1.567368546,-0.202402573
-1.642621357,-0.537834454,0.568781874,-2.034143943,0.253703440,1.567170140,-0.202159091
-1.642811649,-0.537915335,0.568781860,-2.034020318,0.253614116,1.566971703,-0.201915362
-1.643001186,-0.537996250,0.568781847,-2.033896659,0.253524792,1.566773234,-0.201671384
-1.643189970,-0.538077196,0.568781833,-2.033772968,0.253435465,1.566574733,-0.201427159
-1.643377998,-0.538158175,0.568781820,-2.033649244,0.253346138,1.566376201,-0.201182686
-1.643565271,-0.538239186,0.568781806,-2.033525487,0.253256809,1.566177637,-0.200937965
-1.643751787,-0.538320230,0.568781792,-2.033401697,0.253167478,1.565979041,-0.200692995
-1.643937547,-0.538401307,0.568781779,-2.033277874,0.253078146,1.565780413,-0.200447776
-1.644122550,-0.538482416,0.568781765,-2.033154017,0.252988813,1.565581753,-0.200202307
-1.644306795,-0.538563558,0.568781752,-2.033030128,0.252899478,1.565383061,-0.199956590
-1.644490282,-0.538644732,0.568781738,-2.032906205,0.252810142,1.565184337,-0.199710622
-1.644673011,-0.538725940,0.568781725,-2.032782248,0.252720804,1.564985581,-0.199464405
-1.644854980,-0.538807180,0.568781711,-2.032658258,0.252631464,1.564786792,-0.199217937
-1.645036190,-0.538888453,0.568781698,-2.032534235,0.252542123,1.564587971,-0.198971219
-1.645216639,-0.538969759,0.568781684,-2.032410178,0.252452781,1.564389117,-0.198724250
-1.645396328,-0.539051097,0.568781671,-2.032286088,0.252363436,1.564190231,-0.198477031
-1.645575255,-0.539132469,0.568781657,-2.032161963,0.252274090,1.563991312,-0.198229560
-1.645753422,-0.539213874,0.568781644,-2.032037805,0.252184742,1.563792360,-0.197981837
-1.645930825,-0.539295312,0.568781630,-2.031913614,0.252095393,1.563593376,-0.197733863
-1.646107467,-0.539376783,0.568781616,-2.031789388,0.252006041,1.563394359,-0.197485637
-1.646283345,-0.539458288,0.568781603,-2.031665129,0.251916688,1.563195308,-0.197237159
-1.646458460,-0.539539825,0.568781589,-2.031540835,0.251827333,1.562996225,-0.196988428
-1.646632810,-0.539621396,0.568781576,-2.031416508,0.251737977,1.562797109,-0.196739445
-1.646806397,-0.539703000,0.568781562,-2.031292146,0.251648618,1.562597959,-0.196490209
-1.646979218,-0.539784638,0.568781549,-2.031167750,0.251559257,1.562398776,-0.196240719
-1.647151274,-0.539866308,0.568781535,-2.031043320,0.251469895,1.562199560,-0.195990976
-1.647322564,-0.539948013,0.568781522,-2.030918856,0.251380531,1.562000310,-0.195740980
-1.647493087,-0.540029751,0.568781508,-2.030794358,0.251291164,1.561801027,-0.195490730
-1.647662844,-0.540111522,0.568781494,-2.030669825,0.251201796,1.561601710,-0.195240225
-1.647831834,-0.540193327,0.568781481,-2.030545258,0.251112426,1.561402360,-0.194989467
-1.648000056,-0.540275166,0.568781467,-2.030420656,0.251023053,1.561202975,-0.194738454
-1.648167509,-0.540357038,0.568781454,-2.030296020,0.250933679,1.561003557,-0.194487186
-1.648334194,-0.540438944,0.568781440,-2.030171349,0.250844302,1.560804106,-0.194235663
-1.648500111,-0.540520884,0.568781427,-2.030046644,0.250754923,1.560604620,-0.193983885
-1.648665257,-0.540602857,0.568781413,-2.029921904,0.250665543,1.560405100,-0.193731851
-1.648829634,-0.540684865,0.568781399,-2.029797129,0.250576160,1.560205546,-0.193479562
-1.648993240,-0.540766906,0.568781386,-2.029672319,0.250486775,1.560005958,-0.193227017
-1.649156076,-0.540848981,0.568781372,-2.029547475,0.250397387,1.559806336,-0.192974216
-1.649318140,-0.540931090,0.568781359,-2.029422596,0.250307998,1.559606680,-0.192721159
-1.649479433,-0.541013233,0.568781345,-2.029297682,0.250218606,1.559406989,-0.192467845
-1.649639953,-0.541095410,0.568781331,-2.029172732,0.250129212,1.559207264,-0.192214274
-1.649799702,-0.541177621,0.568781318,-2.029047748,0.250039816,1.559007504,-0.191960447
-1.649958677,-0.541259866,0.568781304,-2.028922729,0.249950417,1.558807710,-0.191706362
-1.650116879,-0.541342146,0.568781291,-2.028797674,0.249861016,1.558607881,-0.191452020
-1.650274307,-0.541424459,0.568781277,-2.028672585,0.249771612,1.558408018,-0.191197420
-1.650430961,-0.541506807,0.568781263,-2.028547460,0.249682207,1.558208120,-0.190942563
-1.650586841,-0.541589189,0.568781250,-2.028422300,0.249592799,1.558008187,-0.190687448
-1.650741946,-0.541671606,0.568781236,-2.028297105,0.249503388,1.557808219,-0.190432075
-1.650896275,-0.541754056,0.568781223,-2.028171874,0.249413975,1.557608216,-0.190176443
-1.651049828,-0.541836542,0.568781209,-2.028046608,0.249324560,1.557408178,-0.189920552
-1.651202606,-0.541919061,0.568781195,-2.027921306,0.249235142,1.557208105,-0.189664403
-1.651354607,-0.542001615,0.568781182,-2.027795969,0.249145721,1.557007998,-0.189407995
-1.651505831,-0.542084203,0.568781168,-2.027670596,0.249056298,1.556807854,-0.189151328
-1.651656277,-0.542166826,0.568781155,-2.027545188,0.248966873,1.556607676,-0.188894402
-1.651805946,-0.542249484,0.568781141,-2.027419744,0.248877445,1.556407462,-0.188637216
-1.651954837,-0.542332176,0.568781127,-2.027294264,0.248788014,1.556207213,-0.188379770
-1.652102950,-0.542414903,0.568781114,-2.027168749,0.248698581,1.556006929,-0.188122064
-1.652250283,-0.542497664,0.568781100,-2.027043198,0.248609145,1.555806609,-0.187864098
-1.652396838,-0.542580460,0.568781087,-2.026917611,0.248519707,1.555606254,-0.187605872
-1.652542613,-0.542663291,0.568781073,-2.026791988,0.248430265,1.555405863,-0.187347386
-1.652687608,-0.542746156,0.568781059,-2.026666330,0.248340822,1.555205436,-0.187088639
-1.652831822,-0.542829056,0.568781046,-2.026540635,0.248251375,1.555004974,-0.186829631
-1.652975256,-0.542911992,0.568781032,-2.026414904,0.248161926,1.554804476,-0.186570362
-1.653117909,-0.542994962,0.568781018,-2.026289138,0.248072474,1.554603942,-0.186310832
-1.653259781,-0.543077966,0.568781005,-2.026163335,0.247983019,1.554403372,-0.186051040
-1.653400871,-0.543161006,0.568780991,-2.026037496,0.247893562,1.554202767,-0.185790987
-1.653541178,-0.543244081,0.568780978,-2.025911621,0.247804102,1.554002125,-0.185530672
-1.653680704,-0.543327191,0.568780964,-2.025785710,0.247714639,1.553801447,-0.185270096
-1.653819446,-0.543410335,0.568780950,-2.025659763,0.247625173,1.553600734,-0.185009257
-1.653957406,-0.543493515,0.568780937,-2.025533779,0.247535704,1.553399984,-0.184748156
-1.654094581,-0.543576730,0.568780923,-2.025407759,0.247446232,1.553199198,-0.184486793
-1.654230974,-0.543659980,0.568780909,-2.025281703,0.247356758,1.552998375,-0.184225167
-1.654366582,-0.543743265,0.568780896,-2.025155610,0.247267281,1.552797517,-0.183963279
-1.654501405,-0.543826585,0.568780882,-2.025029481,0.247177801,1.552596622,-0.183701127
-1.654635444,-0.543909941,0.568780868,-2.024903316,0.247088317,1.552395691,-0.183438713
-1.654768697,-0.543993332,0.568780855,-2.024777114,0.246998831,1.552194723,-0.183176035
-1.654901165,-0.544076758,0.568780841,-2.024650875,0.246909342,1.551993719,-0.182913094
-1.655032848,-0.544160219,0.568780827,-2.024524600,0.246819850,1.551792678,-0.182649889
-1.655163744,-0.544243715,0.568780814,-2.024398288,0.246730356,1.551591601,-0.182386421
-1.655293854,-0.544327247,0.568780800,-2.024271940,0.246640858,1.551390487,-0.182122689
-1.655423177,-0.544410815,0.568780786,-2.024145555,0.246551357,1.551189336,-0.181858693
-1.655551713,-0.544494417,0.568780773,-2.024019133,0.246461853,1.550988149,-0.181594433
-1.655679462,-0.544578055,0.568780759,-2.023892675,0.246372346,1.550786925,-0.181329909
-1.655806423,-0.544661729,0.568780745,-2.023766179,0.246282836,1.550585664,-0.181065120
-1.655932596,-0.544745438,0.568780732,-2.023639647,0.246193322,1.550384366,-0.180800066
-1.656057981,-0.544829182,0.568780718,-2.023513078,0.246103806,1.550183032,-0.180534748
-1.656182577,-0.544912963,0.568780704,-2.023386473,0.246014287,1.549981660,-0.180269165
-1.656306385,-0.544996778,0.568780691,-2.023259830,0.245924764,1.549780252,-0.180003317
-1.656429403,-0.545080629,0.568780677,-2.023133150,0.245835239,1.549578806,-0.179737203
-1.656551632,-0.545164516,0.568780663,-2.023006434,0.245745710,1.549377323,-0.179470825
-1.656673071,-0.545248439,0.568780650,-2.022879680,0.245656178,1.549175803,-0.179204181
-1.656793720,-0.545332397,0.568780636,-2.022752889,0.245566643,1.548974246,-0.178937271
-1.656913579,-0.545416391,0.568780622,-2.022626062,0.245477105,1.548772652,-0.178670096
-1.657032647,-0.545500420,0.568780609,-2.022499197,0.245387564,1.548571021,-0.178402655
-1.657150925,-0.545584485,0.568780595,-2.022372295,0.245298019,1.548369352,-0.178134948
-1.657268411,-0.545668586,0.568780581,-2.022245356,0.245208471,1.548167646,-0.177866975
-1.657385106,-0.545752723,0.568780568,-2.022118379,0.245118920,1.547965903,-0.177598735
-1.657501009,-0.545836896,0.568780554,-2.021991366,0.245029366,1.547764122,-0.177330229
-1.657616120,-0.545921104,0.568780540,-2.021864315,0.244939808,1.547562304,-0.177061457
-1.657730440,-0.546005349,0.568780526,-2.021737227,0.244850248,1.547360448,-0.176792418
-1.657843966,-0.546089629,0.568780513,-2.021610102,0.244760683,1.547158555,-0.176523112
-1.657956700,-0.546173945,0.568780499,-2.021482939,0.244671116,1.546956624,-0.176253540
-1.658068641,-0.546258297,0.568780485,-2.021355739,0.244581545,1.546754656,-0.175983700
-1.658179789,-0.546342685,0.568780472,-2.021228502,0.244491971,1.546552650,-0.175713593
-1.658290144,-0.546427109,0.568780458,-2.021101227,0.244402394,1.546350607,-0.175443219
-1.658399704,-0.546511569,0.568780444,-2.020973914,0.244312813,1.546148525,-0.175172578
-1.658508471,-0.546596064,0.568780430,-2.020846565,0.244223229,1.545946406,-0.174901669
-1.658616443,-0.546680596,0.568780417,-2.020719177,0.244133642,1.545744250,-0.174630493
-1.658723621,-0.546765164,0.568780403,-2.020591753,0.244044051,1.545542055,-0.174359049
-1.658830005,-0.546849768,0.568780389,-2.020464290,0.243954457,1.545339823,-0.174087337
-1.658935593,-0.546934408,0.568780376,-2.020336790,0.243864859,1.545137553,-0.173815357
-1.659040387,-0.547019084,0.568780362,-2.020209253,0.243775258,1.544935244,-0.173543110
-1.659144384,-0.547103797,0.568780348,-2.020081678,0.243685654,1.544732898,-0.173270594
-1.659247587,-0.547188545,0.568780334,-2.019954065,0.243596046,1.544530514,-0.172997809
-1.659349993,-0.547273330,0.568780321,-2.019826415,0.243506435,1.544328092,-0.172724757
-1.659451604,-0.547358151,0.568780307,-2.019698727,0.243416820,1.544125632,-0.172451436
-1.659552418,-0.547443008,0.568780293,-2.019571001,0.243327202,1.543923134,-0.172177846
-1.659652436,-0.547527901,0.568780279,-2.019443237,0.243237581,1.543720598,-0.171903988
-1.659751657,-0.547612830,0.568780266,-2.019315436,0.243147956,1.543518024,-0.171629861
-1.659850081,-0.547697796,0.568780252,-2.019187597,0.243058327,1.543315412,-0.171355465
-1.659947708,-0.547782798,0.568780238,-2.019059720,0.242968695,1.543112761,-0.171080801
-1.660044537,-0.547867836,0.568780224,-2.018931805,0.242879060,1.542910073,-0.170805867
-1.660140569,-0.547952911,0.568780211,-2.018803853,0.242789421,1.542707346,-0.170530664
-1.660235804,-0.548038022,0.568780197,-2.018675863,0.242699778,1.542504581,-0.170255192
-1.660330240,-0.548123169,0.568780183,-2.018547834,0.242610132,1.542301777,-0.169979450
-1.660423879,-0.548208353,0.568780169,-2.018419768,0.242520483,1.542098936,-0.169703439
-1.660516719,-0.548293572,0.568780156,-2.018291664,0.242430830,1.541896056,-0.169427159
-1.660608760,-0.548378829,0.568780142,-2.018163522,0.242341173,1.541693138,-0.169150609
-1.660700003,-0.548464121,0.568780128,-2.018035342,0.242251513,1.541490181,-0.168873789
-1.660790447,-0.548549451,0.568780114,-2.017907124,0.242161849,1.541287186,-0.168596700
-1.660880092,-0.548634816,0.568780101,-2.017778868,0.242072182,1.541084152,-0.168319340
-1.660968937,-0.548720218,0.568780087,-2.017650575,0.241982511,1.540881081,-0.168041711
-1.661056983,-0.548805657,0.568780073,-2.017522243,0.241892837,1.540677970,-0.167763812
-1.661144230,-0.548891131,0.568780059,-2.017393873,0.241803159,1.540474821,-0.167485642
-1.661230677,-0.548976643,0.568780046,-2.017265465,0.241713477,1.540271634,-0.167207203
-1.661316323,-0.549062191,0.568780032,-2.017137018,0.241623792,1.540068408,-0.166928493
-1.661401170,-0.549147775,0.568780018,-2.017008534,0.241534103,1.539865144,-0.166649513
-1.661485216,-0.549233396,0.568780004,-2.016880012,0.241444411,1.539661841,-0.166370263
-1.661568462,-0.549319054,0.568779990,-2.016751452,0.241354715,1.539458499,-0.166090742
-1.661650908,-0.549404748,0.568779977,-2.016622853,0.241265015,1.539255119,-0.165810950
-1.661732552,-0.549490478,0.568779963,-2.016494216,0.241175312,1.539051701,-0.165530888
-1.661813396,-0.549576245,0.568779949,-2.016365541,0.241085605,1.538848243,-0.165250555
-1.661893439,-0.549662049,0.568779935,-2.016236828,0.240995895,1.538644747,-0.164969952
-1.661972680,-0.549747889,0.568779921,-2.016108077,0.240906181,1.538441213,-0.164689078
-1.662051120,-0.549833766,0.568779908,-2.015979288,0.240816463,1.538237639,-0.164407933
-1.662128759,-0.549919680,0.568779894,-2.015850460,0.240726741,1.538034027,-0.164126517
-1.662205595,-0.550005630,0.568779880,-2.015721594,0.240637016,1.537830377,-0.163844829
-1.662281630,-0.550091616,0.568779866,-2.015592690,0.240547288,1.537626687,-0.163562871
-1.662356864,-0.550177640,0.568779852,-2.015463748,0.240457555,1.537422959,-0.163280642
-1.662431295,-0.550263700,0.568779839,-2.015334767,0.240367819,1.537219192,-0.162998142
-1.662504923,-0.550349797,0.568779825,-2.015205748,0.240278079,1.537015386,-0.162715370
-1.662577750,-0.550435930,0.568779811,-2.015076691,0.240188336,1.536811542,-0.162432327
-1.662649774,-0.550522100,0.568779797,-2.014947595,0.240098589,1.536607658,-0.162149013
-1.662720995,-0.550608307,0.568779783,-2.014818461,0.240008838,1.536403736,-0.161865427
-1.662791414,-0.550694550,0.568779770,-2.014689289,0.239919084,1.536199775,-0.161581570
-1.662861030,-0.550780831,0.568779756,-2.014560079,0.239829326,1.535995775,-0.161297442
-1.662929843,-0.550867147,0.568779742,-2.014430830,0.239739564,1.535791737,-0.161013042
-1.662997853,-0.550953501,0.568779728,-2.014301543,0.239649798,1.535587659,-0.160728370
-1.663065059,-0.551039891,0.568779714,-2.014172217,0.239560029,1.535383543,-0.160443427
-1.663131463,-0.551126318,0.568779701,-2.014042853,0.239470256,1.535179387,-0.160158212
-1.663197063,-0.551212782,0.568779687,-2.013913451,0.239380480,1.534975193,-0.159872725
-1.663261859,-0.551299283,0.568779673,-2.013784011,0.239290699,1.534770960,-0.159586967
-1.663325852,-0.551385820,0.568779659,-2.013654532,0.239200915,1.534566688,-0.159300937
-1.663389041,-0.551472394,0.568779645,-2.013525014,0.239111127,1.534362377,-0.159014635
-1.663451427,-0.551559005,0.568779631,-2.013395458,0.239021336,1.534158027,-0.158728061
-1.663513008,-0.551645653,0.568779618,-2.013265864,0.238931541,1.533953639,-0.158441215
-1.663573785,-0.551732337,0.568779604,-2.013136232,0.238841742,1.533749211,-0.158154097
-1.663633759,-0.551819058,0.568779590,-2.013006561,0.238751939,1.533544744,-0.157866707
-1.663692928,-0.551905816,0.568779576,-2.012876851,0.238662133,1.533340239,-0.157579046
-1.663751293,-0.551992611,0.568779562,-2.012747103,0.238572323,1.533135694,-0.157291112
-1.663808853,-0.552079442,0.568779548,-2.012617317,0.238482510,1.532931111,-0.157002906
-1.663865610,-0.552166311,0.568779534,-2.012487492,0.238392692,1.532726488,-0.156714428
-1.663921561,-0.552253216,0.568779521,-2.012357629,0.238302871,1.532521827,-0.156425678
-1.663976708,-0.552340158,0.568779507,-2.012227727,0.238213046,1.532317127,-0.156136656
-1.664031051,-0.552427136,0.568779493,-2.012097787,0.238123218,1.532112387,-0.155847361
-1.664084588,-0.552514152,0.568779479,-2.011967809,0.238033385,1.531907609,-0.155557795
-1.664137321,-0.552601204,0.568779465,-2.011837792,0.237943549,1.531702792,-0.155267956
-1.664189249,-0.552688293,0.568779451,-2.011707736,0.237853710,1.531497935,-0.154977845
-1.664240372,-0.552775419,0.568779437,-2.011577643,0.237763866,1.531293040,-0.154687462
-1.664290691,-0.552862582,0.568779424,-2.011447510,0.237674019,1.531088106,-0.154396806
-1.664340204,-0.552949782,0.568779410,-2.011317339,0.237584168,1.530883132,-0.154105878
-1.664388912,-0.553037018,0.568779396,-2.011187130,0.237494313,1.530678120,-0.153814678
-1.664436814,-0.553124292,0.568779382,-2.011056882,0.237404455,1.530473069,-0.153523205
-1.664483912,-0.553211602,0.568779368,-2.010926596,0.237314593,1.530267979,-0.153231461
-1.664530204,-0.553298949,0.568779354,-2.010796272,0.237224727,1.530062850,-0.152939443
-1.664575691,-0.553386333,0.568779340,-2.010665909,0.237134858,1.529857681,-0.152647154
-1.664620373,-0.553473753,0.568779326,-2.010535507,0.237044985,1.529652474,-0.152354592
-1.664664249,-0.553561211,0.568779313,-2.010405067,0.236955108,1.529447228,-0.152061758
-1.664707320,-0.553648705,0.568779299,-2.010274588,0.236865228,1.529241943,-0.151768651
-1.664749585,-0.553736236,0.568779285,-2.010144072,0.236775343,1.529036619,-0.151475272
-1.664791045,-0.553823804,0.568779271,-2.010013516,0.236685455,1.528831256,-0.151181620
-1.664831700,-0.553911409,0.568779257,-2.009882922,0.236595564,1.528625854,-0.150887696
-1.664871548,-0.553999050,0.568779243,-2.009752290,0.236505668,1.528420413,-0.150593500
-1.664910591,-0.554086729,0.568779229,-2.009621619,0.236415769,1.528214933,-0.150299032
-1.664948829,-0.554174444,0.568779215,-2.009490910,0.236325867,1.528009414,-0.150004291
-1.664986261,-0.554262196,0.568779201,-2.009360162,0.236235960,1.527803856,-0.149709277
-1.665022887,-0.554349985,0.568779187,-2.009229376,0.236146050,1.527598260,-0.149413991
-1.665058707,-0.554437811,0.568779174,-2.009098552,0.236056136,1.527392624,-0.149118433
-1.665093722,-0.554525673,0.568779160,-2.008967689,0.235966219,1.527186949,-0.148822603
-1.665127931,-0.554613572,0.568779146,-2.008836788,0.235876298,1.526981236,-0.148526500
-1.665161335,-0.554701509,0.568779132,-2.008705848,0.235786373,1.526775483,-0.148230124
-1.665193932,-0.554789481,0.568779118,-2.008574870,0.235696445,1.526569692,-0.147933477
-1.665225724,-0.554877491,0.568779104,-2.008443853,0.235606513,1.526363862,-0.147636557
-1.665256710,-0.554965538,0.568779090,-2.008312798,0.235516577,1.526157993,-0.147339364
-1.665286891,-0.555053621,0.568779076,-2.008181705,0.235426637,1.525952085,-0.147041900
-1.665316265,-0.555141741,0.568779062,-2.008050573,0.235336694,1.525746138,-0.146744163
-1.665344834,-0.555229898,0.568779048,-2.007919403,0.235246748,1.525540153,-0.146446154
-1.665372597,-0.555318092,0.568779034,-2.007788194,0.235156797,1.525334128,-0.146147872
-1.665399555,-0.555406322,0.568779020,-2.007656947,0.235066843,1.525128065,-0.145849319
-1.665425706,-0.555494589,0.568779007,-2.007525662,0.234976886,1.524921963,-0.145550493
-1.665451052,-0.555582893,0.568778993,-2.007394338,0.234886924,1.524715822,-0.145251395
-1.665475593,-0.555671234,0.568778979,-2.007262976,0.234796960,1.524509642,-0.144952024
-1.665499327,-0.555759611,0.568778965,-2.007131576,0.234706991,1.524303423,-0.144652382
-1.665522256,-0.555848025,0.568778951,-2.007000137,0.234617019,1.524097166,-0.144352467
-1.665544380,-0.555936476,0.568778937,-2.006868660,0.234527043,1.523890870,-0.144052281
-1.665565697,-0.556024964,0.568778923,-2.006737145,0.234437064,1.523684535,-0.143751822
-1.665586209,-0.556113488,0.568778909,-2.006605591,0.234347081,1.523478162,-0.143451091
-1.665605916,-0.556202049,0.568778895,-2.006474000,0.234257095,1.523271750,-0.143150088
-1.665624817,-0.556290647,0.568778881,-2.006342369,0.234167105,1.523065299,-0.142848813
-1.665642912,-0.556379282,0.568778867,-2.006210701,0.234077111,1.522858809,-0.142547267
-1.665660202,-0.556467953,0.568778853,-2.006078994,0.233987114,1.522652281,-0.142245448
-1.665676687,-0.556556661,0.568778839,-2.005947249,0.233897113,1.522445714,-0.141943358
-1.665692366,-0.556645405,0.568778825,-2.005815466,0.233807109,1.522239109,-0.141640995
-1.665707240,-0.556734187,0.568778811,-2.005683645,0.233717101,1.522032465,-0.141338361
-1.665721309,-0.556823004,0.568778797,-2.005551785,0.233627090,1.521825782,-0.141035455
-1.665734572,-0.556911859,0.568778783,-2.005419888,0.233537075,1.521619061,-0.140732277
-1.665747030,-0.557000750,0.568778769,-2.005287952,0.233447057,1.521412301,-0.140428828
-1.665758683,-0.557089678,0.568778755,-2.005155978,0.233357035,1.521205503,-0.140125107
-1.665769531,-0.557178642,0.568778741,-2.005023965,0.233267009,1.520998666,-0.139821114
-1.665779574,-0.557267643,0.568778727,-2.004891915,0.233176980,1.520791791,-0.139516850
-1.665788811,-0.557356681,0.568778713,-2.004759826,0.233086948,1.520584877,-0.139212314
-1.665797244,-0.557445755,0.568778699,-2.004627700,0.232996912,1.520377925,-0.138907507
-1.665804873,-0.557534866,0.568778686,-2.004495535,0.232906873,1.520170935,-0.138602429
-1.665811696,-0.557624013,0.568778672,-2.004363332,0.232816830,1.519963905,-0.138297079
-1.665817714,-0.557713197,0.568778658,-2.004231091,0.232726784,1.519756838,-0.137991458
-1.665822928,-0.557802418,0.568778644,-2.004098812,0.232636734,1.519549732,-0.137685565
-1.665827338,-0.557891675,0.568778630,-2.003966495,0.232546681,1.519342588,-0.137379401
-1.665830942,-0.557980968,0.568778616,-2.003834140,0.232456624,1.519135406,-0.137072967
-1.665833743,-0.558070298,0.568778602,-2.003701747,0.232366564,1.518928185,-0.136766261
-1.665835739,-0.558159665,0.568778588,-2.003569316,0.232276501,1.518720926,-0.136459284
-1.665836931,-0.558249068,0.568778574,-2.003436847,0.232186434,1.518513629,-0.136152036
-1.665837318,-0.558338507,0.568778560,-2.003304340,0.232096364,1.518306294,-0.135844517
-1.665836902,-0.558427983,0.568778546,-2.003171795,0.232006290,1.518098920,-0.135536727
-1.665835681,-0.558517495,0.568778532,-2.003039213,0.231916213,1.517891508,-0.135228667
-1.665833657,-0.558607044,0.568778518,-2.002906592,0.231826133,1.517684058,-0.134920335
-1.665830828,-0.558696629,0.568778504,-2.002773933,0.231736049,1.517476570,-0.134611733
-1.665827196,-0.558786251,0.568778490,-2.002641237,0.231645962,1.517269044,-0.134302861
-1.665822761,-0.558875909,0.568778476,-2.002508503,0.231555871,1.517061480,-0.133993718
-1.665817521,-0.558965603,0.568778462,-2.002375731,0.231465778,1.516853878,-0.133684304
-1.665811479,-0.559055334,0.568778448,-2.002242921,0.231375681,1.516646238,-0.133374620
-1.665804633,-0.559145101,0.568778434,-2.002110073,0.231285580,1.516438560,-0.133064666
-1.665796984,-0.559234905,0.568778420,-2.001977188,0.231195477,1.516230844,-0.132754441
-1.665788531,-0.559324744,0.568778405,-2.001844265,0.231105370,1.516023090,-0.132443947
-1.665779276,-0.559414620,0.568778391,-2.001711304,0.231015260,1.515815298,-0.132133182
-1.665769218,-0.559504533,0.568778377,-2.001578305,0.230925146,1.515607468,-0.131822147
-1.665758357,-0.559594481,0.568778363,-2.001445269,0.230835029,1.515399600,-0.131510842
-1.665746693,-0.559684466,0.568778349,-2.001312195,0.230744910,1.515191695,-0.131199267
-1.665734227,-0.559774487,0.568778335,-2.001179083,0.230654786,1.514983752,-0.130887423
-1.665720958,-0.559864544,0.568778321,-2.001045934,0.230564660,1.514775771,-0.130575308
-1.665706887,-0.559954638,0.568778307,-2.000912748,0.230474530,1.514567753,-0.130262924
-1.665692014,-0.560044767,0.568778293,-2.000779523,0.230384398,1.514359697,-0.129950271
-1.665676339,-0.560134933,0.568778279,-2.000646261,0.230294262,1.514151603,-0.129637348
-1.665659862,-0.560225135,0.568778265,-2.000512962,0.230204123,1.513943471,-0.129324156
-1.665642583,-0.560315373,0.568778251,-2.000379625,0.230113981,1.513735303,-0.129010694
-1.665624503,-0.560405647,0.568778237,-2.000246251,0.230023835,1.513527096,-0.128696963
-1.665605621,-0.560495957,0.568778223,-2.000112839,0.229933687,1.513318852,-0.128382963
-1.665585937,-0.560586304,0.568778209,-1.999979390,0.229843535,1.513110571,-0.128068694
-1.665565453,-0.560676686,0.568778195,-1.999845903,0.229753381,1.512902252,-0.127754156
-1.665544167,-0.560767104,0.568778181,-1.999712379,0.229663223,1.512693896,-0.127439349
-1.665522081,-0.560857559,0.568778167,-1.999578818,0.229573062,1.512485502,-0.127124274
-1.665499193,-0.560948049,0.568778153,-1.999445220,0.229482898,1.512277071,-0.126808929
-1.665475505,-0.561038576,0.568778139,-1.999311584,0.229392731,1.512068603,-0.126493316
-1.665451017,-0.561129138,0.568778125,-1.999177911,0.229302561,1.511860098,-0.126177435
-1.665425728,-0.561219736,0.568778111,-1.999044200,0.229212388,1.511651555,-0.125861285
-1.665399639,-0.561310371,0.568778097,-1.998910453,0.229122212,1.511442975,-0.125544867
-1.665372750,-0.561401041,0.568778082,-1.998776668,0.229032033,1.511234359,-0.125228181
-1.665345061,-0.561491747,0.568778068,-1.998642846,0.228941851,1.511025705,-0.124911227
-1.665316572,-0.561582488,0.568778054,-1.998508987,0.228851666,1.510817014,-0.124594004
-1.665287284,-0.561673266,0.568778040,-1.998375091,0.228761479,1.510608286,-0.124276514
-1.665257197,-0.561764080,0.568778026,-1.998241157,0.228671288,1.510399521,-0.123958756
-1.665226310,-0.561854929,0.568778012,-1.998107187,0.228581094,1.510190719,-0.123640731
-1.665194624,-0.561945814,0.568777998,-1.997973180,0.228490898,1.509981880,-0.123322437
-1.665162140,-0.562036735,0.568777984,-1.997839135,0.228400698,1.509773005,-0.123003877
-1.665128857,-0.562127691,0.568777970,-1.997705054,0.228310496,1.509564092,-0.122685049
-1.665094775,-0.562218683,0.568777956,-1.997570936,0.228220291,1.509355143,-0.122365954
-1.665059895,-0.562309711,0.568777942,-1.997436781,0.228130083,1.509146157,-0.122046591
-1.665024217,-0.562400775,0.568777928,-1.997302589,0.228039872,1.508937135,-0.121726962
-1.664987741,-0.562491874,0.568777913,-1.997168360,0.227949658,1.508728076,-0.121407066
-1.664950467,-0.562583008,0.568777899,-1.997034095,0.227859442,1.508518980,-0.121086902
-1.664912396,-0.562674179,0.568777885,-1.996899792,0.227769222,1.508309848,-0.120766473
-1.664873527,-0.562765385,0.568777871,-1.996765453,0.227679000,1.508100679,-0.120445776
-1.664833861,-0.562856626,0.568777857,-1.996631078,0.227588776,1.507891474,-0.120124814
-1.664793398,-0.562947903,0.568777843,-1.996496665,0.227498548,1.507682232,-0.119803585
-1.664752138,-0.563039215,0.568777829,-1.996362216,0.227408318,1.507472954,-0.119482089
-1.664710082,-0.563130563,0.568777815,-1.996227730,0.227318085,1.507263640,-0.119160328
-1.664667230,-0.563221947,0.568777801,-1.996093208,0.227227850,1.507054289,-0.118838301
-1.664623581,-0.563313365,0.568777787,-1.995958649,0.227137611,1.506844902,-0.118516008
-1.664579136,-0.563404819,0.568777772,-1.995824054,0.227047371,1.506635480,-0.118193449
-1.664533895,-0.563496309,0.568777758,-1.995689422,0.226957127,1.506426020,-0.117870625
-1.664487859,-0.563587834,0.568777744,-1.995554754,0.226866881,1.506216525,-0.117547535
-1.664441028,-0.563679394,0.568777730,-1.995420049,0.226776632,1.506006994,-0.117224180
-1.664393401,-0.563770989,0.568777716,-1.995285308,0.226686381,1.505797427,-0.116900559
-1.664344980,-0.563862620,0.568777702,-1.995150531,0.226596127,1.505587824,-0.116576674
-1.664295764,-0.563954286,0.568777688,-1.995015717,0.226505871,1.505378185,-0.116252523
-1.664245753,-0.564045987,0.568777674,-1.994880868,0.226415612,1.505168510,-0.115928108
-1.664194948,-0.564137723,0.568777660,-1.994745981,0.226325351,1.504958800,-0.115603429
-1.664143349,-0.564229494,0.568777645,-1.994611059,0.226235087,1.504749053,-0.115278484
-1.664090957,-0.564321301,0.568777631,-1.994476101,0.226144821,1.504539271,-0.114953275
-1.664037770,-0.564413142,0.568777617,-1.994341106,0.226054552,1.504329454,-0.114627802
-1.663983791,-0.564505019,0.568777603,-1.994206075,0.225964281,1.504119600,-0.114302065
-1.663929018,-0.564596931,0.568777589,-1.994071008,0.225874007,1.503909712,-0.113976064
-1.663873453,-0.564688878,0.568777575,-1.993935906,0.225783731,1.503699788,-0.113649799
-1.663817095,-0.564780859,0.568777561,-1.993800767,0.225693453,1.503489828,-0.113323271
-1.663759944,-0.564872876,0.568777546,-1.993665592,0.225603172,1.503279833,-0.112996479
-1.663702001,-0.564964927,0.568777532,-1.993530382,0.225512889,1.503069803,-0.112669423
-1.663643267,-0.565057014,0.568777518,-1.993395135,0.225422604,1.502859737,-0.112342104
-1.663583741,-0.565149135,0.568777504,-1.993259853,0.225332317,1.502649636,-0.112014522
-1.663523423,-0.565241291,0.568777490,-1.993124535,0.225242027,1.502439500,-0.111686677
-1.663462314,-0.565333482,0.568777476,-1.992989181,0.225151735,1.502229329,-0.111358570
-1.663400414,-0.565425708,0.568777462,-1.992853792,0.225061440,1.502019123,-0.111030199
-1.663337724,-0.565517968,0.568777447,-1.992718367,0.224971144,1.501808882,-0.110701566
-1.663274243,-0.565610263,0.568777433,-1.992582906,0.224880845,1.501598606,-0.110372671
-1.663209973,-0.565702593,0.568777419,-1.992447410,0.224790544,1.501388295,-0.110043513
-1.663144912,-0.565794958,0.568777405,-1.992311878,0.224700241,1.501177950,-0.109714094
-1.663079062,-0.565887357,0.568777391,-1.992176310,0.224609935,1.500967569,-0.109384412
-1.663012422,-0.565979790,0.568777377,-1.992040708,0.224519628,1.500757154,-0.109054469
-1.662944993,-0.566072259,0.568777362,-1.991905069,0.224429319,1.500546704,-0.108724264
-1.662876776,-0.566164761,0.568777348,-1.991769396,0.224339007,1.500336220,-0.108393798
-1.662807770,-0.566257299,0.568777334,-1.991633687,0.224248694,1.500125701,-0.108063070
-1.662737975,-0.566349870,0.568777320,-1.991497943,0.224158378,1.499915148,-0.107732081
-1.662667393,-0.566442477,0.568777306,-1.991362163,0.224068060,1.499704560,-0.107400832
-1.662596023,-0.566535117,0.568777292,-1.991226348,0.223977741,1.499493938,-0.107069321
-1.662523865,-0.566627792,0.568777277,-1.991090499,0.223887419,1.499283282,-0.106737550
-1.662450921,-0.566720501,0.568777263,-1.990954614,0.223797096,1.499072591,-0.106405518
-1.662377189,-0.566813245,0.568777249,-1.990818694,0.223706770,1.498861866,-0.106073226
-1.662302671,-0.566906022,0.568777235,-1.990682739,0.223616443,1.498651107,-0.105740674
-1.662227367,-0.566998834,0.568777221,-1.990546748,0.223526114,1.498440314,-0.105407862
-1.662151276,-0.567091681,0.568777207,-1.990410723,0.223435783,1.498229487,-0.105074790
-1.662074400,-0.567184561,0.568777192,-1.990274664,0.223345450,1.498018626,-0.104741459
-1.661996739,-0.567277475,0.568777178,-1.990138569,0.223255115,1.497807732,-0.104407868
-1.661918292,-0.567370424,0.568777164,-1.990002439,0.223164779,1.497596803,-0.104074018
-1.661839061,-0.567463407,0.568777150,-1.989866275,0.223074441,1.497385841,-0.103739909
-1.661759045,-0.567556423,0.568777136,-1.989730076,0.222984101,1.497174845,-0.103405540
-1.661678244,-0.567649474,0.568777121,-1.989593842,0.222893759,1.496963816,-0.103070913
-1.661596660,-0.567742558,0.568777107,-1.989457574,0.222803415,1.496752752,-0.102736028
-1.661514292,-0.567835677,0.568777093,-1.989321271,0.222713070,1.496541656,-0.102400884
-1.661431141,-0.567928829,0.568777079,-1.989184933,0.222622724,1.496330526,-0.102065481
-1.661347207,-0.568022015,0.568777065,-1.989048561,0.222532375,1.496119363,-0.101729821
-1.661262490,-0.568115235,0.568777050,-1.988912155,0.222442025,1.495908166,-0.101393903
-1.661176991,-0.568208489,0.568777036,-1.988775714,0.222351674,1.495696936,-0.101057727
-1.661090710,-0.568301777,0.568777022,-1.988639239,0.222261321,1.495485673,-0.100721293
-1.661003647,-0.568395098,0.568777008,-1.988502730,0.222170966,1.495274377,-0.100384603
-1.660915803,-0.568488453,0.568776994,-1.988366186,0.222080610,1.495063048,-0.100047655
-1.660827177,-0.568581841,0.568776979,-1.988229608,0.221990252,1.494851686,-0.099710450
-1.660737771,-0.568675263,0.568776965,-1.988092996,0.221899893,1.494640291,-0.099372988
-1.660647584,-0.568768719,0.568776951,-1.987956350,0.221809533,1.494428864,-0.099035270
-1.660556617,-0.568862208,0.568776937,-1.987819670,0.221719171,1.494217403,-0.098697295
-1.660464870,-0.568955731,0.568776922,-1.987682956,0.221628807,1.494005910,-0.098359065
-1.660372344,-0.569049287,0.568776908,-1.987546208,0.221538443,1.493794384,-0.098020578
-1.660279039,-0.569142876,0.568776894,-1.987409426,0.221448077,1.493582826,-0.097681835
-1.660184955,-0.569236499,0.568776880,-1.987272610,0.221357709,1.493371235,-0.097342837
-1.660090092,-0.569330155,0.568776866,-1.987135760,0.221267341,1.493159612,-0.097003583
-1.659994451,-0.569423845,0.568776851,-1.986998877,0.221176971,1.492947957,-0.096664074
-1.659898033,-0.569517567,0.568776837,-1.986861960,0.221086600,1.492736269,-0.096324310
-1.659800837,-0.569611323,0.568776823,-1.986725009,0.220996227,1.492524549,-0.095984291
-1.659702864,-0.569705112,0.568776809,-1.986588025,0.220905854,1.492312797,-0.095644018
-1.659604114,-0.569798934,0.568776794,-1.986451007,0.220815479,1.492101013,-0.095303490
-1.659504588,-0.569892790,0.568776780,-1.986313955,0.220725103,1.491889197,-0.094962707
-1.659404285,-0.569986678,0.568776766,-1.986176871,0.220634726,1.491677349,-0.094621671
-1.659303207,-0.570080599,0.568776752,-1.986039752,0.220544348,1.491465470,-0.094280381
-1.659201354,-0.570174553,0.568776737,-1.985902601,0.220453969,1.491253558,-0.093938837
-1.659098726,-0.570268541,0.568776723,-1.985765416,0.220363589,1.491041615,-0.093597040
-1.658995323,-0.570362561,0.568776709,-1.985628198,0.220273208,1.490829640,-0.093254990
-1.658891145,-0.570456614,0.568776695,-1.985490947,0.220182826,1.490617634,-0.092912686
-1.658786194,-0.570550699,0.568776680,-1.985353662,0.220092443,1.490405596,-0.092570130
-1.658680470,-0.570644818,0.568776666,-1.985216345,0.220002059,1.490193527,-0.092227321
-1.658573972,-0.570738969,0.568776652,-1.985078995,0.219911674,1.489981427,-0.091884260
-1.658466701,-0.570833153,0.568776638,-1.984941611,0.219821288,1.489769295,-0.091540946
-1.658358658,-0.570927369,0.568776623,-1.984804195,0.219730902,1.489557133,-0.091197381
-1.658249843,-0.571021618,0.568776609,-1.984666746,0.219640514,1.489344939,-0.090853563
-1.658140256,-0.571115900,0.568776595,-1.984529264,0.219550126,1.489132714,-0.090509494
-1.658029897,-0.571210214,0.568776581,-1.984391749,0.219459737,1.488920458,-0.090165174
-1.657918768,-0.571304561,0.568776566,-1.984254202,0.219369348,1.488708172,-0.089820603
-1.657806868,-0.571398940,0.568776552,-1.984116622,0.219278957,1.488495854,-0.089475781
-1.657694198,-0.571493351,0.568776538,-1.983979009,0.219188566,1.488283506,-0.089130708
-1.657580759,-0.571587795,0.568776524,-1.983841364,0.219098174,1.488071128,-0.088785384
-1.657466549,-0.571682271,0.568776509,-1.983703687,0.219007782,1.487858718,-0.088439811
-1.657351571,-0.571776779,0.568776495,-1.983565977,0.218917389,1.487646279,-0.088093987
-1.657235824,-0.571871319,0.568776481,-1.983428235,0.218826995,1.487433809,-0.087747914
-1.657119309,-0.571965892,0.568776467,-1.983290460,0.218736601,1.487221308,-0.087401591
-1.657002026,-0.572060497,0.568776452,-1.983152653,0.218646207,1.487008778,-0.087055018
-1.656883976,-0.572155134,0.568776438,-1.983014814,0.218555812,1.486796217,-0.086708196
-1.656765158,-0.572249802,0.568776424,-1.982876943,0.218465416,1.486583627,-0.086361126
-1.656645574,-0.572344503,0.568776409,-1.982739040,0.218375020,1.486371006,-0.086013807
-1.656525224,-0.572439236,0.568776395,-1.982601105,0.218284624,1.486158355,-0.085666239
-1.656404107,-0.572534001,0.568776381,-1.982463138,0.218194227,1.485945675,-0.085318423
-1.656282226,-0.572628797,0.568776367,-1.982325139,0.218103830,1.485732965,-0.084970359
-1.656159579,-0.572723625,0.568776352,-1.982187109,0.218013432,1.485520225,-0.084622047
-1.656036167,-0.572818485,0.568776338,-1.982049046,0.217923035,1.485307456,-0.084273488
-1.655911992,-0.572913377,0.568776324,-1.981910952,0.217832637,1.485094657,-0.083924681
-1.655787052,-0.573008300,0.568776309,-1.981772826,0.217742239,1.484881829,-0.083575628
-1.655661349,-0.573103255,0.568776295,-1.981634669,0.217651840,1.484668972,-0.083226327
-1.655534883,-0.573198242,0.568776281,-1.981496480,0.217561442,1.484456085,-0.082876780
-1.655407654,-0.573293260,0.568776267,-1.981358260,0.217471043,1.484243169,-0.082526987
-1.655279664,-0.573388310,0.568776252,-1.981220008,0.217380644,1.484030224,-0.082176947
-1.655150911,-0.573483391,0.568776238,-1.981081725,0.217290245,1.483817250,-0.081826661
-1.655021397,-0.573578503,0.568776224,-1.980943410,0.217199847,1.483604248,-0.081476130
-1.654891123,-0.573673647,0.568776209,-1.980805065,0.217109448,1.483391216,-0.081125353
-1.654760087,-0.573768822,0.568776195,-1.980666688,0.217019049,1.483178156,-0.080774332
-1.654628292,-0.573864028,0.568776181,-1.980528280,0.216928650,1.482965067,-0.080423065
-1.654495737,-0.573959265,0.568776167,-1.980389842,0.216838251,1.482751950,-0.080071553
-1.654362423,-0.574054534,0.568776152,-1.980251372,0.216747852,1.482538804,-0.079719797
-1.654228350,-0.574149834,0.568776138,-1.980112871,0.216657454,1.482325629,-0.079367797
-1.654093519,-0.574245164,0.568776124,-1.979974340,0.216567056,1.482112427,-0.079015553
-1.653957930,-0.574340526,0.568776109,-1.979835778,0.216476657,1.481899196,-0.078663065
-1.653821584,-0.574435919,0.568776095,-1.979697185,0.216386259,1.481685937,-0.078310334
-1.653684480,-0.574531342,0.568776081,-1.979558561,0.216295862,1.481472651,-0.077957360
-1.653546620,-0.574626797,0.568776066,-1.979419907,0.216205464,1.481259336,-0.077604142
-1.653408004,-0.574722282,0.568776052,-1.979281222,0.216115067,1.481045993,-0.077250682
-1.653268632,-0.574817798,0.568776038,-1.979142507,0.216024671,1.480832623,-0.076896979
-1.653128505,-0.574913344,0.568776023,-1.979003762,0.215934274,1.480619225,-0.076543034
-1.652987624,-0.575008922,0.568776009,-1.978864986,0.215843878,1.480405799,-0.076188847
-1.652845988,-0.575104530,0.568775995,-1.978726180,0.215753483,1.480192346,-0.075834419
-1.652703598,-0.575200168,0.568775980,-1.978587343,0.215663088,1.479978866,-0.075479749
-1.652560454,-0.575295837,0.568775966,-1.978448477,0.215572694,1.479765358,-0.075124837
-1.652416558,-0.575391536,0.568775952,-1.978309581,0.215482300,1.479551823,-0.074769685
-1.652271909,-0.575487266,0.568775938,-1.978170654,0.215391906,1.479338261,-0.074414292
-1.652126508,-0.575583026,0.568775923,-1.978031698,0.215301514,1.479124672,-0.074058659
-1.651980356,-0.575678817,0.568775909,-1.977892712,0.215211122,1.478911056,-0.073702786
-1.651833452,-0.575774637,0.568775895,-1.977753696,0.215120730,1.478697413,-0.073346672
-1.651685798,-0.575870488,0.568775880,-1.977614650,0.215030339,1.478483743,-0.072990319
-1.651537394,-0.575966369,0.568775866,-1.977475574,0.214939949,1.478270047,-0.072633727
-1.651388240,-0.576062280,0.568775852,-1.977336469,0.214849560,1.478056324,-0.072276895
-1.651238336,-0.576158222,0.568775837,-1.977197335,0.214759172,1.477842575,-0.071919825
-1.651087684,-0.576254193,0.568775823,-1.977058171,0.214668784,1.477628799,-0.071562516
-1.650936284,-0.576350194,0.568775809,-1.976918978,0.214578398,1.477414997,-0.071204969
-1.650784136,-0.576446225,0.568775794,-1.976779755,0.214488012,1.477201169,-0.070847183
-1.650631240,-0.576542285,0.568775780,-1.976640503,0.214397627,1.476987315,-0.070489160
-1.650477598,-0.576638376,0.568775766,-1.976501222,0.214307243,1.476773435,-0.070130900
-1.650323209,-0.576734496,0.568775751,-1.976361912,0.214216861,1.476559528,-0.069772402
-1.650168074,-0.576830646,0.568775737,-1.976222573,0.214126479,1.476345597,-0.069413667
-1.650012194,-0.576926826,0.568775722,-1.976083205,0.214036098,1.476131639,-0.069054695
-1.649855569,-0.577023035,0.568775708,-1.975943808,0.213945718,1.475917656,-0.068695488
-1.649698200,-0.577119273,0.568775694,-1.975804382,0.213855340,1.475703647,-0.068336043
-1.649540087,-0.577215541,0.568775679,-1.975664927,0.213764963,1.475489613,-0.067976363
-1.649381230,-0.577311839,0.568775665,-1.975525444,0.213674587,1.475275553,-0.067616448
-1.649221630,-0.577408165,0.568775651,-1.975385932,0.213584212,1.475061469,-0.067256297
-1.649061288,-0.577504521,0.568775636,-1.975246391,0.213493838,1.474847359,-0.066895911
-1.648900204,-0.577600907,0.568775622,-1.975106822,0.213403466,1.474633224,-0.066535290
-1.648738379,-0.577697321,0.568775608,-1.974967225,0.213313095,1.474419064,-0.066174435
-1.648575812,-0.577793765,0.568775593,-1.974827599,0.213222726,1.474204880,-0.065813345
-1.648412505,-0.577890237,0.568775579,-1.974687945,0.213132358,1.473990670,-0.065452022
-1.648248458,-0.577986739,0.568775565,-1.974548263,0.213041991,1.473776436,-0.065090465
-1.648083672,-0.578083270,0.568775550,-1.974408553,0.212951626,1.473562178,-0.064728674
-1.647918147,-0.578179829,0.568775536,-1.974268814,0.212861262,1.473347895,-0.064366651
-1.647751883,-0.578276418,0.568775522,-1.974129048,0.212770900,1.473133588,-0.064004395
-1.647584881,-0.578373035,0.568775507,-1.973989254,0.212680540,1.472919256,-0.063641906
-1.647417142,-0.578469681,0.568775493,-1.973849432,0.212590181,1.472704901,-0.063279185
-1.647248666,-0.578566355,0.568775478,-1.973709582,0.212499824,1.472490521,-0.062916232
-1.647079454,-0.578663058,0.568775464,-1.973569705,0.212409468,1.472276118,-0.062553047
-1.646909506,-0.578759790,0.568775450,-1.973429800,0.212319114,1.472061690,-0.062189631
-1.646738822,-0.578856550,0.568775435,-1.973289867,0.212228762,1.471847239,-0.061825984
-1.646567404,-0.578953339,0.568775421,-1.973149907,0.212138412,1.471632764,-0.061462106
-1.646395251,-0.579050156,0.568775407,-1.973009920,0.212048064,1.471418266,-0.061097998
-1.646222365,-0.579147002,0.568775392,-1.972869905,0.211957718,1.471203745,-0.060733659
-1.646048746,-0.579243875,0.568775378,-1.972729863,0.211867373,1.470989200,-0.060369091
-1.645874393,-0.579340777,0.568775363,-1.972589794,0.211777030,1.470774632,-0.060004293
-1.645699309,-0.579437707,0.568775349,-1.972449698,0.211686690,1.470560040,-0.059639265
-1.645523493,-0.579534666,0.568775335,-1.972309575,0.211596351,1.470345426,-0.059274009
-1.645346945,-0.579631652,0.568775320,-1.972169424,0.211506015,1.470130789,-0.058908524
-1.645169668,-0.579728666,0.568775306,-1.972029247,0.211415680,1.469916129,-0.058542810
-1.644991660,-0.579825708,0.568775292,-1.971889044,0.211325348,1.469701447,-0.058176868
-1.644812922,-0.579922778,0.568775277,-1.971748813,0.211235018,1.469486741,-0.057810699
-1.644633456,-0.580019876,0.568775263,-1.971608556,0.211144690,1.469272014,-0.057444302
-1.644453261,-0.580117001,0.568775248,-1.971468273,0.211054365,1.469057264,-0.057077678
-1.644272339,-0.580214155,0.568775234,-1.971327962,0.210964041,1.468842492,-0.056710826
-1.644090689,-0.580311336,0.568775220,-1.971187626,0.210873720,1.468627697,-0.056343749
-1.643908312,-0.580408544,0.568775205,-1.971047263,0.210783402,1.468412881,-0.055976445
-1.643725209,-0.580505780,0.568775191,-1.970906874,0.210693085,1.468198042,-0.055608914
-1.643541381,-0.580603043,0.568775177,-1.970766459,0.210602772,1.467983182,-0.055241159
-1.643356827,-0.580700334,0.568775162,-1.970626018,0.210512460,1.467768300,-0.054873177
-1.643171548,-0.580797652,0.568775148,-1.970485550,0.210422151,1.467553397,-0.054504971
-1.642985546,-0.580894998,0.568775133,-1.970345057,0.210331845,1.467338472,-0.054136540
-1.642798820,-0.580992370,0.568775119,-1.970204538,0.210241541,1.467123525,-0.053767885
-1.642611371,-0.581089770,0.568775105,-1.970063993,0.210151240,1.466908557,-0.053399005
-1.642423200,-0.581187197,0.568775090,-1.969923423,0.210060942,1.466693568,-0.053029901
-1.642234307,-0.581284651,0.568775076,-1.969782827,0.209970646,1.466478558,-0.052660574
-1.642044693,-0.581382132,0.568775061,-1.969642205,0.209880353,1.466263527,-0.052291024
-1.641854358,-0.581479639,0.568775047,-1.969501558,0.209790063,1.466048476,-0.051921251
-1.641663303,-0.581577174,0.568775033,-1.969360885,0.209699775,1.465833403,-0.051551255
-1.641471529,-0.581674735,0.568775018,-1.969220188,0.209609491,1.465618310,-0.051181037
-1.641279035,-0.581772323,0.568775004,-1.969079465,0.209519209,1.465403196,-0.050810597
-1.641085824,-0.581869938,0.568774989,-1.968938716,0.209428930,1.465188062,-0.050439935
-1.640891894,-0.581967579,0.568774975,-1.968797943,0.209338655,1.464972908,-0.050069052
-1.640697247,-0.582065247,0.568774961,-1.968657145,0.209248382,1.464757733,-0.049697948
-1.640501884,-0.582162942,0.568774946,-1.968516322,0.209158112,1.464542538,-0.049326623
-1.640305804,-0.582260662,0.568774932,-1.968375474,0.209067846,1.464327324,-0.048955078
-1.640109009,-0.582358409,0.568774917,-1.968234602,0.208977582,1.464112089,-0.048583313
-1.639911499,-0.582456183,0.568774903,-1.968093705,0.208887322,1.463896835,-0.048211328
-1.639713275,-0.582553982,0.568774889,-1.967952783,0.208797065,1.463681561,-0.047839123
-1.639514337,-0.582651808,0.568774874,-1.967811837,0.208706811,1.463466268,-0.047466700
-1.639314685,-0.582749660,0.568774860,-1.967670866,0.208616560,1.463250955,-0.047094058
-1.639114321,-0.582847538,0.568774845,-1.967529871,0.208526313,1.463035623,-0.046721197
-1.638913245,-0.582945442,0.568774831,-1.967388852,0.208436069,1.462820272,-0.046348118
-1.638711458,-0.583043371,0.568774817,-1.967247809,0.208345829,1.462604901,-0.045974822
-1.638508960,-0.583141327,0.568774802,-1.967106741,0.208255592,1.462389512,-0.045601308
-1.638305752,-0.583239308,0.568774788,-1.966965650,0.208165358,1.462174104,-0.045227577
-1.638101834,-0.583337315,0.568774773,-1.966824535,0.208075128,1.461958677,-0.044853629
-1.637897207,-0.583435348,0.568774759,-1.966683396,0.207984902,1.461743232,-0.044479465
-1.637691871,-0.583533406,0.568774744,-1.966542233,0.207894679,1.461527768,-0.044105084
-1.637485828,-0.583631490,0.568774730,-1.966401046,0.207804459,1.461312286,-0.043730488
-1.637279078,-0.583729599,0.568774716,-1.966259836,0.207714244,1.461096786,-0.043355676
-1.637071621,-0.583827734,0.568774701,-1.966118603,0.207624032,1.460881267,-0.042980649
-1.636863458,-0.583925894,0.568774687,-1.965977346,0.207533824,1.460665730,-0.042605408
-1.636654589,-0.584024079,0.568774672,-1.965836066,0.207443620,1.460450176,-0.042229951
-1.636445016,-0.584122289,0.568774658,-1.965694762,0.207353419,1.460234604,-0.041854281
-1.636234738,-0.584220525,0.568774644,-1.965553436,0.207263223,1.460019014,-0.041478397
-1.636023757,-0.584318785,0.568774629,-1.965412086,0.207173030,1.459803406,-0.041102299
-1.635812073,-0.584417071,0.568774615,-1.965270714,0.207082842,1.459587781,-0.040725989
-1.635599687,-0.584515381,0.568774600,-1.965129318,0.206992657,1.459372139,-0.040349465
-1.635386599,-0.584613716,0.568774586,-1.964987900,0.206902477,1.459156479,-0.039972729
-1.635172809,-0.584712076,0.568774571,-1.964846459,0.206812300,1.458940803,-0.039595781
-1.634958320,-0.584810461,0.568774557,-1.964704996,0.206722128,1.458725110,-0.039218622
-1.634743130,-0.584908871,0.568774543,-1.964563510,0.206631960,1.458509399,-0.038841251
-1.634527241,-0.585007305,0.568774528,-1.964422001,0.206541796,1.458293672,-0.038463668
-1.634310653,-0.585105763,0.568774514,-1.964280470,0.206451636,1.458077929,-0.038085875
-1.634093368,-0.585204246,0.568774499,-1.964138917,0.206361481,1.457862169,-0.037707872
-1.633875385,-0.585302754,0.568774485,-1.963997342,0.206271330,1.457646392,-0.037329659
-1.633656705,-0.585401285,0.568774470,-1.963855744,0.206181184,1.457430599,-0.036951236
-1.633437329,-0.585499841,0.568774456,-1.963714125,0.206091041,1.457214791,-0.036572603
-1.633217258,-0.585598421,0.568774442,-1.963572483,0.206000904,1.456998966,-0.036193762
-1.632996492,-0.585697026,0.568774427,-1.963430820,0.205910771,1.456783125,-0.035814712
-1.632775031,-0.585795654,0.568774413,-1.963289135,0.205820642,1.456567269,-0.035435453
-1.632552877,-0.585894306,0.568774398,-1.963147429,0.205730518,1.456351397,-0.035055987
-1.632330030,-0.585992982,0.568774384,-1.963005700,0.205640399,1.456135509,-0.034676313
-1.632106491,-0.586091682,0.568774369,-1.962863951,0.205550284,1.455919606,-0.034296432
-1.631882260,-0.586190406,0.568774355,-1.962722180,0.205460174,1.455703688,-0.033916344
-1.631657338,-0.586289154,0.568774341,-1.962580387,0.205370069,1.455487755,-0.033536049
-1.631431725,-0.586387925,0.568774326,-1.962438574,0.205279969,1.455271807,-0.033155548
-1.631205423,-0.586486719,0.568774312,-1.962296739,0.205189873,1.455055844,-0.032774842
-1.630978432,-0.586585538,0.568774297,-1.962154884,0.205099783,1.454839866,-0.032393930
-1.630750752,-0.586684379,0.568774283,-1.962013007,0.205009697,1.454623873,-0.032012813
-1.630522385,-0.586783244,0.568774268,-1.961871109,0.204919616,1.454407866,-0.031631491
-1.630293330,-0.586882132,0.568774254,-1.961729191,0.204829541,1.454191844,-0.031249964
-1.630063589,-0.586981044,0.568774240,-1.961587252,0.204739470,1.453975809,-0.030868234
-1.629833162,-0.587079978,0.568774225,-1.961445293,0.204649405,1.453759759,-0.030486300
-1.629602050,-0.587178936,0.568774211,-1.961303313,0.204559345,1.453543695,-0.030104162
-1.629370253,-0.587277917,0.568774196,-1.961161312,0.204469290,1.453327617,-0.029721822
-1.629137772,-0.587376920,0.568774182,-1.961019292,0.204379240,1.453111525,-0.029339279
-1.628904608,-0.587475947,0.568774167,-1.960877251,0.204289195,1.452895420,-0.028956534
-1.628670762,-0.587574996,0.568774153,-1.960735190,0.204199156,1.452679301,-0.028573587
-1.628436234,-0.587674068,0.568774138,-1.960593109,0.204109122,1.452463169,-0.028190438
-1.628201024,-0.587773163,0.568774124,-1.960451008,0.204019094,1.452247024,-0.027807088
-1.627965134,-0.587872280,0.568774110,-1.960308887,0.203929071,1.452030865,-0.027423538
-1.627728564,-0.587971420,0.568774095,-1.960166747,0.203839054,1.451814694,-0.027039787
-1.627491315,-0.588070582,0.568774081,-1.960024586,0.203749042,1.451598509,-0.026655836
-1.627253387,-0.588169766,0.568774066,-1.959882407,0.203659036,1.451382312,-0.026271685
-1.627014781,-0.588268973,0.568774052,-1.959740207,0.203569035,1.451166102,-0.025887335
-1.626775498,-0.588368202,0.568774037,-1.959597989,0.203479040,1.450949880,-0.025502786
-1.626535539,-0.588467453,0.568774023,-1.959455751,0.203389051,1.450733645,-0.025118039
-1.626294904,-0.588566727,0.568774009,-1.959313494,0.203299068,1.450517398,-0.024733093
-1.626053593,-0.588666022,0.568773994,-1.959171217,0.203209090,1.450301139,-0.024347950
-1.625811608,-0.588765339,0.568773980,-1.959028922,0.203119119,1.450084868,-0.023962609
-1.625568949,-0.588864678,0.568773965,-1.958886608,0.203029153,1.449868585,-0.023577071
-1.625325617,-0.588964039,0.568773951,-1.958744275,0.202939193,1.449652291,-0.023191336
-1.625081613,-0.589063421,0.568773936,-1.958601924,0.202849239,1.449435985,-0.022805405
-1.624836937,-0.589162826,0.568773922,-1.958459553,0.202759292,1.449219667,-0.022419278
-1.624591589,-0.589262251,0.568773907,-1.958317164,0.202669350,1.449003338,-0.022032955
-1.624345572,-0.589361699,0.568773893,-1.958174757,0.202579415,1.448786998,-0.021646437
-1.624098884,-0.589461167,0.568773879,-1.958032332,0.202489485,1.448570647,-0.021259725
-1.623851528,-0.589560657,0.568773864,-1.957889888,0.202399562,1.448354284,-0.020872818
-1.623603503,-0.589660168,0.568773850,-1.957747426,0.202309645,1.448137911,-0.020485716
-1.623354811,-0.589759701,0.568773835,-1.957604946,0.202219735,1.447921528,-0.020098421
-1.623105451,-0.589859254,0.568773821,-1.957462448,0.202129831,1.447705133,-0.019710933
-1.622855426,-0.589958829,0.568773806,-1.957319932,0.202039933,1.447488729,-0.019323252
-1.622604734,-0.590058425,0.568773792,-1.957177398,0.201950042,1.447272314,-0.018935379
-1.622353378,-0.590158041,0.568773777,-1.957034847,0.201860157,1.447055889,-0.018547313
-1.622101358,-0.590257679,0.568773763,-1.956892278,0.201770279,1.446839454,-0.018159055
-1.621848675,-0.590357337,0.568773748,-1.956749692,0.201680408,1.446623009,-0.017770606
-1.621595328,-0.590457015,0.568773734,-1.956607088,0.201590543,1.446406554,-0.017381966
-1.621341320,-0.590556715,0.568773720,-1.956464467,0.201500685,1.446190090,-0.016993135
-1.621086650,-0.590656435,0.568773705,-1.956321829,0.201410833,1.445973616,-0.016604115
-1.620831320,-0.590756175,0.568773691,-1.956179173,0.201320989,1.445757133,-0.016214904
-1.620575329,-0.590855936,0.568773676,-1.956036501,0.201231151,1.445540641,-0.015825504
-1.620318680,-0.590955717,0.568773662,-1.955893812,0.201141320,1.445324139,-0.015435914
-1.620061372,-0.591055518,0.568773647,-1.955751106,0.201051496,1.445107629,-0.015046136
-1.619803406,-0.591155339,0.568773633,-1.955608383,0.200961679,1.444891110,-0.014656170
-1.619544783,-0.591255181,0.568773618,-1.955465644,0.200871869,1.444674582,-0.014266016
-1.619285504,-0.591355042,0.568773604,-1.955322888,0.200782066,1.444458045,-0.013875674
-1.619025569,-0.591454923,0.568773590,-1.955180116,0.200692270,1.444241500,-0.013485145
-1.618764979,-0.591554825,0.568773575,-1.955037327,0.200602481,1.444024947,-0.013094430
-1.618503735,-0.591654746,0.568773561,-1.954894523,0.200512700,1.443808386,-0.012703528
-1.618241837,-0.591754686,0.568773546,-1.954751702,0.200422926,1.443591817,-0.012312440
-1.617979287,-0.591854646,0.568773532,-1.954608865,0.200333159,1.443375240,-0.011921167
-1.617716084,-0.591954626,0.568773517,-1.954466012,0.200243399,1.443158655,-0.011529708
-1.617452231,-0.592054625,0.568773503,-1.954323144,0.200153647,1.442942063,-0.011138065
-1.617187726,-0.592154644,0.568773488,-1.954180260,0.200063903,1.442725463,-0.010746237
-1.616922572,-0.592254682,0.568773474,-1.954037360,0.199974165,1.442508856,-0.010354226
-1.616656769,-0.592354739,0.568773459,-1.953894445,0.199884436,1.442292241,-0.009962031
-1.616390317,-0.592454815,0.568773445,-1.953751514,0.199794714,1.442075620,-0.009569652
-1.616123218,-0.592554911,0.568773431,-1.953608568,0.199704999,1.441858992,-0.009177091
-1.615855472,-0.592655025,0.568773416,-1.953465607,0.199615292,1.441642357,-0.008784348
-1.615587079,-0.592755158,0.568773402,-1.953322630,0.199525593,1.441425715,-0.008391422
-1.615318041,-0.592855311,0.568773387,-1.953179639,0.199435902,1.441209067,-0.007998315
-1.615048359,-0.592955481,0.568773373,-1.953036633,0.199346219,1.440992413,-0.007605027
-1.614778032,-0.593055671,0.568773358,-1.952893612,0.199256543,1.440775752,-0.007211558
-1.614507062,-0.593155879,0.568773344,-1.952750576,0.199166876,1.440559085,-0.006817909
-1.614235450,-0.593256106,0.568773329,-1.952607526,0.199077216,1.440342412,-0.006424080
-1.613963195,-0.593356351,0.568773315,-1.952464461,0.198987565,1.440125734,-0.006030071
-1.613690300,-0.593456614,0.568773300,-1.952321382,0.198897921,1.439909050,-0.005635883
-1.613416765,-0.593556896,0.568773286,-1.952178288,0.198808286,1.439692360,-0.005241517
-1.613142590,-0.593657196,0.568773272,-1.952035180,0.198718658,1.439475665,-0.004846972
-1.612867776,-0.593757514,0.568773257,-1.951892059,0.198629040,1.439258965,-0.004452249
-1.612592324,-0.593857850,0.568773243,-1.951748923,0.198539429,1.439042260,-0.004057348
-1.612316235,-0.593958205,0.568773228,-1.951605773,0.198449826,1.438825550,-0.003662271
-1.612039509,-0.594058577,0.568773214,-1.951462610,0.198360232,1.438608835,-0.003267017
-1.611762148,-0.594158966,0.568773199,-1.951319433,0.198270647,1.438392115,-0.002871586
-1.611484151,-0.594259374,0.568773185,-1.951176242,0.198181070,1.438175391,-0.002475980
-1.611205521,-0.594359799,0.568773170,-1.951033038,0.198091501,1.437958662,-0.002080198
-1.610926256,-0.594460242,0.568773156,-1.950889820,0.198001941,1.437741929,-0.001684241
-1.610646359,-0.594560702,0.568773141,-1.950746590,0.197912389,1.437525192,-0.001288110
-1.610365830,-0.594661180,0.568773127,-1.950603346,0.197822847,1.437308451,-0.000891804
-1.610084670,-0.594761675,0.568773113,-1.950460089,0.197733312,1.437091707,-0.000495325
-1.609802879,-0.594862187,0.568773098,-1.950316819,0.197643787,1.436874958,-0.000098672
-1.609520459,-0.594962717,0.568773084,-1.950173536,0.197554271,1.436658206,0.000298154
-1.609237409,-0.595063263,0.568773069,-1.950030240,0.197464763,1.436441451,0.000695152
-1.608953732,-0.595163827,0.568773055,-1.949886932,0.197375264,1.436224693,0.001092323
-1.608669427,-0.595264407,0.568773040,-1.949743612,0.197285774,1.436007931,0.001489665
-1.608384495,-0.595365004,0.568773026,-1.949600278,0.197196294,1.435791167,0.001887178
-1.608098938,-0.595465618,0.568773011,-1.949456933,0.197106822,1.435574399,0.002284863
-1.607812755,-0.595566249,0.568772997,-1.949313575,0.197017359,1.435357629,0.002682718
-1.607525948,-0.595666896,0.568772983,-1.949170206,0.196927906,1.435140857,0.003080743
-1.607238518,-0.595767560,0.568772968,-1.949026824,0.196838462,1.434924082,0.003478937
-1.606950465,-0.595868240,0.568772954,-1.948883430,0.196749027,1.434707305,0.003877301
-1.606661789,-0.595968937,0.568772939,-1.948740025,0.196659601,1.434490526,0.004275834
-1.606372493,-0.596069650,0.568772925,-1.948596608,0.196570185,1.434273744,0.004674534
-1.606082576,-0.596170379,0.568772910,-1.948453179,0.196480778,1.434056961,0.005073403
-1.605792039,-0.596271124,0.568772896,-1.948309739,0.196391380,1.433840177,0.005472440
-1.605500884,-0.596371885,0.568772881,-1.948166287,0.196301992,1.433623391,0.005871643
-1.605209110,-0.596472663,0.568772867,-1.948022824,0.196212614,1.433406603,0.006271013
-1.604916719,-0.596573456,0.568772853,-1.947879350,0.196123245,1.433189815,0.006670549
-1.604623712,-0.596674264,0.568772838,-1.947735865,0.196033886,1.432973025,0.007070251
-1.604330089,-0.596775089,0.568772824,-1.947592369,0.195944537,1.432756235,0.007470119
-1.604035850,-0.596875929,0.568772809,-1.947448862,0.195855197,1.432539443,0.007870151
-1.603740998,-0.596976785,0.568772795,-1.947305345,0.195765867,1.432322651,0.008270348
-1.603445532,-0.597077656,0.568772780,-1.947161817,0.195676547,1.432105859,0.008670709
-1.603149454,-0.597178542,0.568772766,-1.947018278,0.195587237,1.431889066,0.009071234
-1.602852764,-0.597279444,0.568772751,-1.946874729,0.195497937,1.431672273,0.009471922
-1.602555463,-0.597380361,0.568772737,-1.946731170,0.195408647,1.431455480,0.009872773
-1.602257551,-0.597481293,0.568772723,-1.946587600,0.195319367,1.431238688,0.010273786
-1.601959030,-0.597582240,0.568772708,-1.946444021,0.195230098,1.431021895,0.010674961
-1.601659901,-0.597683202,0.568772694,-1.946300431,0.195140838,1.430805103,0.011076297
-1.601360164,-0.597784179,0.568772679,-1.946156832,0.195051589,1.430588311,0.011477795
-1.601059820,-0.597885170,0.568772665,-1.946013222,0.194962350,1.430371520,0.011879453
-1.600758869,-0.597986177,0.568772650,-1.945869604,0.194873121,1.430154730,0.012281272
-1.600457313,-0.598087198,0.568772636,-1.945725975,0.194783902,1.429937941,0.012683250
-1.600155153,-0.598188233,0.568772621,-1.945582337,0.194694694,1.429721154,0.013085388
-1.599852388,-0.598289283,0.568772607,-1.945438690,0.194605497,1.429504367,0.013487684
-1.599549021,-0.598390347,0.568772593,-1.945295034,0.194516310,1.429287582,0.013890139
-1.599245051,-0.598491426,0.568772578,-1.945151368,0.194427134,1.429070799,0.014292752
-1.598940481,-0.598592518,0.568772564,-1.945007694,0.194337968,1.428854017,0.014695522
-1.598635309,-0.598693625,0.568772549,-1.944864011,0.194248813,1.428637237,0.015098450
-1.598329538,-0.598794746,0.568772535,-1.944720319,0.194159669,1.428420460,0.015501535
-1.598023168,-0.598895880,0.568772520,-1.944576618,0.194070535,1.428203684,0.015904775
-1.597716199,-0.598997029,0.568772506,-1.944432909,0.193981413,1.427986911,0.016308172
-1.597408633,-0.599098191,0.568772491,-1.944289191,0.193892301,1.427770141,0.016711723
-1.597100471,-0.599199367,0.568772477,-1.944145465,0.193803200,1.427553373,0.017115430
-1.596791713,-0.599300557,0.568772463,-1.944001731,0.193714110,1.427336608,0.017519291
-1.596482360,-0.599401760,0.568772448,-1.943857988,0.193625032,1.427119846,0.017923307
-1.596172413,-0.599502976,0.568772434,-1.943714238,0.193535964,1.426903087,0.018327476
-1.595861873,-0.599604206,0.568772419,-1.943570480,0.193446908,1.426686331,0.018731798
-1.595550741,-0.599705449,0.568772405,-1.943426714,0.193357863,1.426469579,0.019136273
-1.595239017,-0.599806705,0.568772390,-1.943282940,0.193268829,1.426252830,0.019540900
-1.594926702,-0.599907975,0.568772376,-1.943139159,0.193179806,1.426036085,0.019945679
-1.594613797,-0.600009257,0.568772362,-1.942995370,0.193090795,1.425819344,0.020350609
-1.594300303,-0.600110552,0.568772347,-1.942851574,0.193001795,1.425602608,0.020755690
-1.593986220,-0.600211860,0.568772333,-1.942707771,0.192912807,1.425385875,0.021160922
-1.593671551,-0.600313181,0.568772318,-1.942563961,0.192823830,1.425169146,0.021566304
-1.593356294,-0.600414514,0.568772304,-1.942420143,0.192734865,1.424952422,0.021971835
-1.593040452,-0.600515860,0.568772289,-1.942276319,0.192645911,1.424735703,0.022377515
-1.592724025,-0.600617218,0.568772275,-1.942132488,0.192556970,1.424518989,0.022783345
-1.592407013,-0.600718589,0.568772261,-1.941988651,0.192468039,1.424302279,0.023189322
-1.592089418,-0.600819972,0.568772246,-1.941844807,0.192379121,1.424085575,0.023595447
-1.591771241,-0.600921367,0.568772232,-1.941700956,0.192290215,1.423868876,0.024001720
-1.591452482,-0.601022774,0.568772217,-1.941557099,0.192201320,1.423652182,0.024408139
-1.591133143,-0.601124193,0.568772203,-1.941413236,0.192112438,1.423435494,0.024814705
-1.590813223,-0.601225625,0.568772188,-1.941269367,0.192023567,1.423218812,0.025221417
-1.590492724,-0.601327068,0.568772174,-1.941125492,0.191934709,1.423002135,0.025628274
-1.590171647,-0.601428522,0.568772160,-1.940981611,0.191845862,1.422785465,0.026035277
-1.589849993,-0.601529989,0.568772145,-1.940837724,0.191757028,1.422568801,0.026442424
-1.589527761,-0.601631467,0.568772131,-1.940693832,0.191668206,1.422352143,0.026849715
-1.589204955,-0.601732957,0.568772116,-1.940549934,0.191579397,1.422135492,0.027257150
-1.588881573,-0.601834458,0.568772102,-1.940406031,0.191490599,1.421918847,0.027664728
-1.588557617,-0.601935970,0.568772088,-1.940262122,0.191401815,1.421702209,0.028072449
-1.588233088,-0.602037493,0.568772073,-1.940118208,0.191313042,1.421485579,0.028480312
-1.587907986,-0.602139028,0.568772059,-1.939974289,0.191224282,1.421268955,0.028888317
-1.587582313,-0.602240574,0.568772044,-1.939830366,0.191135535,1.421052339,0.029296464
-1.587256070,-0.602342131,0.568772030,-1.939686437,0.191046800,1.420835730,0.029704751
-1.586929256,-0.602443698,0.568772015,-1.939542504,0.190958078,1.420619129,0.030113179
-1.586601874,-0.602545276,0.568772001,-1.939398566,0.190869369,1.420402535,0.030521747
-1.586273923,-0.602646865,0.568771987,-1.939254623,0.190780672,1.420185950,0.030930455
-1.585945405,-0.602748465,0.568771972,-1.939110677,0.190691988,1.419969372,0.031339302
-1.585616321,-0.602850075,0.568771958,-1.938966726,0.190603317,1.419752803,0.031748287
-1.585286671,-0.602951696,0.568771943,-1.938822770,0.190514659,1.419536242,0.032157411
-1.584956456,-0.603053327,0.568771929,-1.938678811,0.190426014,1.419319690,0.032566672
-1.584625678,-0.603154968,0.568771915,-1.938534848,0.190337383,1.419103146,0.032976070
-1.584294337,-0.603256619,0.568771900,-1.938390881,0.190248764,1.418886612,0.033385606
-1.583962433,-0.603358281,0.568771886,-1.938246911,0.190160158,1.418670086,0.033795277
-1.583629968,-0.603459952,0.568771871,-1.938102937,0.190071566,1.418453570,0.034205085
-1.583296943,-0.603561633,0.568771857,-1.937958959,0.189982986,1.418237063,0.034615028
-1.582963359,-0.603663324,0.568771843,-1.937814978,0.189894421,1.418020565,0.035025105
-1.582629216,-0.603765025,0.568771828,-1.937670994,0.189805868,1.417804077,0.035435318
-1.582294514,-0.603866736,0.568771814,-1.937527007,0.189717329,1.417587599,0.035845664
-1.581959256,-0.603968455,0.568771799,-1.937383016,0.189628804,1.417371131,0.036256144
-1.581623442,-0.604070185,0.568771785,-1.937239023,0.189540292,1.417154673,0.036666756
-1.581287073,-0.604171923,0.568771771,-1.937095028,0.189451793,1.416938226,0.037077502
-1.580950150,-0.604273671,0.568771756,-1.936951029,0.189363308,1.416721789,0.037488379
-1.580612673,-0.604375429,0.568771742,-1.936807028,0.189274837,1.416505362,0.037899389
-1.580274643,-0.604477195,0.568771727,-1.936663025,0.189186380,1.416288947,0.038310529
-1.579936062,-0.604578970,0.568771713,-1.936519019,0.189097937,1.416072542,0.038721800
-1.579596930,-0.604680754,0.568771699,-1.936375011,0.189009507,1.415856148,0.039133201
-1.579257248,-0.604782547,0.568771684,-1.936231002,0.188921091,1.415639766,0.039544732
-1.578917017,-0.604884348,0.568771670,-1.936086990,0.188832690,1.415423395,0.039956393
-1.578576238,-0.604986158,0.568771655,-1.935942976,0.188744302,1.415207036,0.040368182
-1.578234911,-0.605087977,0.568771641,-1.935798961,0.188655929,1.414990689,0.040780099
-1.577893038,-0.605189804,0.568771627,-1.935654944,0.188567569,1.414774353,0.041192145
-1.577550620,-0.605291640,0.568771612,-1.935510926,0.188479224,1.414558030,0.041604317
-1.577207656,-0.605393484,0.568771598,-1.935366906,0.188390893,1.414341719,0.042016617
-1.576864149,-0.605495335,0.568771584,-1.935222885,0.188302577,1.414125420,0.042429043
-1.576520099,-0.605597195,0.568771569,-1.935078863,0.188214274,1.413909134,0.042841595
-1.576175508,-0.605699063,0.568771555,-1.934934841,0.188125987,1.413692860,0.043254273
-1.575830375,-0.605800939,0.568771540,-1.934790817,0.188037713,1.413476599,0.043667075
-1.575484701,-0.605902823,0.568771526,-1.934646792,0.187949455,1.413260352,0.044080003
-1.575138489,-0.606004714,0.568771512,-1.934502767,0.187861210,1.413044118,0.044493054
-1.574791738,-0.606106613,0.568771497,-1.934358742,0.187772981,1.412827897,0.044906228
-1.574444449,-0.606208519,0.568771483,-1.934214716,0.187684766,1.412611689,0.045319526
-1.574096624,-0.606310433,0.568771469,-1.934070689,0.187596566,1.412395496,0.045732947
-1.573748263,-0.606412354,0.568771454,-1.933926663,0.187508381,1.412179316,0.046146489
-1.573399367,-0.606514283,0.568771440,-1.933782637,0.187420211,1.411963150,0.046560153
-1.573049937,-0.606616218,0.568771425,-1.933638610,0.187332055,1.411746999,0.046973939
-1.572699974,-0.606718161,0.568771411,-1.933494584,0.187243915,1.411530862,0.047387845
-1.572349478,-0.606820110,0.568771397,-1.933350558,0.187155790,1.411314739,0.047801871
-1.571998452,-0.606922067,0.568771382,-1.933206533,0.187067680,1.411098631,0.048216017
-1.571646895,-0.607024030,0.568771368,-1.933062508,0.186979585,1.410882538,0.048630282
-1.571294808,-0.607126000,0.568771354,-1.932918484,0.186891505,1.410666460,0.049044666
-1.570942193,-0.607227976,0.568771339,-1.932774461,0.186803440,1.410450397,0.049459169
-1.570589050,-0.607329959,0.568771325,-1.932630439,0.186715391,1.410234350,0.049873789
-1.570235381,-0.607431948,0.568771311,-1.932486417,0.186627357,1.410018318,0.050288526
-1.569881185,-0.607533944,0.568771296,-1.932342397,0.186539339,1.409802302,0.050703380
-1.569526465,-0.607635946,0.568771282,-1.932198379,0.186451336,1.409586301,0.051118351
-1.569171220,-0.607737953,0.568771268,-1.932054361,0.186363349,1.409370317,0.051533437
-1.568815452,-0.607839967,0.568771253,-1.931910346,0.186275377,1.409154349,0.051948639
-1.568459162,-0.607941987,0.568771239,-1.931766331,0.186187421,1.408938397,0.052363955
-1.568102351,-0.608044013,0.568771224,-1.931622319,0.186099481,1.408722462,0.052779386
-1.567745019,-0.608146044,0.568771210,-1.931478309,0.186011557,1.408506543,0.053194931
-1.567387167,-0.608248081,0.568771196,-1.931334300,0.185923648,1.408290641,0.053610589
-1.567028797,-0.608350124,0.568771181,-1.931190294,0.185835755,1.408074756,0.054026360
-1.566669910,-0.608452172,0.568771167,-1.931046290,0.185747879,1.407858889,0.054442244
-1.566310505,-0.608554225,0.568771153,-1.930902288,0.185660018,1.407643039,0.054858239
-1.565950584,-0.608656284,0.568771138,-1.930758289,0.185572173,1.407427206,0.055274346
-1.565590149,-0.608758348,0.568771124,-1.930614293,0.185484345,1.407211391,0.055690564
-1.565229199,-0.608860417,0.568771110,-1.930470299,0.185396533,1.406995594,0.056106893
-1.564867736,-0.608962491,0.568771095,-1.930326308,0.185308737,1.406779814,0.056523331
-1.564505761,-0.609064570,0.568771081,-1.930182321,0.185220957,1.406564053,0.056939879
-1.564143275,-0.609166653,0.568771067,-1.930038336,0.185133194,1.406348311,0.057356536
-1.563780278,-0.609268741,0.568771052,-1.929894355,0.185045447,1.406132587,0.057773301
-1.563416772,-0.609370834,0.568771038,-1.929750376,0.184957716,1.405916881,0.058190174
-1.563052757,-0.609472932,0.568771024,-1.929606402,0.184870003,1.405701195,0.058607155
-1.562688235,-0.609575033,0.568771009,-1.929462431,0.184782305,1.405485527,0.059024243
-1.562323206,-0.609677139,0.568770995,-1.929318464,0.184694625,1.405269879,0.059441437
-1.561957671,-0.609779250,0.568770981,-1.929174501,0.184606961,1.405054250,0.059858737
-1.561591631,-0.609881364,0.568770966,-1.929030541,0.184519314,1.404838640,0.060276143
-1.561225087,-0.609983483,0.568770952,-1.928886586,0.184431683,1.404623050,0.060693654
-1.560858041,-0.610085605,0.568770938,-1.928742635,0.184344070,1.404407480,0.061111269
-1.560490492,-0.610187731,0.568770924,-1.928598688,0.184256473,1.404191930,0.061528989
-1.560122442,-0.610289861,0.568770909,-1.928454746,0.184168894,1.403976401,0.061946811
-1.559753892,-0.610391995,0.568770895,-1.928310809,0.184081331,1.403760891,0.062364737
-1.559384842,-0.610494132,0.568770881,-1.928166876,0.183993786,1.403545403,0.062782766
-1.559015294,-0.610596272,0.568770866,-1.928022948,0.183906258,1.403329935,0.063200896
-1.558645249,-0.610698416,0.568770852,-1.927879025,0.183818747,1.403114487,0.063619128
-1.558274707,-0.610800564,0.568770838,-1.927735107,0.183731254,1.402899061,0.064037461
-1.557903670,-0.610902714,0.568770823,-1.927591194,0.183643777,1.402683656,0.064455895
-1.557532138,-0.611004867,0.568770809,-1.927447287,0.183556319,1.402468273,0.064874429
-1.557160112,-0.611107024,0.568770795,-1.927303385,0.183468877,1.402252911,0.065293062
-1.556787594,-0.611209183,0.568770780,-1.927159489,0.183381454,1.402037570,0.065711794
-1.556414583,-0.611311345,0.568770766,-1.927015598,0.183294047,1.401822252,0.066130625
-1.556041082,-0.611413510,0.568770752,-1.926871714,0.183206659,1.401606956,0.066549553
-1.555667091,-0.611515677,0.568770738,-1.926727835,0.183119288,1.401391682,0.066968579
-1.555292611,-0.611617847,0.568770723,-1.926583962,0.183031935,1.401176430,0.067387703
-1.554917643,-0.611720019,0.568770709,-1.926440096,0.182944600,1.400961201,0.067806922
-1.554542187,-0.611822193,0.568770695,-1.926296236,0.182857282,1.400745995,0.068226238
-1.554166246,-0.611924370,0.568770680,-1.926152382,0.182769983,1.400530811,0.068645649
-1.553789819,-0.612026549,0.568770666,-1.926008535,0.182682701,1.400315651,0.069065156
-1.553412908,-0.612128729,0.568770652,-1.925864695,0.182595438,1.400100514,0.069484756
-1.553035514,-0.612230912,0.568770638,-1.925720862,0.182508193,1.399885401,0.069904451
-1.552657637,-0.612333096,0.568770623,-1.925577035,0.182420966,1.399670311,0.070324239
-1.552279279,-0.612435283,0.568770609,-1.925433216,0.182333757,1.399455244,0.070744120
-1.551900440,-0.612537470,0.568770595,-1.925289404,0.182246566,1.399240202,0.071164094
-1.551521122,-0.612639660,0.568770580,-1.925145599,0.182159394,1.399025184,0.071584160
-1.551141325,-0.612741850,0.568770566,-1.925001802,0.182072240,1.398810190,0.072004317
-1.550761051,-0.612844042,0.568770552,-1.924858012,0.181985105,1.398595221,0.072424565
-1.550380299,-0.612946235,0.568770538,-1.924714230,0.181897988,1.398380276,0.072844903
-1.549999072,-0.613048430,0.568770523,-1.924570456,0.181810890,1.398165356,0.073265331
-1.549617371,-0.613150625,0.568770509,-1.924426690,0.181723810,1.397950461,0.073685849
-1.549235195,-0.613252821,0.568770495,-1.924282932,0.181636750,1.397735592,0.074106456
-1.548852546,-0.613355018,0.568770481,-1.924139182,0.181549707,1.397520747,0.074527151
-1.548469426,-0.613457216,0.568770466,-1.923995441,0.181462684,1.397305928,0.074947933
-1.548085834,-0.613559415,0.568770452,-1.923851708,0.181375680,1.397091135,0.075368804
-1.547701773,-0.613661613,0.568770438,-1.923707984,0.181288694,1.396876368,0.075789761
-1.547317242,-0.613763813,0.568770424,-1.923564268,0.181201728,1.396661626,0.076210804
-1.546932244,-0.613866013,0.568770409,-1.923420561,0.181114781,1.396446911,0.076631934
-1.546546778,-0.613968212,0.568770395,-1.923276864,0.181027853,1.396232222,0.077053148
-1.546160846,-0.614070413,0.568770381,-1.923133175,0.180940944,1.396017560,0.077474448
-1.545774449,-0.614172613,0.568770367,-1.922989496,0.180854054,1.395802924,0.077895831
-1.545387587,-0.614274813,0.568770352,-1.922845826,0.180767183,1.395588316,0.078317299
-1.545000262,-0.614377013,0.568770338,-1.922702165,0.180680332,1.395373734,0.078738849
-1.544612475,-0.614479212,0.568770324,-1.922558515,0.180593501,1.395159180,0.079160483
-1.544224227,-0.614581411,0.568770310,-1.922414874,0.180506688,1.394944653,0.079582199
-1.543835518,-0.614683610,0.568770295,-1.922271242,0.180419896,1.394730153,0.080003996
-1.543446349,-0.614785808,0.568770281,-1.922127621,0.180333123,1.394515682,0.080425875
-1.543056723,-0.614888006,0.568770267,-1.921984010,0.180246369,1.394301238,0.080847834
-1.542666638,-0.614990203,0.568770253,-1.921840409,0.180159636,1.394086823,0.081269874
-1.542276097,-0.615092399,0.568770239,-1.921696819,0.180072922,1.393872435,0.081691993
-1.541885101,-0.615194594,0.568770224,-1.921553239,0.179986228,1.393658076,0.082114191
-1.541493650,-0.615296788,0.568770210,-1.921409670,0.179899554,1.393443746,0.082536468
-1.541101745,-0.615398981,0.568770196,-1.921266112,0.179812899,1.393229445,0.082958823
-1.540709387,-0.615501172,0.568770182,-1.921122564,0.179726265,1.393015173,0.083381255
-1.540316578,-0.615603362,0.568770168,-1.920979028,0.179639651,1.392800929,0.083803765
-1.539923319,-0.615705551,0.568770153,-1.920835502,0.179553057,1.392586715,0.084226351
-1.539529609,-0.615807738,0.568770139,-1.920691988,0.179466483,1.392372531,0.084649014
-1.539135451,-0.615909924,0.568770125,-1.920548486,0.179379930,1.392158376,0.085071751
-1.538740845,-0.616012107,0.568770111,-1.920404995,0.179293397,1.391944251,0.085494564
-1.538345792,-0.616114289,0.568770097,-1.920261515,0.179206884,1.391730157,0.085917451
-1.537950293,-0.616216469,0.568770082,-1.920118048,0.179120392,1.391516092,0.086340412
-1.537554349,-0.616318647,0.568770068,-1.919974592,0.179033920,1.391302058,0.086763447
-1.537157962,-0.616420823,0.568770054,-1.919831149,0.178947469,1.391088054,0.087186554
-1.536761131,-0.616522996,0.568770040,-1.919687717,0.178861038,1.390874081,0.087609734
-1.536363859,-0.616625168,0.568770026,-1.919544298,0.178774628,1.390660139,0.088032986
-1.535966145,-0.616727336,0.568770011,-1.919400892,0.178688239,1.390446228,0.088456309
-1.535567992,-0.616829502,0.568769997,-1.919257498,0.178601871,1.390232349,0.088879702
-1.535169400,-0.616931666,0.568769983,-1.919114117,0.178515523,1.390018500,0.089303166
-1.534770369,-0.617033826,0.568769969,-1.918970748,0.178429197,1.389804684,0.089726700
-1.534370902,-0.617135984,0.568769955,-1.918827393,0.178342891,1.389590899,0.090150303
-1.533970999,-0.617238139,0.568769940,-1.918684050,0.178256607,1.389377146,0.090573975
-1.533570660,-0.617340291,0.568769926,-1.918540721,0.178170343,1.389163426,0.090997715
-1.533169888,-0.617442440,0.568769912,-1.918397406,0.178084101,1.388949737,0.091421523
-1.532768682,-0.617544585,0.568769898,-1.918254103,0.177997880,1.388736081,0.091845398
-1.532367044,-0.617646727,0.568769884,-1.918110815,0.177911680,1.388522458,0.092269339
-1.531964976,-0.617748866,0.568769870,-1.917967540,0.177825502,1.388308868,0.092693347
-1.531562477,-0.617851001,0.568769855,-1.917824279,0.177739345,1.388095311,0.093117420
-1.531159549,-0.617953132,0.568769841,-1.917681032,0.177653209,1.387881787,0.093541558
-1.530756192,-0.618055260,0.568769827,-1.917537799,0.177567095,1.387668296,0.093965760
-1.530352409,-0.618157383,0.568769813,-1.917394580,0.177481003,1.387454839,0.094390027
-1.529948199,-0.618259503,0.568769799,-1.917251376,0.177394932,1.387241416,0.094814357
-1.529543565,-0.618361619,0.568769785,-1.917108186,0.177308883,1.387028026,0.095238750
-1.529138506,-0.618463730,0.568769771,-1.916965011,0.177222856,1.386814671,0.095663205
-1.528733024,-0.618565837,0.568769756,-1.916821851,0.177136851,1.386601350,0.096087722
-1.528327120,-0.618667940,0.568769742,-1.916678706,0.177050868,1.386388064,0.096512301
-1.527920794,-0.618770039,0.568769728,-1.916535576,0.176964906,1.386174812,0.096936940
-1.527514049,-0.618872132,0.568769714,-1.916392460,0.176878967,1.385961595,0.097361640
-1.527106884,-0.618974221,0.568769700,-1.916249361,0.176793049,1.385748412,0.097786399
-1.526699301,-0.619076306,0.568769686,-1.916106276,0.176707154,1.385535266,0.098211218
-1.526291300,-0.619178385,0.568769672,-1.915963208,0.176621281,1.385322154,0.098636095
-1.525882884,-0.619280460,0.568769658,-1.915820155,0.176535430,1.385109078,0.099061031
-1.525474052,-0.619382529,0.568769643,-1.915677117,0.176449602,1.384896038,0.099486024
-1.525064806,-0.619484593,0.568769629,-1.915534096,0.176363796,1.384683033,0.099911074
-1.524655147,-0.619586652,0.568769615,-1.915391091,0.176278012,1.384470065,0.100336181
-1.524245076,-0.619688706,0.568769601,-1.915248102,0.176192251,1.384257133,0.100761343
-1.523834593,-0.619790754,0.568769587,-1.915105130,0.176106513,1.384044237,0.101186562
-1.523423701,-0.619892796,0.568769573,-1.914962174,0.176020797,1.383831378,0.101611835
-1.523012399,-0.619994833,0.568769559,-1.914819234,0.175935104,1.383618555,0.102037163
-1.522600688,-0.620096864,0.568769545,-1.914676312,0.175849433,1.383405770,0.102462544
-1.522188571,-0.620198889,0.568769531,-1.914533406,0.175763786,1.383193022,0.102887979
-1.521776048,-0.620300908,0.568769517,-1.914390517,0.175678161,1.382980311,0.103313467
-1.521363119,-0.620402920,0.568769502,-1.914247645,0.175592559,1.382767638,0.103739007
-1.520949786,-0.620504927,0.568769488,-1.914104791,0.175506980,1.382555002,0.104164599
-1.520536050,-0.620606927,0.568769474,-1.913961954,0.175421425,1.382342404,0.104590242
-1.520121911,-0.620708921,0.568769460,-1.913819135,0.175335892,1.382129844,0.105015936
-1.519707372,-0.620810909,0.568769446,-1.913676333,0.175250383,1.381917323,0.105441679
-1.519292432,-0.620912890,0.568769432,-1.913533549,0.175164897,1.381704839,0.105867473
-1.518877094,-0.621014864,0.568769418,-1.913390783,0.175079434,1.381492395,0.106293316
-1.518461357,-0.621116831,0.568769404,-1.913248036,0.174993994,1.381279989,0.106719207
-1.518045223,-0.621218791,0.568769390,-1.913105306,0.174908578,1.381067622,0.107145146
-1.517628693,-0.621320744,0.568769376,-1.912962595,0.174823186,1.380855294,0.107571133
-1.517211767,-0.621422691,0.568769362,-1.912819902,0.174737817,1.380643006,0.107997166
-1.516794448,-0.621524629,0.568769348,-1.912677228,0.174652472,1.380430757,0.108423246
-1.516376736,-0.621626561,0.568769334,-1.912534572,0.174567150,1.380218547,0.108849372
-1.515958631,-0.621728485,0.568769319,-1.912391935,0.174481852,1.380006378,0.109275543
-1.515540136,-0.621830402,0.568769305,-1.912249318,0.174396578,1.379794248,0.109701759
-1.515121250,-0.621932311,0.568769291,-1.912106719,0.174311328,1.379582159,0.110128020
-1.514701975,-0.622034212,0.568769277,-1.911964140,0.174226102,1.379370110,0.110554324
-1.514282313,-0.622136105,0.568769263,-1.911821580,0.174140899,1.379158102,0.110980671
-1.513862263,-0.622237990,0.568769249,-1.911679040,0.174055721,1.378946134,0.111407060
-1.513441828,-0.622339868,0.568769235,-1.911536519,0.173970567,1.378734207,0.111833492
-1.513021007,-0.622441737,0.568769221,-1.911394019,0.173885437,1.378522322,0.112259966
-1.512599803,-0.622543597,0.568769207,-1.911251538,0.173800331,1.378310477,0.112686480
-1.512178215,-0.622645450,0.568769193,-1.911109077,0.173715250,1.378098675,0.113113035
-1.511756246,-0.622747294,0.568769179,-1.910966636,0.173630193,1.377886913,0.113539630
-1.511333896,-0.622849129,0.568769165,-1.910824216,0.173545160,1.377675194,0.113966264
-1.510911166,-0.622950956,0.568769151,-1.910681816,0.173460152,1.377463517,0.114392937
-1.510488057,-0.623052774,0.568769137,-1.910539437,0.173375169,1.377251882,0.114819649
-1.510064570,-0.623154583,0.568769123,-1.910397078,0.173290210,1.377040289,0.115246398
-1.509640707,-0.623256383,0.568769109,-1.910254740,0.173205275,1.376828739,0.115673184
-1.509216468,-0.623358174,0.568769095,-1.910112424,0.173120366,1.376617231,0.116100007
-1.508791854,-0.623459955,0.568769081,-1.909970128,0.173035481,1.376405767,0.116526867
-1.508366866,-0.623561728,0.568769067,-1.909827854,0.172950621,1.376194345,0.116953761
-1.507941506,-0.623663491,0.568769053,-1.909685601,0.172865786,1.375982967,0.117380691
-1.507515774,-0.623765244,0.568769039,-1.909543370,0.172780976,1.375771632,0.117807656
-1.507089671,-0.623866988,0.568769025,-1.909401160,0.172696191,1.375560341,0.118234654
-1.506663199,-0.623968722,0.568769011,-1.909258972,0.172611431,1.375349094,0.118661686
-1.506236358,-0.624070447,0.568768997,-1.909116806,0.172526697,1.375137891,0.119088751
-1.505809149,-0.624172161,0.568768983,-1.908974662,0.172441987,1.374926732,0.119515848
-1.505381574,-0.624273865,0.568768969,-1.908832540,0.172357303,1.374715617,0.119942976
-1.504953634,-0.624375559,0.568768955,-1.908690441,0.172272645,1.374504547,0.120370137
-1.504525329,-0.624477243,0.568768941,-1.908548364,0.172188011,1.374293522,0.120797327
-1.504096660,-0.624578917,0.568768927,-1.908406310,0.172103403,1.374082542,0.121224548
-1.503667630,-0.624680580,0.568768913,-1.908264278,0.172018821,1.373871606,0.121651799
-1.503238237,-0.624782233,0.568768899,-1.908122269,0.171934264,1.373660716,0.122079079
-1.502808485,-0.624883874,0.568768885,-1.907980284,0.171849733,1.373449872,0.122506387
-1.502378373,-0.624985506,0.568768871,-1.907838321,0.171765228,1.373239073,0.122933723
-1.501947903,-0.625087126,0.568768857,-1.907696382,0.171680748,1.373028320,0.123361086
-1.501517075,-0.625188735,0.568768843,-1.907554466,0.171596295,1.372817613,0.123788477
-1.501085891,-0.625290333,0.568768830,-1.907412574,0.171511867,1.372606952,0.124215894
-1.500654352,-0.625391920,0.568768816,-1.907270705,0.171427465,1.372396338,0.124643336
-1.500222459,-0.625493496,0.568768802,-1.907128860,0.171343090,1.372185770,0.125070804
-1.499790213,-0.625595060,0.568768788,-1.906987039,0.171258740,1.371975249,0.125498297
-1.499357615,-0.625696613,0.568768774,-1.906845242,0.171174417,1.371764775,0.125925813
-1.498924666,-0.625798154,0.568768760,-1.906703469,0.171090119,1.371554348,0.126353354
-1.498491366,-0.625899684,0.568768746,-1.906561721,0.171005849,1.371343968,0.126780917
-1.498057718,-0.626001202,0.568768732,-1.906419997,0.170921604,1.371133636,0.127208503
-1.497623722,-0.626102707,0.568768718,-1.906278298,0.170837386,1.370923351,0.127636111
-1.497189378,-0.626204201,0.568768704,-1.906136623,0.170753194,1.370713114,0.128063740
-1.496754689,-0.626305683,0.568768690,-1.905994974,0.170669029,1.370502926,0.128491390
-1.496319656,-0.626407152,0.568768676,-1.905853349,0.170584891,1.370292785,0.128919061
-1.495884278,-0.626508609,0.568768662,-1.905711750,0.170500779,1.370082693,0.129346751
-1.495448558,-0.626610054,0.568768649,-1.905570176,0.170416694,1.369872650,0.129774460
-1.495012495,-0.626711486,0.568768635,-1.905428627,0.170332635,1.369662655,0.130202188
-1.494576093,-0.626812905,0.568768621,-1.905287104,0.170248604,1.369452709,0.130629935
-1.494139350,-0.626914312,0.568768607,-1.905145606,0.170164600,1.369242813,0.131057698
-1.493702269,-0.627015706,0.568768593,-1.905004135,0.170080622,1.369032965,0.131485479
-1.493264851,-0.627117087,0.568768579,-1.904862689,0.169996672,1.368823167,0.131913276
-1.492827096,-0.627218454,0.568768565,-1.904721269,0.169912748,1.368613419,0.132341089
-1.492389005,-0.627319809,0.568768551,-1.904579876,0.169828852,1.368403721,0.132768918
-1.491950580,-0.627421150,0.568768538,-1.904438509,0.169744983,1.368194073,0.133196761
-1.491511822,-0.627522478,0.568768524,-1.904297168,0.169661141,1.367984475,0.133624619
-1.491072732,-0.627623792,0.568768510,-1.904155855,0.169577327,1.367774927,0.134052490
-1.490633310,-0.627725093,0.568768496,-1.904014567,0.169493540,1.367565431,0.134480375
-1.490193558,-0.627826380,0.568768482,-1.903873307,0.169409781,1.367355984,0.134908272
-1.489753477,-0.627927654,0.568768468,-1.903732074,0.169326049,1.367146589,0.135336181
-1.489313067,-0.628028913,0.568768454,-1.903590868,0.169242345,1.366937245,0.135764102
-1.488872331,-0.628130158,0.568768441,-1.903449689,0.169158668,1.366727953,0.136192033
-1.488431268,-0.628231389,0.568768427,-1.903308538,0.169075019,1.366518712,0.136619975
-1.487989881,-0.628332606,0.568768413,-1.903167415,0.168991398,1.366309522,0.137047927
-1.487548169,-0.628433809,0.568768399,-1.903026319,0.168907805,1.366100385,0.137475888
-1.487106135,-0.628534997,0.568768385,-1.902885251,0.168824240,1.365891299,0.137903858
-1.486663779,-0.628636171,0.568768371,-1.902744211,0.168740703,1.365682266,0.138331836
-1.486221102,-0.628737330,0.568768358,-1.902603199,0.168657194,1.365473285,0.138759822
-1.485778105,-0.628838474,0.568768344,-1.902462215,0.168573713,1.365264357,0.139187814
-1.485334790,-0.628939603,0.568768330,-1.902321260,0.168490260,1.365055482,0.139615814
-1.484891157,-0.629040718,0.568768316,-1.902180333,0.168406835,1.364846660,0.140043819
-1.484447207,-0.629141817,0.568768302,-1.902039435,0.168323439,1.364637891,0.140471830
-1.484002942,-0.629242901,0.568768288,-1.901898566,0.168240071,1.364429175,0.140899845
-1.483558362,-0.629343970,0.568768275,-1.901757725,0.168156731,1.364220513,0.141327865
-1.483113469,-0.629445023,0.568768261,-1.901616914,0.168073420,1.364011905,0.141755889
-1.482668264,-0.629546061,0.568768247,-1.901476132,0.167990138,1.363803350,0.142183916
-1.482222747,-0.629647083,0.568768233,-1.901335379,0.167906884,1.363594850,0.142611945
-1.481776920,-0.629748090,0.568768220,-1.901194656,0.167823659,1.363386404,0.143039977
-1.481330784,-0.629849081,0.568768206,-1.901053963,0.167740462,1.363178012,0.143468010
-1.480884339,-0.629950056,0.568768192,-1.900913299,0.167657294,1.362969675,0.143896044
-1.480437587,-0.630051014,0.568768178,-1.900772665,0.167574156,1.362761393,0.144324078
-1.479990530,-0.630151957,0.568768164,-1.900632061,0.167491046,1.362553166,0.144752113
-1.479543167,-0.630252884,0.568768151,-1.900491487,0.167407965,1.362344995,0.145180146
-1.479095501,-0.630353794,0.568768137,-1.900350944,0.167324913,1.362136878,0.145608179
-1.478647531,-0.630454687,0.568768123,-1.900210431,0.167241891,1.361928818,0.146036209
-1.478199260,-0.630555564,0.568768109,-1.900069948,0.167158897,1.361720813,0.146464238
-1.477750688,-0.630656425,0.568768096,-1.899929497,0.167075933,1.361512864,0.146892263
-1.477301816,-0.630757268,0.568768082,-1.899789076,0.166992998,1.361304971,0.147320285
-1.476852646,-0.630858095,0.568768068,-1.899648686,0.166910092,1.361097134,0.147748303
-1.476403178,-0.630958905,0.568768054,-1.899508327,0.166827216,1.360889354,0.148176316
-1.475953413,-0.631059697,0.568768041,-1.899367999,0.166744370,1.360681631,0.148604324
-1.475503353,-0.631160473,0.568768027,-1.899227703,0.166661553,1.360473964,0.149032327
-1.475052999,-0.631261231,0.568768013,-1.899087439,0.166578765,1.360266355,0.149460323
-1.474602351,-0.631361971,0.568768000,-1.898947206,0.166496007,1.360058803,0.149888312
-1.474151411,-0.631462695,0.568767986,-1.898807005,0.166413280,1.359851308,0.150316294
-1.473700180,-0.631563400,0.568767972,-1.898666835,0.166330581,1.359643871,0.150744268
-1.473248658,-0.631664088,0.568767958,-1.898526698,0.166247913,1.359436492,0.151172234
-1.472796847,-0.631764758,0.568767945,-1.898386593,0.166165275,1.359229171,0.151600191
-1.472344749,-0.631865410,0.568767931,-1.898246521,0.166082666,1.359021908,0.152028138
-1.471892363,-0.631966044,0.568767917,-1.898106480,0.166000088,1.358814703,0.152456074
-1.471439692,-0.632066660,0.568767904,-1.897966473,0.165917540,1.358607557,0.152884001
-1.470986735,-0.632167257,0.568767890,-1.897826498,0.165835022,1.358400470,0.153311915
-1.470533495,-0.632267837,0.568767876,-1.897686556,0.165752534,1.358193441,0.153739818
-1.470079972,-0.632368397,0.568767863,-1.897546647,0.165670077,1.357986472,0.154167709
-1.469626167,-0.632468939,0.568767849,-1.897406772,0.165587650,1.357779562,0.154595587
-1.469172082,-0.632569463,0.568767835,-1.897266929,0.165505254,1.357572711,0.155023451
-1.468717718,-0.632669968,0.568767822,-1.897127120,0.165422888,1.357365921,0.155451301
-1.468263074,-0.632770453,0.568767808,-1.896987345,0.165340552,1.357159190,0.155879136
-1.467808154,-0.632870920,0.568767794,-1.896847603,0.165258247,1.356952519,0.156306956
-1.467352957,-0.632971368,0.568767781,-1.896707895,0.165175973,1.356745908,0.156734761
-1.466897485,-0.633071796,0.568767767,-1.896568222,0.165093730,1.356539358,0.157162549
-1.466441738,-0.633172205,0.568767753,-1.896428582,0.165011517,1.356332868,0.157590320
-1.465985718,-0.633272595,0.568767740,-1.896288976,0.164929336,1.356126439,0.158018074
-1.465529427,-0.633372965,0.568767726,-1.896149405,0.164847185,1.355920071,0.158445810
-1.465072864,-0.633473315,0.568767712,-1.896009869,0.164765066,1.355713764,0.158873528
-1.464616032,-0.633573646,0.568767699,-1.895870367,0.164682977,1.355507519,0.159301226
-1.464158930,-0.633673957,0.568767685,-1.895730900,0.164600920,1.355301335,0.159728904
-1.463701561,-0.633774248,0.568767671,-1.895591468,0.164518893,1.355095213,0.160156563
-1.463243925,-0.633874518,0.568767658,-1.895452071,0.164436898,1.354889152,0.160584200
-1.462786023,-0.633974769,0.568767644,-1.895312709,0.164354935,1.354683154,0.161011817
-1.462327857,-0.634074999,0.568767631,-1.895173382,0.164273003,1.354477218,0.161439411
-1.461869427,-0.634175209,0.568767617,-1.895034091,0.164191102,1.354271345,0.161866983
-1.461410735,-0.634275398,0.568767603,-1.894894836,0.164109233,1.354065534,0.162294532
-1.460951781,-0.634375567,0.568767590,-1.894755616,0.164027395,1.353859786,0.162722057
-1.460492567,-0.634475715,0.568767576,-1.894616432,0.163945589,1.353654101,0.163149558
-1.460033094,-0.634575842,0.568767563,-1.894477285,0.163863815,1.353448479,0.163577034
-1.459573363,-0.634675949,0.568767549,-1.894338173,0.163782072,1.353242921,0.164004485
-1.459113375,-0.634776034,0.568767536,-1.894199098,0.163700361,1.353037426,0.164431911
-1.458653130,-0.634876098,0.568767522,-1.894060059,0.163618683,1.352831995,0.164859310
-1.458192631,-0.634976141,0.568767508,-1.893921057,0.163537036,1.352626628,0.165286681
-1.457731877,-0.635076163,0.568767495,-1.893782091,0.163455421,1.352421325,0.165714026
-1.457270871,-0.635176163,0.568767481,-1.893643163,0.163373838,1.352216086,0.166141342
-1.456809614,-0.635276141,0.568767468,-1.893504271,0.163292288,1.352010912,0.166568630
-1.456348105,-0.635376098,0.568767454,-1.893365416,0.163210769,1.351805802,0.166995888
-1.455886347,-0.635476033,0.568767441,-1.893226599,0.163129283,1.351600758,0.167423117
-1.455424340,-0.635575946,0.568767427,-1.893087819,0.163047830,1.351395778,0.167850315
-1.454962086,-0.635675837,0.568767414,-1.892949077,0.162966408,1.351190864,0.168277483
-1.454499586,-0.635775706,0.568767400,-1.892810372,0.162885019,1.350986015,0.168704619
-1.454036840,-0.635875553,0.568767386,-1.892671705,0.162803663,1.350781232,0.169131723
-1.453573850,-0.635975377,0.568767373,-1.892533077,0.162722339,1.350576514,0.169558794
-1.453110617,-0.636075179,0.568767359,-1.892394486,0.162641048,1.350371863,0.169985832
-1.452647142,-0.636174959,0.568767346,-1.892255933,0.162559790,1.350167278,0.170412837
-1.452183426,-0.636274716,0.568767332,-1.892117419,0.162478565,1.349962759,0.170839807
-1.451719470,-0.636374450,0.568767319,-1.891978943,0.162397372,1.349758306,0.171266743
-1.451255275,-0.636474161,0.568767305,-1.891840506,0.162316212,1.349553921,0.171693643
-1.450790843,-0.636573849,0.568767292,-1.891702108,0.162235085,1.349349602,0.172120507
-1.450326173,-0.636673515,0.568767278,-1.891563748,0.162153991,1.349145350,0.172547334
-1.449861268,-0.636773157,0.568767265,-1.891425428,0.162072931,1.348941166,0.172974125
-1.449396129,-0.636872775,0.568767251,-1.891287147,0.161991903,1.348737049,0.173400878
-1.448930756,-0.636972371,0.568767238,-1.891148905,0.161910909,1.348533000,0.173827593
-1.448465151,-0.637071943,0.568767225,-1.891010702,0.161829948,1.348329019,0.174254269
-1.447999314,-0.637171491,0.568767211,-1.890872540,0.161749020,1.348125105,0.174680905
-1.447533247,-0.637271015,0.568767198,-1.890734417,0.161668126,1.347921260,0.175107502
-1.447066951,-0.637370516,0.568767184,-1.890596333,0.161587265,1.347717484,0.175534058
-1.446600427,-0.637469993,0.568767171,-1.890458290,0.161506438,1.347513776,0.175960573
-1.446133676,-0.637569446,0.568767157,-1.890320287,0.161425644,1.347310136,0.176387047
-1.445666699,-0.637668874,0.568767144,-1.890182324,0.161344885,1.347106566,0.176813478
-1.445199498,-0.637768279,0.568767130,-1.890044402,0.161264158,1.346903065,0.177239867
-1.444732072,-0.637867659,0.568767117,-1.889906520,0.161183466,1.346699633,0.177666213
-1.444264424,-0.637967014,0.568767104,-1.889768679,0.161102807,1.346496271,0.178092514
-1.443796554,-0.638066345,0.568767090,-1.889630879,0.161022183,1.346292978,0.178518772
-1.443328464,-0.638165652,0.568767077,-1.889493119,0.160941592,1.346089755,0.178944984
-1.442860154,-0.638264933,0.568767063,-1.889355401,0.160861035,1.345886603,0.179371151
-1.442391626,-0.638364190,0.568767050,-1.889217724,0.160780513,1.345683520,0.179797271
-1.441922881,-0.638463422,0.568767036,-1.889080088,0.160700025,1.345480508,0.180223346
-1.441453919,-0.638562628,0.568767023,-1.888942494,0.160619571,1.345277567,0.180649372
-1.440984743,-0.638661810,0.568767010,-1.888804942,0.160539151,1.345074697,0.181075351
-1.440515352,-0.638760966,0.568766996,-1.888667431,0.160458765,1.344871897,0.181501282
-1.440045748,-0.638860096,0.568766983,-1.888529962,0.160378414,1.344669169,0.181927164
-1.439575933,-0.638959201,0.568766970,-1.888392535,0.160298098,1.344466512,0.182352996
-1.439105907,-0.639058281,0.568766956,-1.888255151,0.160217816,1.344263927,0.182778779
-1.438635671,-0.639157334,0.568766943,-1.888117809,0.160137568,1.344061413,0.183204510
-1.438165226,-0.639256362,0.568766929,-1.887980509,0.160057356,1.343858972,0.183630191
-1.437694574,-0.639355364,0.568766916,-1.887843252,0.159977178,1.343656602,0.184055820
-1.437223715,-0.639454340,0.568766903,-1.887706037,0.159897035,1.343454305,0.184481396
-1.436752651,-0.639553290,0.568766889,-1.887568866,0.159816926,1.343252081,0.184906920
-1.436281383,-0.639652213,0.568766876,-1.887431737,0.159736853,1.343049929,0.185332390
-1.435809912,-0.639751110,0.568766863,-1.887294652,0.159656815,1.342847850,0.185757806
-1.435338238,-0.639849980,0.568766849,-1.887157610,0.159576811,1.342645844,0.186183168
-1.434866363,-0.639948824,0.568766836,-1.887020611,0.159496843,1.342443911,0.186608474
-1.434394289,-0.640047641,0.568766823,-1.886883656,0.159416910,1.342242051,0.187033725
-1.433922015,-0.640146432,0.568766809,-1.886746745,0.159337012,1.342040266,0.187458920
-1.433449544,-0.640245195,0.568766796,-1.886609877,0.159257150,1.341838554,0.187884058
-1.432976876,-0.640343932,0.568766783,-1.886473054,0.159177323,1.341636916,0.188309138
-1.432504012,-0.640442641,0.568766769,-1.886336274,0.159097531,1.341435352,0.188734161
-1.432030954,-0.640541323,0.568766756,-1.886199539,0.159017775,1.341233862,0.189159125
-1.431557703,-0.640639978,0.568766743,-1.886062849,0.158938054,1.341032447,0.189584030
-1.431084259,-0.640738605,0.568766730,-1.885926202,0.158858369,1.340831107,0.190008876
-1.430610624,-0.640837204,0.568766716,-1.885789601,0.158778720,1.340629842,0.190433661
-1.430136798,-0.640935776,0.568766703,-1.885653044,0.158699106,1.340428652,0.190858385
-1.429662783,-0.641034321,0.568766690,-1.885516532,0.158619529,1.340227537,0.191283048
-1.429188581,-0.641132837,0.568766676,-1.885380065,0.158539987,1.340026497,0.191707650
-1.428714191,-0.641231325,0.568766663,-1.885243644,0.158460481,1.339825534,0.192132188
-1.428239616,-0.641329786,0.568766650,-1.885107267,0.158381011,1.339624646,0.192556664
-1.427764856,-0.641428218,0.568766637,-1.884970936,0.158301577,1.339423834,0.192981077
-1.427289912,-0.641526621,0.568766623,-1.884834651,0.158222179,1.339223098,0.193405425
-1.426814785,-0.641624997,0.568766610,-1.884698412,0.158142817,1.339022439,0.193829708
-1.426339477,-0.641723343,0.568766597,-1.884562218,0.158063492,1.338821856,0.194253926
-1.425863989,-0.641821661,0.568766584,-1.884426071,0.157984203,1.338621350,0.194678079
-1.425388321,-0.641919951,0.568766571,-1.884289970,0.157904950,1.338420921,0.195102164
-1.424912475,-0.642018211,0.568766557,-1.884153915,0.157825734,1.338220569,0.195526183
-1.424436451,-0.642116443,0.568766544,-1.884017906,0.157746554,1.338020294,0.195950135
-1.423960252,-0.642214645,0.568766531,-1.883881944,0.157667411,1.337820097,0.196374018
-1.423483877,-0.642312819,0.568766518,-1.883746029,0.157588304,1.337619978,0.196797833
-1.423007329,-0.642410963,0.568766504,-1.883610160,0.157509235,1.337419936,0.197221579
-1.422530608,-0.642509078,0.568766491,-1.883474339,0.157430201,1.337219973,0.197645254
-1.422053715,-0.642607163,0.568766478,-1.883338564,0.157351205,1.337020088,0.198068860
-1.421576651,-0.642705218,0.568766465,-1.883202837,0.157272246,1.336820281,0.198492394
-1.421099418,-0.642803244,0.568766452,-1.883067157,0.157193323,1.336620553,0.198915857
-1.420622017,-0.642901240,0.568766439,-1.882931525,0.157114438,1.336420903,0.199339248
-1.420144447,-0.642999207,0.568766425,-1.882795941,0.157035589,1.336221333,0.199762567
-1.419666712,-0.643097143,0.568766412,-1.882660404,0.156956778,1.336021842,0.200185812
-1.419188811,-0.643195049,0.568766399,-1.882524915,0.156878003,1.335822430,0.200608984
-1.418710747,-0.643292925,0.568766386,-1.882389474,0.156799267,1.335623097,0.201032081
-1.418232519,-0.643390770,0.568766373,-1.882254082,0.156720567,1.335423845,0.201455103
-1.417754129,-0.643488585,0.568766360,-1.882118738,0.156641905,1.335224672,0.201878050
-1.417275578,-0.643586369,0.568766347,-1.881983442,0.156563280,1.335025580,0.202300921
-1.416796868,-0.643684123,0.568766333,-1.881848195,0.156484693,1.334826567,0.202723716
-1.416317998,-0.643781846,0.568766320,-1.881712997,0.156406143,1.334627635,0.203146433
-1.415838972,-0.643879538,0.568766307,-1.881577847,0.156327631,1.334428784,0.203569073
-1.415359788,-0.643977200,0.568766294,-1.881442747,0.156249156,1.334230014,0.203991634
-1.414880449,-0.644074830,0.568766281,-1.881307696,0.156170719,1.334031324,0.204414117
-1.414400956,-0.644172429,0.568766268,-1.881172694,0.156092320,1.333832716,0.204836520
-1.413921310,-0.644269996,0.568766255,-1.881037741,0.156013959,1.333634189,0.205258844
-1.413441511,-0.644367532,0.568766242,-1.880902838,0.155935636,1.333435744,0.205681087
-1.412961561,-0.644465037,0.568766229,-1.880767985,0.155857351,1.333237381,0.206103249
-1.412481461,-0.644562510,0.568766216,-1.880633182,0.155779104,1.333039099,0.206525329
-1.412001213,-0.644659951,0.568766202,-1.880498428,0.155700895,1.332840900,0.206947327
-1.411520816,-0.644757361,0.568766189,-1.880363725,0.155622724,1.332642783,0.207369243
-1.411040273,-0.644854738,0.568766176,-1.880229072,0.155544592,1.332444748,0.207791075
-1.410559584,-0.644952084,0.568766163,-1.880094469,0.155466498,1.332246796,0.208212823
-1.410078750,-0.645049397,0.568766150,-1.879959917,0.155388442,1.332048927,0.208634487
-1.409597773,-0.645146678,0.568766137,-1.879825416,0.155310424,1.331851141,0.209056066
-1.409116654,-0.645243927,0.568766124,-1.879690965,0.155232445,1.331653438,0.209477559
-1.408635393,-0.645341143,0.568766111,-1.879556565,0.155154505,1.331455819,0.209898966
-1.408153992,-0.645438327,0.568766098,-1.879422217,0.155076603,1.331258283,0.210320287
-1.407672452,-0.645535478,0.568766085,-1.879287919,0.154998740,1.331060831,0.210741520
-1.407190774,-0.645632596,0.568766072,-1.879153673,0.154920916,1.330863463,0.211162665
-1.406708958,-0.645729681,0.568766059,-1.879019479,0.154843130,1.330666179,0.211583723
-1.406227007,-0.645826733,0.568766046,-1.878885336,0.154765384,1.330468979,0.212004691
-1.405744921,-0.645923753,0.568766033,-1.878751244,0.154687676,1.330271864,0.212425570
-1.405262702,-0.646020739,0.568766020,-1.878617205,0.154610007,1.330074834,0.212846358
-1.404780350,-0.646117691,0.568766007,-1.878483217,0.154532377,1.329877888,0.213267056
-1.404297866,-0.646214610,0.568765994,-1.878349282,0.154454787,1.329681027,0.213687663
-1.403815252,-0.646311496,0.568765981,-1.878215399,0.154377235,1.329484252,0.214108178
-1.403332509,-0.646408348,0.568765968,-1.878081569,0.154299723,1.329287562,0.214528601
-1.402849637,-0.646505166,0.568765955,-1.877947791,0.154222250,1.329090958,0.214948931
-1.402366638,-0.646601951,0.568765942,-1.877814066,0.154144816,1.328894440,0.215369168
-1.401883513,-0.646698701,0.568765929,-1.877680393,0.154067422,1.328698007,0.215789311
-1.401400263,-0.646795418,0.568765916,-1.877546774,0.153990068,1.328501661,0.216209359
-1.400916889,-0.646892100,0.568765903,-1.877413207,0.153912753,1.328305401,0.216629312
-1.400433392,-0.646988748,0.568765891,-1.877279694,0.153835477,1.328109228,0.217049169
-1.399949774,-0.647085361,0.568765878,-1.877146234,0.153758241,1.327913141,0.217468930
-1.399466035,-0.647181940,0.568765865,-1.877012828,0.153681045,1.327717141,0.217888595
-1.398982176,-0.647278485,0.568765852,-1.876879475,0.153603889,1.327521229,0.218308162
-1.398498199,-0.647374995,0.568765839,-1.876746177,0.153526772,1.327325403,0.218727631
-1.398014104,-0.647471470,0.568765826,-1.876612932,0.153449696,1.327129665,0.219147001
-1.397529893,-0.647567910,0.568765813,-1.876479741,0.153372659,1.326934015,0.219566273
-1.397045567,-0.647664315,0.568765800,-1.876346604,0.153295662,1.326738452,0.219985445
-1.396561127,-0.647760684,0.568765787,-1.876213522,0.153218706,1.326542978,0.220404517
-1.396076574,-0.647857019,0.568765774,-1.876080494,0.153141790,1.326347591,0.220823488
-1.395591909,-0.647953319,0.568765762,-1.875947520,0.153064913,1.326152293,0.221242358
-1.395107132,-0.648049582,0.568765749,-1.875814602,0.152988078,1.325957084,0.221661126
-1.394622247,-0.648145811,0.568765736,-1.875681738,0.152911282,1.325761963,0.222079792
-1.394137252,-0.648242003,0.568765723,-1.875548929,0.152834527,1.325566931,0.222498354
-1.393652150,-0.648338160,0.568765710,-1.875416176,0.152757812,1.325371988,0.222916814
-1.393166941,-0.648434281,0.568765697,-1.875283477,0.152681138,1.325177135,0.223335169
-1.392681627,-0.648530367,0.568765684,-1.875150834,0.152604505,1.324982370,0.223753419
-1.392196209,-0.648626416,0.568765672,-1.875018247,0.152527912,1.324787696,0.224171565
-1.391710687,-0.648722428,0.568765659,-1.874885715,0.152451360,1.324593111,0.224589604
-1.391225063,-0.648818405,0.568765646,-1.874753239,0.152374848,1.324398617,0.225007537
-1.390739338,-0.648914345,0.568765633,-1.874620819,0.152298378,1.324204212,0.225425364
-1.390253513,-0.649010249,0.568765620,-1.874488455,0.152221948,1.324009898,0.225843083
-1.389767589,-0.649106116,0.568765608,-1.874356147,0.152145559,1.323815674,0.226260694
-1.389281567,-0.649201946,0.568765595,-1.874223895,0.152069212,1.323621541,0.226678196
-1.388795449,-0.649297740,0.568765582,-1.874091700,0.151992905,1.323427499,0.227095590
-1.388309235,-0.649393497,0.568765569,-1.873959562,0.151916640,1.323233549,0.227512874
-1.387822926,-0.649489216,0.568765556,-1.873827480,0.151840415,1.323039689,0.227930047
-1.387336524,-0.649584899,0.568765544,-1.873695456,0.151764232,1.322845921,0.228347110
-1.386850029,-0.649680544,0.568765531,-1.873563488,0.151688091,1.322652244,0.228764061
-1.386363443,-0.649776152,0.568765518,-1.873431577,0.151611990,1.322458659,0.229180901
-1.385876767,-0.649871722,0.568765505,-1.873299724,0.151535931,1.322265167,0.229597628
-1.385390002,-0.649967255,0.568765493,-1.873167928,0.151459914,1.322071766,0.230014242
-1.384903148,-0.650062750,0.568765480,-1.873036189,0.151383938,1.321878458,0.230430742
-1.384416208,-0.650158208,0.568765467,-1.872904509,0.151308004,1.321685242,0.230847129
-1.383929182,-0.650253628,0.568765454,-1.872772886,0.151232111,1.321492119,0.231263401
-1.383442071,-0.650349009,0.568765442,-1.872641321,0.151156261,1.321299089,0.231679557
-1.382954876,-0.650444353,0.568765429,-1.872509814,0.151080452,1.321106152,0.232095598
-1.382467599,-0.650539658,0.568765416,-1.872378365,0.151004685,1.320913308,0.232511522
-1.381980240,-0.650634925,0.568765404,-1.872246975,0.150928959,1.320720558,0.232927329
-1.381492800,-0.650730154,0.568765391,-1.872115643,0.150853276,1.320527901,0.233343019
-1.381005282,-0.650825344,0.568765378,-1.871984370,0.150777635,1.320335338,0.233758591
-1.380517684,-0.650920496,0.568765366,-1.871853155,0.150702036,1.320142869,0.234174045
-1.380030010,-0.651015609,0.568765353,-1.871721999,0.150626479,1.319950494,0.234589379
-1.379542260,-0.651110683,0.568765340,-1.871590903,0.150550965,1.319758214,0.235004594
-1.379054434,-0.651205718,0.568765328,-1.871459865,0.150475492,1.319566028,0.235419688
-1.378566535,-0.651300715,0.568765315,-1.871328887,0.150400062,1.319373937,0.235834661
-1.378078562,-0.651395672,0.568765302,-1.871197968,0.150324675,1.319181940,0.236249513
-1.377590518,-0.651490589,0.568765290,-1.871067109,0.150249330,1.318990039,0.236664244
-1.377102403,-0.651585468,0.568765277,-1.870936310,0.150174027,1.318798233,0.237078851
-1.376614219,-0.651680307,0.568765264,-1.870805570,0.150098767,1.318606522,0.237493336
-1.376125966,-0.651775107,0.568765252,-1.870674890,0.150023550,1.318414907,0.237907697
-1.375637645,-0.651869867,0.568765239,-1.870544270,0.149948375,1.318223388,0.238321934
-1.375149259,-0.651964587,0.568765227,-1.870413711,0.149873243,1.318031965,0.238736047
-1.374660806,-0.652059267,0.568765214,-1.870283212,0.149798154,1.317840638,0.239150034
-1.374172290,-0.652153907,0.568765201,-1.870152773,0.149723108,1.317649407,0.239563895
-1.373683710,-0.652248508,0.568765189,-1.870022395,0.149648105,1.317458272,0.239977630
-1.373195069,-0.652343068,0.568765176,-1.869892078,0.149573145,1.317267235,0.240391238
-1.372706366,-0.652437588,0.568765164,-1.869761821,0.149498228,1.317076294,0.240804719
-1.372217604,-0.652532067,0.568765151,-1.869631626,0.149423354,1.316885450,0.241218072
-1.371728783,-0.652626506,0.568765138,-1.869501491,0.149348523,1.316694703,0.241631296
-1.371239904,-0.652720905,0.568765126,-1.869371418,0.149273735,1.316504054,0.242044391
-1.370750968,-0.652815262,0.568765113,-1.869241407,0.149198991,1.316313502,0.242457356
-1.370261977,-0.652909579,0.568765101,-1.869111456,0.149124290,1.316123049,0.242870191
-1.369772931,-0.653003855,0.568765088,-1.868981568,0.149049633,1.315932693,0.243282895
-1.369283832,-0.653098091,0.568765076,-1.868851741,0.148975019,1.315742435,0.243695468
-1.368794680,-0.653192285,0.568765063,-1.868721977,0.148900449,1.315552275,0.244107909
-1.368305478,-0.653286437,0.568765051,-1.868592274,0.148825922,1.315362214,0.244520218
-1.367816225,-0.653380549,0.568765038,-1.868462634,0.148751439,1.315172251,0.244932394
-1.367326923,-0.653474619,0.568765026,-1.868333055,0.148676999,1.314982388,0.245344436
-1.366837573,-0.653568647,0.568765013,-1.868203540,0.148602604,1.314792623,0.245756344
-1.366348176,-0.653662634,0.568765001,-1.868074087,0.148528252,1.314602957,0.246168117
-1.365858733,-0.653756579,0.568764988,-1.867944696,0.148453944,1.314413391,0.246579755
-1.365369246,-0.653850483,0.568764976,-1.867815369,0.148379681,1.314223925,0.246991258
-1.364879714,-0.653944344,0.568764963,-1.867686105,0.148305461,1.314034558,0.247402624
-1.364390140,-0.654038164,0.568764951,-1.867556903,0.148231285,1.313845291,0.247813853
-1.363900525,-0.654131941,0.568764938,-1.867427765,0.148157153,1.313656124,0.248224945
-1.363410869,-0.654225676,0.568764926,-1.867298690,0.148083066,1.313467057,0.248635899
-1.362921174,-0.654319369,0.568764913,-1.867169679,0.148009023,1.313278090,0.249046715
-1.362431440,-0.654413019,0.568764901,-1.867040732,0.147935024,1.313089225,0.249457391
-1.361941670,-0.654506627,0.568764889,-1.866911848,0.147861070,1.312900460,0.249867928
-1.361451863,-0.654600192,0.568764876,-1.866783028,0.147787160,1.312711796,0.250278325
-1.360962021,-0.654693714,0.568764864,-1.866654272,0.147713294,1.312523233,0.250688581
-1.360472145,-0.654787193,0.568764851,-1.866525580,0.147639474,1.312334771,0.251098696
-1.359982236,-0.654880630,0.568764839,-1.866396953,0.147565697,1.312146411,0.251508669
-1.359492295,-0.654974023,0.568764827,-1.866268390,0.147491966,1.311958152,0.251918500
-1.359002323,-0.655067374,0.568764814,-1.866139892,0.147418279,1.311769996,0.252328187
-1.358512322,-0.655160681,0.568764802,-1.866011458,0.147344637,1.311581941,0.252737732
-1.358022292,-0.655253944,0.568764789,-1.865883089,0.147271040,1.311393988,0.253147132
-1.357532235,-0.655347164,0.568764777,-1.865754785,0.147197487,1.311206138,0.253556388
-1.357042151,-0.655440341,0.568764765,-1.865626546,0.147123980,1.311018391,0.253965499
-1.356552042,-0.655533474,0.568764752,-1.865498373,0.147050518,1.310830746,0.254374464
-1.356061908,-0.655626563,0.568764740,-1.865370265,0.146977101,1.310643204,0.254783283
-1.355571751,-0.655719608,0.568764728,-1.865242222,0.146903729,1.310455765,0.255191955
-1.355081572,-0.655812609,0.568764715,-1.865114245,0.146830402,1.310268429,0.255600480
-1.354591372,-0.655905566,0.568764703,-1.864986333,0.146757120,1.310081197,0.256008857
-1.354101152,-0.655998479,0.568764691,-1.864858488,0.146683884,1.309894068,0.256417086
-1.353610913,-0.656091348,0.568764678,-1.864730708,0.146610693,1.309707043,0.256825166
-1.353120656,-0.656184172,0.568764666,-1.864602995,0.146537548,1.309520122,0.257233097
-1.352630382,-0.656276952,0.568764654,-1.864475347,0.146464448,1.309333305,0.257640877
-1.352140092,-0.656369687,0.568764642,-1.864347767,0.146391393,1.309146593,0.258048507
-1.351649788,-0.656462378,0.568764629,-1.864220252,0.146318385,1.308959984,0.258455986
-1.351159470,-0.656555023,0.568764617,-1.864092805,0.146245422,1.308773481,0.258863313
-1.350669140,-0.656647624,0.568764605,-1.863965424,0.146172504,1.308587082,0.259270489
-1.350178798,-0.656740180,0.568764592,-1.863838110,0.146099633,1.308400789,0.259677511
-1.349688446,-0.656832690,0.568764580,-1.863710863,0.146026807,1.308214600,0.260084380
-1.349198084,-0.656925156,0.568764568,-1.863583683,0.145954027,1.308028517,0.260491095
-1.348707714,-0.657017576,0.568764556,-1.863456571,0.145881294,1.307842539,0.260897656
-1.348217337,-0.657109950,0.568764543,-1.863329526,0.145808606,1.307656667,0.261304062
-1.347726954,-0.657202280,0.568764531,-1.863202548,0.145735964,1.307470901,0.261710313
-1.347236566,-0.657294563,0.568764519,-1.863075639,0.145663369,1.307285241,0.262116408
-1.346746174,-0.657386801,0.568764507,-1.862948797,0.145590819,1.307099687,0.262522346
-1.346255779,-0.657478993,0.568764495,-1.862822023,0.145518316,1.306914239,0.262928127
-1.345765382,-0.657571139,0.568764482,-1.862695317,0.145445859,1.306728898,0.263333750
-1.345274985,-0.657663239,0.568764470,-1.862568679,0.145373449,1.306543664,0.263739216
-1.344784587,-0.657755293,0.568764458,-1.862442110,0.145301085,1.306358537,0.264144522
-1.344294191,-0.657847301,0.568764446,-1.862315609,0.145228768,1.306173516,0.264549670
-1.343803798,-0.657939262,0.568764434,-1.862189176,0.145156497,1.305988603,0.264954657
-1.343313408,-0.658031177,0.568764422,-1.862062813,0.145084272,1.305803798,0.265359485
-1.342823023,-0.658123045,0.568764409,-1.861936518,0.145012095,1.305619100,0.265764151
-1.342332643,-0.658214867,0.568764397,-1.861810292,0.144939964,1.305434509,0.266168656
-1.341842270,-0.658306642,0.568764385,-1.861684135,0.144867880,1.305250027,0.266572999
-1.341351904,-0.658398370,0.568764373,-1.861558048,0.144795842,1.305065653,0.266977180
-1.340861548,-0.658490051,0.568764361,-1.861432029,0.144723852,1.304881387,0.267381198
-1.340371201,-0.658581686,0.568764349,-1.861306081,0.144651908,1.304697229,0.267785052
-1.339880866,-0.658673273,0.568764337,-1.861180202,0.144580012,1.304513181,0.268188742
-1.339390542,-0.658764813,0.568764325,-1.861054392,0.144508163,1.304329240,0.268592267
-1.338900232,-0.658856305,0.568764312,-1.860928653,0.144436360,1.304145409,0.268995628
-1.338409935,-0.658947750,0.568764300,-1.860802983,0.144364605,1.303961687,0.269398822
-1.337919654,-0.659039148,0.568764288,-1.860677384,0.144292897,1.303778075,0.269801850
-1.337429389,-0.659130498,0.568764276,-1.860551855,0.144221237,1.303594572,0.270204712
-1.336939142,-0.659221800,0.568764264,-1.860426396,0.144149623,1.303411178,0.270607406
-1.336448912,-0.659313054,0.568764252,-1.860301008,0.144078058,1.303227895,0.271009932
-1.335958703,-0.659404260,0.568764240,-1.860175690,0.144006539,1.303044721,0.271412290
-1.335468513,-0.659495419,0.568764228,-1.860050443,0.143935068,1.302861658,0.271814479
-1.334978346,-0.659586529,0.568764216,-1.859925268,0.143863645,1.302678704,0.272216499
-1.334488201,-0.659677591,0.568764204,-1.859800163,0.143792269,1.302495862,0.272618348
-1.333998080,-0.659768605,0.568764192,-1.859675129,0.143720942,1.302313130,0.273020027
-1.333507983,-0.659859570,0.568764180,-1.859550166,0.143649661,1.302130509,0.273421535
-1.333017912,-0.659950486,0.568764168,-1.859425275,0.143578429,1.301947999,0.273822872
-1.332527869,-0.660041354,0.568764156,-1.859300456,0.143507244,1.301765600,0.274224036
-1.332037853,-0.660132174,0.568764144,-1.859175708,0.143436108,1.301583312,0.274625027
-1.331547866,-0.660222944,0.568764132,-1.859051031,0.143365019,1.301401136,0.275025846
-1.331057909,-0.660313665,0.568764120,-1.858926427,0.143293979,1.301219072,0.275426490
-1.330567983,-0.660404338,0.568764108,-1.858801895,0.143222986,1.301037120,0.275826961
-1.330078090,-0.660494961,0.568764096,-1.858677435,0.143152042,1.300855280,0.276227256
-1.329588229,-0.660585535,0.568764084,-1.858553047,0.143081146,1.300673551,0.276627376
-1.329098403,-0.660676060,0.568764072,-1.858428731,0.143010298,1.300491936,0.277027321
-1.328608612,-0.660766535,0.568764060,-1.858304489,0.142939498,1.300310433,0.277427088
-1.328118858,-0.660856961,0.568764048,-1.858180318,0.142868747,1.300129042,0.277826679
-1.327629141,-0.660947337,0.568764036,-1.858056221,0.142798044,1.299947765,0.278226093
-1.327139462,-0.661037663,0.568764024,-1.857932196,0.142727390,1.299766600,0.278625328
-1.326649824,-0.661127940,0.568764013,-1.857808245,0.142656784,1.299585549,0.279024385
-1.326160225,-0.661218167,0.568764001,-1.857684367,0.142586227,1.299404611,0.279423263
-1.325670669,-0.661308343,0.568763989,-1.857560561,0.142515718,1.299223787,0.279821961
-1.325181155,-0.661398470,0.568763977,-1.857436830,0.142445258,1.299043076,0.280220479
-1.324691684,-0.661488546,0.568763965,-1.857313172,0.142374847,1.298862480,0.280618817
-1.324202259,-0.661578572,0.568763953,-1.857189587,0.142304485,1.298681997,0.281016973
-1.323712880,-0.661668547,0.568763941,-1.857066077,0.142234171,1.298501629,0.281414948
-1.323223547,-0.661758472,0.568763929,-1.856942640,0.142163907,1.298321375,0.281812740
-1.322734262,-0.661848346,0.568763918,-1.856819277,0.142093691,1.298141236,0.282210349
-1.322245027,-0.661938170,0.568763906,-1.856695988,0.142023525,1.297961211,0.282607776
-1.321755841,-0.662027943,0.568763894,-1.856572774,0.141953408,1.297781301,0.283005018
-1.321266707,-0.662117665,0.568763882,-1.856449634,0.141883339,1.297601507,0.283402076
-1.320777624,-0.662207335,0.568763870,-1.856326569,0.141813320,1.297421827,0.283798949
-1.320288595,-0.662296955,0.568763858,-1.856203578,0.141743351,1.297242263,0.284195637
-1.319799620,-0.662386524,0.568763847,-1.856080662,0.141673430,1.297062815,0.284592139
-1.319310701,-0.662476041,0.568763835,-1.855957821,0.141603559,1.296883482,0.284988454
-1.318821837,-0.662565507,0.568763823,-1.855835056,0.141533738,1.296704266,0.285384583
-1.318333032,-0.662654921,0.568763811,-1.855712365,0.141463965,1.296525165,0.285780523
-1.317844284,-0.662744284,0.568763800,-1.855589749,0.141394243,1.296346181,0.286176276
-1.317355596,-0.662833595,0.568763788,-1.855467209,0.141324570,1.296167313,0.286571840
-1.316866969,-0.662922854,0.568763776,-1.855344745,0.141254946,1.295988561,0.286967216
-1.316378403,-0.663012061,0.568763764,-1.855222356,0.141185373,1.295809927,0.287362401
-1.315889900,-0.663101216,0.568763753,-1.855100042,0.141115849,1.295631409,0.287757396
-1.315401461,-0.663190320,0.568763741,-1.854977805,0.141046375,1.295453008,0.288152201
-1.314913086,-0.663279371,0.568763729,-1.854855644,0.140976951,1.295274725,0.288546815
-1.314424777,-0.663368369,0.568763717,-1.854733559,0.140907576,1.295096559,0.288941237
-1.313936534,-0.663457316,0.568763706,-1.854611550,0.140838252,1.294918511,0.289335466
-1.313448360,-0.663546210,0.568763694,-1.854489618,0.140768978,1.294740580,0.289729503
-1.312960254,-0.663635051,0.568763682,-1.854367762,0.140699753,1.294562767,0.290123347
-1.312472219,-0.663723839,0.568763671,-1.854245982,0.140630579,1.294385072,0.290516996
-1.311984254,-0.663812575,0.568763659,-1.854124280,0.140561455,1.294207496,0.290910452
-1.311496361,-0.663901258,0.568763647,-1.854002654,0.140492382,1.294030038,0.291303712
-1.311008542,-0.663989888,0.568763636,-1.853881105,0.140423358,1.293852698,0.291696778
-1.310520796,-0.664078465,0.568763624,-1.853759634,0.140354385,1.293675478,0.292089647
-1.310033126,-0.664166989,0.568763612,-1.853638240,0.140285463,1.293498376,0.292482320
-1.309545531,-0.664255460,0.568763601,-1.853516923,0.140216591,1.293321393,0.292874796
-1.309058014,-0.664343877,0.568763589,-1.853395683,0.140147769,1.293144529,0.293267074
-1.308570575,-0.664432241,0.568763577,-1.853274522,0.140078998,1.292967785,0.293659155
-1.308083216,-0.664520551,0.568763566,-1.853153437,0.140010278,1.292791160,0.294051037
-1.307595936,-0.664608807,0.568763554,-1.853032431,0.139941608,1.292614655,0.294442720
-1.307108738,-0.664697010,0.568763543,-1.852911503,0.139872989,1.292438270,0.294834204
-1.306621622,-0.664785159,0.568763531,-1.852790653,0.139804421,1.292262005,0.295225488
-1.306134590,-0.664873254,0.568763519,-1.852669881,0.139735903,1.292085860,0.295616571
-1.305647642,-0.664961295,0.568763508,-1.852549187,0.139667437,1.291909835,0.296007453
-1.305160780,-0.665049282,0.568763496,-1.852428572,0.139599021,1.291733931,0.296398133
-1.304674004,-0.665137215,0.568763485,-1.852308036,0.139530657,1.291558148,0.296788611
-1.304187316,-0.665225093,0.568763473,-1.852187578,0.139462343,1.291382486,0.297178887
-1.303700716,-0.665312917,0.568763462,-1.852067199,0.139394081,1.291206944,0.297568960
-1.303214206,-0.665400687,0.568763450,-1.851946899,0.139325870,1.291031524,0.297958829
-1.302727786,-0.665488402,0.568763439,-1.851826678,0.139257710,1.290856225,0.298348493
-1.302241458,-0.665576062,0.568763427,-1.851706536,0.139189601,1.290681047,0.298737954
-1.301755223,-0.665663667,0.568763416,-1.851586474,0.139121544,1.290505991,0.299127208
-1.301269081,-0.665751218,0.568763404,-1.851466491,0.139053538,1.290331057,0.299516258
-1.300783034,-0.665838713,0.568763393,-1.851346587,0.138985583,1.290156245,0.299905101
-1.300297083,-0.665926154,0.568763381,-1.851226764,0.138917680,1.289981555,0.300293737
-1.299811229,-0.666013539,0.568763370,-1.851107020,0.138849829,1.289806988,0.300682166
-1.299325472,-0.666100869,0.568763358,-1.850987356,0.138782029,1.289632542,0.301070387
-1.298839815,-0.666188144,0.568763347,-1.850867772,0.138714280,1.289458220,0.301458400
-1.298354257,-0.666275363,0.568763335,-1.850748268,0.138646584,1.289284020,0.301846205
-1.297868800,-0.666362527,0.568763324,-1.850628844,0.138578939,1.289109943,0.302233800
-1.297383445,-0.666449635,0.568763312,-1.850509501,0.138511346,1.288935990,0.302621185
-1.296898193,-0.666536687,0.568763301,-1.850390238,0.138443805,1.288762159,0.303008360
-1.296413045,-0.666623684,0.568763290,-1.850271056,0.138376315,1.288588452,0.303395324
-1.295928002,-0.666710624,0.568763278,-1.850151955,0.138308878,1.288414869,0.303782077
-1.295443065,-0.666797509,0.568763267,-1.850032934,0.138241493,1.288241409,0.304168618
-1.294958235,-0.666884337,0.568763255,-1.849913995,0.138174159,1.288068073,0.304554946
-1.294473513,-0.666971110,0.568763244,-1.849795136,0.138106878,1.287894861,0.304941062
-1.293988900,-0.667057826,0.568763233,-1.849676359,0.138039649,1.287721774,0.305326964
-1.293504397,-0.667144485,0.568763221,-1.849557663,0.137972472,1.287548810,0.305712653
-1.293020005,-0.667231088,0.568763210,-1.849439049,0.137905348,1.287375972,0.306098127
-1.292535726,-0.667317635,0.568763199,-1.849320516,0.137838276,1.287203258,0.306483387
-1.292051559,-0.667404124,0.568763187,-1.849202065,0.137771256,1.287030668,0.306868431
-1.291567507,-0.667490558,0.568763176,-1.849083696,0.137704288,1.286858204,0.307253259
-1.291083570,-0.667576934,0.568763165,-1.848965408,0.137637373,1.286685865,0.307637870
-1.290599749,-0.667663253,0.568763153,-1.848847203,0.137570511,1.286513652,0.308022265
-1.290116045,-0.667749515,0.568763142,-1.848729080,0.137503701,1.286341564,0.308406443
-1.289632460,-0.667835720,0.568763131,-1.848611039,0.137436944,1.286169601,0.308790402
-1.289148994,-0.667921868,0.568763119,-1.848493080,0.137370239,1.285997764,0.309174143
-1.288665648,-0.668007959,0.568763108,-1.848375205,0.137303588,1.285826053,0.309557665
-1.288182423,-0.668093992,0.568763097,-1.848257411,0.137236989,1.285654469,0.309940968
-1.287699320,-0.668179967,0.568763086,-1.848139701,0.137170443,1.285483010,0.310324051
-1.287216341,-0.668265885,0.568763074,-1.848022073,0.137103949,1.285311678,0.310706914
-1.286733486,-0.668351745,0.568763063,-1.847904528,0.137037509,1.285140473,0.311089555
-1.286250757,-0.668437548,0.568763052,-1.847787067,0.136971122,1.284969394,0.311471975
-1.285768154,-0.668523292,0.568763041,-1.847669688,0.136904787,1.284798442,0.311854174
-1.285285678,-0.668608979,0.568763029,-1.847552393,0.136838506,1.284627617,0.312236150
-1.284803330,-0.668694608,0.568763018,-1.847435182,0.136772278,1.284456920,0.312617903
-1.284321112,-0.668780178,0.568763007,-1.847318054,0.136706103,1.284286350,0.312999432
-1.283839024,-0.668865690,0.568762996,-1.847201010,0.136639982,1.284115907,0.313380738
-1.283357068,-0.668951144,0.568762985,-1.847084049,0.136573914,1.283945592,0.313761819
-1.282875243,-0.669036539,0.568762973,-1.846967172,0.136507899,1.283775405,0.314142675
-1.282393553,-0.669121876,0.568762962,-1.846850380,0.136441937,1.283605345,0.314523306
-1.281911996,-0.669207154,0.568762951,-1.846733672,0.136376029,1.283435414,0.314903711
-1.281430575,-0.669292374,0.568762940,-1.846617047,0.136310174,1.283265611,0.315283890
-1.280949291,-0.669377535,0.568762929,-1.846500508,0.136244373,1.283095937,0.315663842
-1.280468143,-0.669462637,0.568762918,-1.846384052,0.136178626,1.282926391,0.316043566
-1.279987135,-0.669547679,0.568762907,-1.846267682,0.136112932,1.282756974,0.316423062
-1.279506265,-0.669632663,0.568762895,-1.846151396,0.136047292,1.282587686,0.316802330
-1.279025536,-0.669717588,0.568762884,-1.846035195,0.135981706,1.282418527,0.317181370
-1.278544948,-0.669802453,0.568762873,-1.845919079,0.135916173,1.282249497,0.317560180
-1.278064503,-0.669887259,0.568762862,-1.845803048,0.135850694,1.282080596,0.317938760
-1.277584201,-0.669972006,0.568762851,-1.845687102,0.135785270,1.281911825,0.318317109
-1.277104044,-0.670056693,0.568762840,-1.845571241,0.135719899,1.281743184,0.318695228
-1.276624032,-0.670141320,0.568762829,-1.845455466,0.135654582,1.281574672,0.319073116
-1.276144166,-0.670225888,0.568762818,-1.845339776,0.135589319,1.281406290,0.319450771
-1.275664448,-0.670310396,0.568762807,-1.845224172,0.135524111,1.281238039,0.319828195
-1.275184878,-0.670394844,0.568762796,-1.845108654,0.135458956,1.281069918,0.320205385
-1.274705457,-0.670479232,0.568762785,-1.844993222,0.135393856,1.280901927,0.320582342
-1.274226187,-0.670563560,0.568762774,-1.844877875,0.135328810,1.280734067,0.320959066
-1.273747068,-0.670647828,0.568762763,-1.844762615,0.135263818,1.280566337,0.321335555
-1.273268101,-0.670732036,0.568762752,-1.844647441,0.135198881,1.280398738,0.321711810
-1.272789288,-0.670816183,0.568762741,-1.844532353,0.135133997,1.280231271,0.322087829
-1.272310629,-0.670900270,0.568762730,-1.844417352,0.135069169,1.280063934,0.322463612
-1.271832126,-0.670984296,0.568762719,-1.844302437,0.135004395,1.279896729,0.322839159
-1.271353778,-0.671068262,0.568762708,-1.844187609,0.134939675,1.279729656,0.323214470
-1.270875588,-0.671152167,0.568762697,-1.844072868,0.134875010,1.279562714,0.323589543
-1.270397557,-0.671236011,0.568762686,-1.843958213,0.134810400,1.279395903,0.323964379
-1.269919684,-0.671319794,0.568762675,-1.843843646,0.134745844,1.279229225,0.324338976
-1.269441972,-0.671403517,0.568762664,-1.843729166,0.134681344,1.279062679,0.324713335
-1.268964421,-0.671487178,0.568762653,-1.843614772,0.134616898,1.278896265,0.325087455
-1.268487033,-0.671570778,0.568762642,-1.843500467,0.134552506,1.278729983,0.325461335
-1.268009807,-0.671654317,0.568762631,-1.843386248,0.134488170,1.278563834,0.325834975
-1.267532746,-0.671737795,0.568762620,-1.843272118,0.134423889,1.278397818,0.326208374
-1.267055850,-0.671821211,0.568762609,-1.843158074,0.134359662,1.278231934,0.326581532
-1.266579120,-0.671904566,0.568762599,-1.843044119,0.134295491,1.278066183,0.326954449
-1.266102557,-0.671987859,0.568762588,-1.842930252,0.134231374,1.277900566,0.327327124
-1.265626163,-0.672071090,0.568762577,-1.842816472,0.134167313,1.277735082,0.327699556
-1.265149937,-0.672154260,0.568762566,-1.842702781,0.134103307,1.277569731,0.328071745
-1.264673882,-0.672237368,0.568762555,-1.842589178,0.134039357,1.277404513,0.328443691
-1.264197998,-0.672320414,0.568762544,-1.842475663,0.133975461,1.277239430,0.328815393
-1.263722285,-0.672403398,0.568762533,-1.842362237,0.133911621,1.277074480,0.329186850
-1.263246746,-0.672486320,0.568762523,-1.842248899,0.133847836,1.276909664,0.329558062
-1.262771381,-0.672569179,0.568762512,-1.842135650,0.133784107,1.276744983,0.329929029
-1.262296191,-0.672651976,0.568762501,-1.842022490,0.133720433,1.276580436,0.330299750
-1.261821176,-0.672734711,0.568762490,-1.841909418,0.133656814,1.276416023,0.330670225
-1.261346339,-0.672817384,0.568762479,-1.841796436,0.133593251,1.276251745,0.331040453
-1.260871680,-0.672899994,0.568762469,-1.841683542,0.133529744,1.276087601,0.331410434
-1.260397199,-0.672982541,0.568762458,-1.841570738,0.133466292,1.275923593,0.331780167
-1.259922898,-0.673065026,0.568762447,-1.841458023,0.133402897,1.275759719,0.332149651
-1.259448778,-0.673147447,0.568762436,-1.841345398,0.133339556,1.275595981,0.332518887
-1.258974840,-0.673229806,0.568762426,-1.841232862,0.133276272,1.275432378,0.332887874
-1.258501085,-0.673312102,0.568762415,-1.841120416,0.133213044,1.275268910,0.333256611
-1.258027513,-0.673394335,0.568762404,-1.841008060,0.133149871,1.275105578,0.333625098
-1.257554126,-0.673476505,0.568762394,-1.840895793,0.133086754,1.274942382,0.333993334
-1.257080925,-0.673558611,0.568762383,-1.840783617,0.133023694,1.274779321,0.334361320
-1.256607910,-0.673640654,0.568762372,-1.840671530,0.132960689,1.274616397,0.334729053
-1.256135083,-0.673722634,0.568762361,-1.840559534,0.132897740,1.274453609,0.335096535
-1.255662445,-0.673804550,0.568762351,-1.840447628,0.132834848,1.274290957,0.335463764
-1.255189996,-0.673886403,0.568762340,-1.840335812,0.132772011,1.274128442,0.335830740
-1.254717737,-0.673968191,0.568762329,-1.840224087,0.132709231,1.273966063,0.336197463
-1.254245670,-0.674049917,0.568762319,-1.840112453,0.132646508,1.273803821,0.336563932
-1.253773796,-0.674131578,0.568762308,-1.840000909,0.132583840,1.273641716,0.336930146
-1.253302114,-0.674213175,0.568762298,-1.839889457,0.132521229,1.273479748,0.337296106
-1.252830627,-0.674294709,0.568762287,-1.839778095,0.132458674,1.273317917,0.337661810
-1.252359336,-0.674376178,0.568762276,-1.839666824,0.132396176,1.273156224,0.338027258
-1.251888240,-0.674457583,0.568762266,-1.839555644,0.132333734,1.272994668,0.338392451
-1.251417342,-0.674538924,0.568762255,-1.839444556,0.132271349,1.272833249,0.338757386
-1.250946642,-0.674620200,0.568762245,-1.839333559,0.132209020,1.272671969,0.339122064
-1.250476141,-0.674701412,0.568762234,-1.839222653,0.132146748,1.272510826,0.339486485
-1.250005841,-0.674782560,0.568762223,-1.839111839,0.132084532,1.272349821,0.339850648
-1.249535741,-0.674863643,0.568762213,-1.839001117,0.132022374,1.272188955,0.340214552
-1.249065843,-0.674944661,0.568762202,-1.838890487,0.131960272,1.272028227,0.340578197
-1.248596148,-0.675025614,0.568762192,-1.838779948,0.131898227,1.271867637,0.340941582
-1.248126657,-0.675106503,0.568762181,-1.838669502,0.131836239,1.271707186,0.341304708
-1.247657371,-0.675187326,0.568762171,-1.838559147,0.131774307,1.271546873,0.341667573
-1.247188291,-0.675268085,0.568762160,-1.838448885,0.131712433,1.271386700,0.342030177
-1.246719417,-0.675348778,0.568762150,-1.838338715,0.131650615,1.271226665,0.342392520
-1.246250752,-0.675429407,0.568762139,-1.838228638,0.131588855,1.271066770,0.342754601
-1.245782294,-0.675509970,0.568762129,-1.838118653,0.131527152,1.270907014,0.343116420
-1.245314047,-0.675590467,0.568762118,-1.838008761,0.131465506,1.270747397,0.343477977
-1.244846010,-0.675670899,0.568762108,-1.837898961,0.131403917,1.270587920,0.343839270
-1.244378184,-0.675751266,0.568762097,-1.837789255,0.131342385,1.270428583,0.344200299
-1.243910571,-0.675831567,0.568762087,-1.837679641,0.131280910,1.270269385,0.344561064
-1.243443171,-0.675911802,0.568762076,-1.837570120,0.131219493,1.270110328,0.344921565
-1.242975986,-0.675991972,0.568762066,-1.837460693,0.131158133,1.269951411,0.345281801
-1.242509015,-0.676072076,0.568762056,-1.837351359,0.131096831,1.269792633,0.345641771
-1.242042261,-0.676152113,0.568762045,-1.837242118,0.131035586,1.269633997,0.346001475
-1.241575724,-0.676232085,0.568762035,-1.837132971,0.130974399,1.269475501,0.346360913
-1.241109406,-0.676311991,0.568762024,-1.837023917,0.130913269,1.269317145,0.346720084
-1.240643306,-0.676391830,0.568762014,-1.836914957,0.130852196,1.269158931,0.347078988
-1.240177426,-0.676471603,0.568762004,-1.836806091,0.130791181,1.269000857,0.347437625
-1.239711767,-0.676551310,0.568761993,-1.836697318,0.130730224,1.268842924,0.347795993
-1.239246330,-0.676630950,0.568761983,-1.836588640,0.130669325,1.268685133,0.348154092
-1.238781115,-0.676710524,0.568761973,-1.836480056,0.130608483,1.268527483,0.348511922
-1.238316124,-0.676790031,0.568761962,-1.836371565,0.130547699,1.268369974,0.348869483
-1.237851358,-0.676869472,0.568761952,-1.836263170,0.130486973,1.268212608,0.349226774
-1.237386818,-0.676948845,0.568761942,-1.836154868,0.130426305,1.268055382,0.349583794
-1.236922504,-0.677028152,0.568761931,-1.836046661,0.130365695,1.267898299,0.349940544
-1.236458417,-0.677107392,0.568761921,-1.835938549,0.130305142,1.267741358,0.350297022
-1.235994559,-0.677186565,0.568761911,-1.835830532,0.130244648,1.267584559,0.350653229
-1.235530930,-0.677265671,0.568761900,-1.835722609,0.130184212,1.267427902,0.351009163
-1.235067531,-0.677344710,0.568761890,-1.835614781,0.130123834,1.267271388,0.351364824
-1.234604363,-0.677423681,0.568761880,-1.835507048,0.130063514,1.267115017,0.351720213
-1.234141428,-0.677502585,0.568761870,-1.835399410,0.130003252,1.266958788,0.352075328
-1.233678725,-0.677581422,0.568761859,-1.835291868,0.129943048,1.266802701,0.352430169
-1.233216256,-0.677660191,0.568761849,-1.835184421,0.129882903,1.266646758,0.352784735
-1.232754022,-0.677738893,0.568761839,-1.835077069,0.129822816,1.266490958,0.353139027
-1.232292024,-0.677817527,0.568761829,-1.834969813,0.129762787,1.266335301,0.353493043
-1.231830263,-0.677896093,0.568761819,-1.834862652,0.129702817,1.266179788,0.353846783
-1.231368739,-0.677974591,0.568761808,-1.834755587,0.129642905,1.266024418,0.354200248
-1.230907453,-0.678053022,0.568761798,-1.834648618,0.129583052,1.265869192,0.354553435
-1.230446407,-0.678131385,0.568761788,-1.834541745,0.129523257,1.265714109,0.354906346
-1.229985602,-0.678209679,0.568761778,-1.834434967,0.129463521,1.265559171,0.355258979
-1.229525038,-0.678287905,0.568761768,-1.834328286,0.129403843,1.265404376,0.355611334
-1.229064715,-0.678366064,0.568761758,-1.834221702,0.129344224,1.265249726,0.355963410
-1.228604636,-0.678444153,0.568761747,-1.834115213,0.129284664,1.265095220,0.356315208
-1.228144801,-0.678522175,0.568761737,-1.834008821,0.129225162,1.264940858,0.356666727
-1.227685211,-0.678600128,0.568761727,-1.833902525,0.129165719,1.264786641,0.357017966
-1.227225867,-0.678678012,0.568761717,-1.833796326,0.129106335,1.264632568,0.357368924
-1.226766769,-0.678755828,0.568761707,-1.833690224,0.129047010,1.264478641,0.357719602
-1.226307919,-0.678833575,0.568761697,-1.833584218,0.128987744,1.264324858,0.358069999
-1.225849318,-0.678911254,0.568761687,-1.833478310,0.128928536,1.264171220,0.358420115
-1.225390966,-0.678988864,0.568761677,-1.833372498,0.128869388,1.264017728,0.358769948
-1.224932865,-0.679066404,0.568761667,-1.833266784,0.128810299,1.263864381,0.359119500
-1.224475015,-0.679143876,0.568761657,-1.833161166,0.128751268,1.263711179,0.359468768
-1.224017417,-0.679221278,0.568761647,-1.833055646,0.128692297,1.263558123,0.359817754
-1.223560072,-0.679298612,0.568761637,-1.832950223,0.128633385,1.263405213,0.360166456
-1.223102981,-0.679375876,0.568761627,-1.832844898,0.128574532,1.263252448,0.360514873
-1.222646145,-0.679453071,0.568761617,-1.832739671,0.128515739,1.263099830,0.360863007
-1.222189565,-0.679530197,0.568761607,-1.832634541,0.128457004,1.262947357,0.361210855
-1.221733242,-0.679607253,0.568761597,-1.832529509,0.128398329,1.262795031,0.361558418
-1.221277176,-0.679684239,0.568761587,-1.832424574,0.128339713,1.262642851,0.361905695
-1.220821368,-0.679761156,0.568761577,-1.832319738,0.128281157,1.262490818,0.362252686
-1.220365820,-0.679838003,0.568761567,-1.832215000,0.128222660,1.262338931,0.362599390
-1.219910533,-0.679914781,0.568761557,-1.832110360,0.128164223,1.262187191,0.362945808
-1.219455506,-0.679991488,0.568761547,-1.832005818,0.128105845,1.262035598,0.363291938
-1.219000742,-0.680068126,0.568761537,-1.831901375,0.128047526,1.261884152,0.363637780
-1.218546241,-0.680144694,0.568761527,-1.831797030,0.127989268,1.261732853,0.363983333
-1.218092003,-0.680221191,0.568761517,-1.831692783,0.127931068,1.261581701,0.364328598
-1.217638031,-0.680297619,0.568761507,-1.831588635,0.127872929,1.261430697,0.364673574
-1.217184323,-0.680373976,0.568761497,-1.831484586,0.127814849,1.261279840,0.365018260
-1.216730883,-0.680450263,0.568761487,-1.831380636,0.127756829,1.261129130,0.365362656
-1.216277710,-0.680526479,0.568761477,-1.831276785,0.127698869,1.260978569,0.365706762
-1.215824805,-0.680602625,0.568761468,-1.831173032,0.127640968,1.260828155,0.366050577
-1.215372170,-0.680678701,0.568761458,-1.831069379,0.127583127,1.260677889,0.366394101
-1.214919804,-0.680754706,0.568761448,-1.830965825,0.127525347,1.260527772,0.366737332
-1.214467710,-0.680830640,0.568761438,-1.830862370,0.127467626,1.260377802,0.367080272
-1.214015887,-0.680906503,0.568761428,-1.830759015,0.127409965,1.260227981,0.367422920
-1.213564337,-0.680982296,0.568761418,-1.830655759,0.127352364,1.260078308,0.367765274
-1.213113061,-0.681058018,0.568761409,-1.830552603,0.127294824,1.259928784,0.368107335
-1.212662059,-0.681133668,0.568761399,-1.830449546,0.127237343,1.259779409,0.368449102
-1.212211333,-0.681209248,0.568761389,-1.830346589,0.127179922,1.259630183,0.368790575
-1.211760883,-0.681284757,0.568761379,-1.830243732,0.127122562,1.259481105,0.369131753
-1.211310710,-0.681360194,0.568761370,-1.830140975,0.127065262,1.259332177,0.369472637
-1.210860815,-0.681435560,0.568761360,-1.830038318,0.127008022,1.259183397,0.369813225
-1.210411199,-0.681510855,0.568761350,-1.829935761,0.126950842,1.259034767,0.370153517
-1.209961863,-0.681586078,0.568761340,-1.829833305,0.126893723,1.258886287,0.370493513
-1.209512807,-0.681661230,0.568761331,-1.829730948,0.126836664,1.258737956,0.370833212
-1.209064033,-0.681736310,0.568761321,-1.829628692,0.126779666,1.258589775,0.371172614
-1.208615542,-0.681811319,0.568761311,-1.829526537,0.126722728,1.258441744,0.371511718
-1.208167333,-0.681886255,0.568761301,-1.829424482,0.126665850,1.258293862,0.371850525
-1.207719409,-0.681961121,0.568761292,-1.829322528,0.126609033,1.258146131,0.372189033
-1.207271770,-0.682035914,0.568761282,-1.829220674,0.126552276,1.257998549,0.372527243
-1.206824416,-0.682110635,0.568761272,-1.829118922,0.126495580,1.257851118,0.372865154
-1.206377350,-0.682185284,0.568761263,-1.829017270,0.126438945,1.257703838,0.373202765
-1.205930571,-0.682259861,0.568761253,-1.828915719,0.126382370,1.257556708,0.373540076
-1.205484080,-0.682334366,0.568761244,-1.828814270,0.126325856,1.257409728,0.373877086
-1.205037879,-0.682408799,0.568761234,-1.828712922,0.126269403,1.257262900,0.374213796
-1.204591967,-0.682483160,0.568761224,-1.828611675,0.126213011,1.257116222,0.374550205
-1.204146347,-0.682557448,0.568761215,-1.828510529,0.126156679,1.256969695,0.374886312
-1.203701019,-0.682631663,0.568761205,-1.828409485,0.126100408,1.256823319,0.375222118
-1.203255984,-0.682705807,0.568761196,-1.828308543,0.126044198,1.256677095,0.375557621
-1.202811242,-0.682779877,0.568761186,-1.828207702,0.125988049,1.256531022,0.375892821
-1.202366794,-0.682853875,0.568761176,-1.828106963,0.125931961,1.256385100,0.376227718
-1.201922642,-0.682927800,0.568761167,-1.828006326,0.125875934,1.256239330,0.376562311
-1.201478787,-0.683001653,0.568761157,-1.827905790,0.125819968,1.256093712,0.376896601
-1.201035228,-0.683075432,0.568761148,-1.827805357,0.125764063,1.255948245,0.377230586
-1.200591967,-0.683149139,0.568761138,-1.827705026,0.125708219,1.255802930,0.377564267
-1.200149005,-0.683222772,0.568761129,-1.827604797,0.125652436,1.255657768,0.377897642
-1.199706342,-0.683296333,0.568761119,-1.827504670,0.125596715,1.255512757,0.378230712
-1.199263980,-0.683369820,0.568761110,-1.827404646,0.125541054,1.255367899,0.378563475
-1.198821919,-0.683443234,0.568761100,-1.827304724,0.125485455,1.255223193,0.378895933
-1.198380160,-0.683516575,0.568761091,-1.827204905,0.125429917,1.255078640,0.379228084
-1.197938704,-0.683589842,0.568761081,-1.827105188,0.125374441,1.254934239,0.379559927
-1.197497552,-0.683663036,0.568761072,-1.827005574,0.125319026,1.254789991,0.379891463
-1.197056705,-0.683736157,0.568761062,-1.826906063,0.125263672,1.254645896,0.380222692
-1.196616163,-0.683809204,0.568761053,-1.826806655,0.125208380,1.254501953,0.380553611
-1.196175928,-0.683882177,0.568761044,-1.826707349,0.125153149,1.254358164,0.380884223
-1.195735999,-0.683955076,0.568761034,-1.826608147,0.125097979,1.254214528,0.381214525
-1.195296379,-0.684027902,0.568761025,-1.826509048,0.125042871,1.254071045,0.381544517
-1.194857068,-0.684100654,0.568761015,-1.826410052,0.124987825,1.253927716,0.381874200
-1.194418066,-0.684173332,0.568761006,-1.826311160,0.124932840,1.253784540,0.382203573
-1.193979375,-0.684245936,0.568760997,-1.826212371,0.124877917,1.253641518,0.382532635
-1.193540995,-0.684318466,0.568760987,-1.826113685,0.124823056,1.253498649,0.382861385
-1.193102927,-0.684390922,0.568760978,-1.826015103,0.124768256,1.253355934,0.383189825
-1.192665173,-0.684463303,0.568760969,-1.825916624,0.124713518,1.253213373,0.383517953
-1.192227732,-0.684535611,0.568760959,-1.825818250,0.124658841,1.253070967,0.383845768
-1.191790606,-0.684607844,0.568760950,-1.825719979,0.124604227,1.252928714,0.384173271
-1.191353795,-0.684680003,0.568760941,-1.825621812,0.124549674,1.252786616,0.384500461
-1.190917301,-0.684752087,0.568760931,-1.825523749,0.124495183,1.252644672,0.384827338
-1.190481124,-0.684824096,0.568760922,-1.825425790,0.124440755,1.252502882,0.385153901
-1.190045265,-0.684896031,0.568760913,-1.825327935,0.124386388,1.252361248,0.385480150
-1.189609725,-0.684967892,0.568760903,-1.825230185,0.124332083,1.252219767,0.385806084
-1.189174504,-0.685039677,0.568760894,-1.825132538,0.124277840,1.252078442,0.386131704
-1.188739604,-0.685111388,0.568760885,-1.825034997,0.124223659,1.251937272,0.386457008
-1.188305025,-0.685183024,0.568760876,-1.824937559,0.124169540,1.251796256,0.386781997
-1.187870769,-0.685254585,0.568760866,-1.824840227,0.124115483,1.251655396,0.387106670
-1.187436835,-0.685326071,0.568760857,-1.824742999,0.124061488,1.251514691,0.387431026
-1.187003225,-0.685397482,0.568760848,-1.824645875,0.124007556,1.251374142,0.387755066
-1.186569939,-0.685468818,0.568760839,-1.824548857,0.123953686,1.251233747,0.388078789
-1.186136979,-0.685540079,0.568760830,-1.824451943,0.123899878,1.251093509,0.388402194
-1.185704345,-0.685611264,0.568760820,-1.824355134,0.123846132,1.250953426,0.388725281
-1.185272038,-0.685682374,0.568760811,-1.824258431,0.123792448,1.250813499,0.389048050
-1.184840059,-0.685753409,0.568760802,-1.824161832,0.123738827,1.250673727,0.389370501
-1.184408408,-0.685824368,0.568760793,-1.824065339,0.123685268,1.250534112,0.389692632
-1.183977087,-0.685895252,0.568760784,-1.823968951,0.123631772,1.250394653,0.390014444
-1.183546096,-0.685966060,0.568760775,-1.823872669,0.123578338,1.250255350,0.390335937
-1.183115436,-0.686036793,0.568760766,-1.823776492,0.123524966,1.250116203,0.390657109
-1.182685108,-0.686107449,0.568760756,-1.823680420,0.123471657,1.249977212,0.390977961
-1.182255113,-0.686178030,0.568760747,-1.823584454,0.123418411,1.249838379,0.391298492
-1.181825451,-0.686248535,0.568760738,-1.823488594,0.123365227,1.249699701,0.391618702
-1.181396123,-0.686318964,0.568760729,-1.823392839,0.123312105,1.249561181,0.391938591
-1.180967130,-0.686389318,0.568760720,-1.823297191,0.123259047,1.249422817,0.392258157
-1.180538473,-0.686459595,0.568760711,-1.823201648,0.123206050,1.249284610,0.392577401
-1.180110153,-0.686529796,0.568760702,-1.823106211,0.123153117,1.249146560,0.392896323
-1.179682170,-0.686599921,0.568760693,-1.823010881,0.123100246,1.249008668,0.393214922
-1.179254526,-0.686669969,0.568760684,-1.822915657,0.123047438,1.248870932,0.393533197
-1.178827220,-0.686739942,0.568760675,-1.822820538,0.122994693,1.248733354,0.393851148
-1.178400255,-0.686809838,0.568760666,-1.822725527,0.122942011,1.248595933,0.394168776
-1.177973629,-0.686879657,0.568760657,-1.822630621,0.122889391,1.248458670,0.394486079
-1.177547346,-0.686949401,0.568760648,-1.822535822,0.122836834,1.248321564,0.394803057
-1.177121404,-0.687019067,0.568760639,-1.822441130,0.122784340,1.248184617,0.395119710
-1.176695806,-0.687088657,0.568760630,-1.822346544,0.122731909,1.248047826,0.395436038
-1.176270551,-0.687158170,0.568760621,-1.822252065,0.122679541,1.247911194,0.395752039
-1.175845640,-0.687227607,0.568760612,-1.822157693,0.122627236,1.247774720,0.396067715
-1.175421076,-0.687296967,0.568760603,-1.822063428,0.122574994,1.247638404,0.396383064
-1.174996857,-0.687366250,0.568760594,-1.821969269,0.122522815,1.247502246,0.396698086
-1.174572985,-0.687435456,0.568760585,-1.821875218,0.122470699,1.247366247,0.397012780
-1.174149461,-0.687504585,0.568760577,-1.821781273,0.122418647,1.247230406,0.397327147
-1.173726285,-0.687573637,0.568760568,-1.821687436,0.122366657,1.247094723,0.397641186
-1.173303458,-0.687642611,0.568760559,-1.821593706,0.122314731,1.246959199,0.397954897
-1.172880982,-0.687711509,0.568760550,-1.821500084,0.122262867,1.246823834,0.398268279
-1.172458856,-0.687780330,0.568760541,-1.821406568,0.122211067,1.246688627,0.398581332
-1.172037082,-0.687849073,0.568760532,-1.821313161,0.122159330,1.246553580,0.398894055
-1.171615660,-0.687917739,0.568760523,-1.821219860,0.122107657,1.246418691,0.399206449
-1.171194591,-0.687986327,0.568760515,-1.821126668,0.122056046,1.246283961,0.399518513
-1.170773876,-0.688054838,0.568760506,-1.821033583,0.122004500,1.246149391,0.399830246
-1.170353516,-0.688123271,0.568760497,-1.820940606,0.121953016,1.246014980,0.400141649
-1.169933511,-0.688191627,0.568760488,-1.820847737,0.121901596,1.245880728,0.400452720
-1.169513862,-0.688259906,0.568760479,-1.820754975,0.121850239,1.245746636,0.400763460
-1.169094570,-0.688328106,0.568760471,-1.820662322,0.121798946,1.245612703,0.401073868
-1.168675636,-0.688396229,0.568760462,-1.820569776,0.121747716,1.245478930,0.401383944
-1.168257060,-0.688464274,0.568760453,-1.820477339,0.121696550,1.245345317,0.401693687
-1.167838844,-0.688532241,0.568760444,-1.820385010,0.121645447,1.245211863,0.402003098
-1.167420988,-0.688600130,0.568760436,-1.820292789,0.121594408,1.245078570,0.402312175
-1.167003492,-0.688667941,0.568760427,-1.820200677,0.121543432,1.244945436,0.402620919
-1.166586358,-0.688735674,0.568760418,-1.820108673,0.121492520,1.244812463,0.402929329
-1.166169586,-0.688803329,0.568760410,-1.820016777,0.121441672,1.244679649,0.403237405
-1.165753177,-0.688870906,0.568760401,-1.819924990,0.121390887,1.244546997,0.403545146
-1.165337132,-0.688938404,0.568760392,-1.819833312,0.121340166,1.244414504,0.403852553
-1.164921451,-0.689005824,0.568760383,-1.819741742,0.121289508,1.244282172,0.404159624
-1.164506136,-0.689073166,0.568760375,-1.819650281,0.121238915,1.244150000,0.404466359
-1.164091186,-0.689140430,0.568760366,-1.819558929,0.121188385,1.244017990,0.404772759
-1.163676604,-0.689207615,0.568760358,-1.819467686,0.121137919,1.243886139,0.405078823
-1.163262389,-0.689274721,0.568760349,-1.819376552,0.121087517,1.243754450,0.405384550
-1.162848542,-0.689341749,0.568760340,-1.819285527,0.121037179,1.243622922,0.405689940
-1.162435064,-0.689408698,0.568760332,-1.819194611,0.120986904,1.243491555,0.405994993
-1.162021956,-0.689475569,0.568760323,-1.819103804,0.120936694,1.243360348,0.406299709
-1.161609218,-0.689542361,0.568760315,-1.819013107,0.120886547,1.243229303,0.406604086
-1.161196852,-0.689609074,0.568760306,-1.818922518,0.120836465,1.243098420,0.406908126
-1.160784858,-0.689675708,0.568760297,-1.818832040,0.120786446,1.242967697,0.407211827
-1.160373236,-0.689742263,0.568760289,-1.818741670,0.120736492,1.242837136,0.407515189
-1.159961988,-0.689808739,0.568760280,-1.818651410,0.120686601,1.242706737,0.407818212
-1.159551114,-0.689875137,0.568760272,-1.818561260,0.120636775,1.242576499,0.408120895
-1.159140614,-0.689941455,0.568760263,-1.818471219,0.120587012,1.242446423,0.408423239
-1.158730491,-0.690007694,0.568760255,-1.818381289,0.120537314,1.242316509,0.408725243
-1.158320744,-0.690073854,0.568760246,-1.818291468,0.120487680,1.242186757,0.409026906
-1.157911373,-0.690139934,0.568760238,-1.818201756,0.120438110,1.242057167,0.409328228
-1.157502381,-0.690205935,0.568760229,-1.818112155,0.120388604,1.241927738,0.409629209
-1.157093767,-0.690271857,0.568760221,-1.818022664,0.120339162,1.241798472,0.409929849
-1.156685533,-0.690337700,0.568760212,-1.817933283,0.120289785,1.241669368,0.410230147
-1.156277679,-0.690403463,0.568760204,-1.817844012,0.120240472,1.241540427,0.410530103
-1.155870205,-0.690469146,0.568760196,-1.817754851,0.120191223,1.241411647,0.410829717
-1.155463113,-0.690534750,0.568760187,-1.817665800,0.120142039,1.241283031,0.411128988
-1.155056402,-0.690600275,0.568760179,-1.817576860,0.120092919,1.241154577,0.411427916
-1.154650075,-0.690665719,0.568760170,-1.817488030,0.120043863,1.241026285,0.411726500
-1.154244132,-0.690731084,0.568760162,-1.817399311,0.119994872,1.240898156,0.412024741
-1.153838572,-0.690796369,0.568760154,-1.817310702,0.119945945,1.240770190,0.412322638
-1.153433398,-0.690861574,0.568760145,-1.817222203,0.119897082,1.240642387,0.412620191
-1.153028609,-0.690926700,0.568760137,-1.817133816,0.119848284,1.240514747,0.412917399
-1.152624207,-0.690991745,0.568760128,-1.817045539,0.119799551,1.240387270,0.413214263
-1.152220192,-0.691056710,0.568760120,-1.816957373,0.119750882,1.240259956,0.413510781
-1.151816565,-0.691121596,0.568760112,-1.816869317,0.119702277,1.240132806,0.413806954
-1.151413327,-0.691186401,0.568760104,-1.816781373,0.119653737,1.240005818,0.414102781
-1.151010478,-0.691251126,0.568760095,-1.816693540,0.119605262,1.239878994,0.414398262
-1.150608018,-0.691315771,0.568760087,-1.816605817,0.119556851,1.239752334,0.414693396
-1.150205950,-0.691380335,0.568760079,-1.816518206,0.119508505,1.239625837,0.414988184
-1.149804273,-0.691444820,0.568760070,-1.816430706,0.119460224,1.239499503,0.415282624
-1.149402988,-0.691509224,0.568760062,-1.816343317,0.119412007,1.239373334,0.415576718
-1.149002095,-0.691573547,0.568760054,-1.816256039,0.119363855,1.239247328,0.415870463
-1.148601597,-0.691637790,0.568760046,-1.816168873,0.119315767,1.239121486,0.416163861
-1.148201492,-0.691701953,0.568760037,-1.816081818,0.119267744,1.238995808,0.416456911
-1.147801782,-0.691766035,0.568760029,-1.815994874,0.119219787,1.238870294,0.416749612
-1.147402468,-0.691830036,0.568760021,-1.815908042,0.119171893,1.238744944,0.417041964
-1.147003551,-0.691893957,0.568760013,-1.815821322,0.119124065,1.238619758,0.417333967
-1.146605030,-0.691957796,0.568760005,-1.815734713,0.119076301,1.238494736,0.417625621
-1.146206907,-0.692021556,0.568759996,-1.815648216,0.119028603,1.238369879,0.417916925
-1.145809182,-0.692085234,0.568759988,-1.815561831,0.118980969,1.238245186,0.418207879
-1.145411856,-0.692148831,0.568759980,-1.815475558,0.118933400,1.238120657,0.418498482
-1.145014930,-0.692212348,0.568759972,-1.815389396,0.118885896,1.237996293,0.418788735
-1.144618404,-0.692275784,0.568759964,-1.815303347,0.118838457,1.237872094,0.419078638
-1.144222279,-0.692339138,0.568759956,-1.815217409,0.118791083,1.237748060,0.419368188
-1.143826556,-0.692402412,0.568759948,-1.815131584,0.118743774,1.237624190,0.419657388
-1.143431236,-0.692465604,0.568759940,-1.815045870,0.118696529,1.237500485,0.419946236
-1.143036318,-0.692528715,0.568759931,-1.814960269,0.118649350,1.237376945,0.420234731
-1.142641805,-0.692591745,0.568759923,-1.814874780,0.118602236,1.237253569,0.420522875
-1.142247696,-0.692654694,0.568759915,-1.814789404,0.118555187,1.237130359,0.420810665
-1.141853992,-0.692717562,0.568759907,-1.814704139,0.118508203,1.237007314,0.421098103
-1.141460693,-0.692780348,0.568759899,-1.814618987,0.118461284,1.236884435,0.421385188
-1.141067802,-0.692843052,0.568759891,-1.814533948,0.118414431,1.236761720,0.421671919
-1.140675317,-0.692905676,0.568759883,-1.814449021,0.118367642,1.236639171,0.421958296
-1.140283240,-0.692968217,0.568759875,-1.814364207,0.118320918,1.236516787,0.422244319
-1.139891572,-0.693030678,0.568759867,-1.814279505,0.118274260,1.236394569,0.422529988
-1.139500313,-0.693093056,0.568759859,-1.814194916,0.118227667,1.236272516,0.422815302
-1.139109464,-0.693155353,0.568759851,-1.814110440,0.118181139,1.236150629,0.423100262
-1.138719025,-0.693217568,0.568759843,-1.814026076,0.118134676,1.236028908,0.423384866
-1.138328997,-0.693279702,0.568759835,-1.813941826,0.118088279,1.235907352,0.423669115
-1.137939381,-0.693341754,0.568759827,-1.813857688,0.118041947,1.235785963,0.423953008
-1.137550177,-0.693403724,0.568759819,-1.813773663,0.117995680,1.235664739,0.424236545
-1.137161387,-0.693465612,0.568759812,-1.813689751,0.117949479,1.235543681,0.424519725
-1.136773010,-0.693527418,0.568759804,-1.813605953,0.117903342,1.235422789,0.424802550
-1.136385048,-0.693589142,0.568759796,-1.813522267,0.117857271,1.235302063,0.425085017
-1.135997501,-0.693650785,0.568759788,-1.813438695,0.117811266,1.235181503,0.425367127
-1.135610369,-0.693712345,0.568759780,-1.813355236,0.117765326,1.235061110,0.425648880
-1.135223654,-0.693773823,0.568759772,-1.813271890,0.117719451,1.234940883,0.425930275
-1.134837356,-0.693835219,0.568759764,-1.813188658,0.117673642,1.234820822,0.426211312
-1.134451476,-0.693896533,0.568759756,-1.813105539,0.117627898,1.234700928,0.426491991
-1.134066013,-0.693957764,0.568759749,-1.813022533,0.117582220,1.234581200,0.426772312
-1.133680970,-0.694018913,0.568759741,-1.812939641,0.117536607,1.234461639,0.427052274
-1.133296346,-0.694079980,0.568759733,-1.812856863,0.117491059,1.234342244,0.427331877
-1.132912143,-0.694140965,0.568759725,-1.812774198,0.117445577,1.234223017,0.427611120
-1.132528360,-0.694201867,0.568759717,-1.812691646,0.117400161,1.234103955,0.427890004
-1.132144999,-0.694262687,0.568759710,-1.812609209,0.117354810,1.233985061,0.428168529
-1.131762060,-0.694323424,0.568759702,-1.812526885,0.117309525,1.233866334,0.428446693
-1.131379544,-0.694384079,0.568759694,-1.812444675,0.117264305,1.233747773,0.428724497
-1.130997451,-0.694444651,0.568759686,-1.812362579,0.117219151,1.233629380,0.429001940
-1.130615782,-0.694505141,0.568759679,-1.812280597,0.117174063,1.233511153,0.429279023
-1.130234538,-0.694565548,0.568759671,-1.812198729,0.117129040,1.233393094,0.429555744
-1.129853719,-0.694625872,0.568759663,-1.812116974,0.117084082,1.233275202,0.429832104
-1.129473326,-0.694686113,0.568759655,-1.812035334,0.117039191,1.233157477,0.430108103
-1.129093359,-0.694746272,0.568759648,-1.811953808,0.116994365,1.233039920,0.430383739
-1.128713820,-0.694806348,0.568759640,-1.811872396,0.116949605,1.232922529,0.430659014
-1.128334708,-0.694866341,0.568759632,-1.811791099,0.116904910,1.232805307,0.430933926
-1.127956025,-0.694926251,0.568759625,-1.811709915,0.116860282,1.232688252,0.431208476
-1.127577770,-0.694986078,0.568759617,-1.811628846,0.116815718,1.232571364,0.431482662
-1.127199946,-0.695045822,0.568759609,-1.811547891,0.116771221,1.232454644,0.431756486
-1.126822551,-0.695105483,0.568759602,-1.811467051,0.116726790,1.232338092,0.432029946
-1.126445588,-0.695165061,0.568759594,-1.811386325,0.116682424,1.232221707,0.432303042
-1.126069055,-0.695224556,0.568759587,-1.811305714,0.116638124,1.232105490,0.432575775
-1.125692955,-0.695283968,0.568759579,-1.811225217,0.116593890,1.231989441,0.432848143
-1.125317288,-0.695343297,0.568759571,-1.811144835,0.116549722,1.231873560,0.433120147
-1.124942054,-0.695402542,0.568759564,-1.811064567,0.116505619,1.231757847,0.433391787
-1.124567254,-0.695461704,0.568759556,-1.810984414,0.116461583,1.231642302,0.433663062
-1.124192888,-0.695520783,0.568759549,-1.810904376,0.116417612,1.231526925,0.433933971
-1.123818957,-0.695579779,0.568759541,-1.810824452,0.116373707,1.231411716,0.434204515
-1.123445462,-0.695638691,0.568759534,-1.810744644,0.116329868,1.231296675,0.434474694
-1.123072403,-0.695697519,0.568759526,-1.810664950,0.116286095,1.231181803,0.434744507
-1.122699782,-0.695756265,0.568759519,-1.810585371,0.116242388,1.231067098,0.435013953
-1.122327597,-0.695814926,0.568759511,-1.810505907,0.116198747,1.230952563,0.435283033
-1.121955851,-0.695873504,0.568759504,-1.810426558,0.116155172,1.230838195,0.435551747
-1.121584544,-0.695931999,0.568759496,-1.810347324,0.116111663,1.230723996,0.435820094
-1.121213675,-0.695990410,0.568759489,-1.810268205,0.116068219,1.230609966,0.436088074
-1.120843247,-0.696048737,0.568759481,-1.810189202,0.116024842,1.230496104,0.436355687
-1.120473259,-0.696106981,0.568759474,-1.810110313,0.115981531,1.230382410,0.436622932
-1.120103712,-0.696165141,0.568759466,-1.810031540,0.115938286,1.230268886,0.436889810
-1.119734606,-0.696223217,0.568759459,-1.809952882,0.115895107,1.230155530,0.437156319
-1.119365943,-0.696281209,0.568759452,-1.809874339,0.115851994,1.230042343,0.437422461
-1.118997723,-0.696339118,0.568759444,-1.809795912,0.115808947,1.229929324,0.437688234
-1.118629946,-0.696396943,0.568759437,-1.809717600,0.115765966,1.229816475,0.437953638
-1.118262612,-0.696454683,0.568759429,-1.809639403,0.115723051,1.229703794,0.438218673
-1.117895724,-0.696512340,0.568759422,-1.809561322,0.115680202,1.229591283,0.438483339
-1.117529280,-0.696569913,0.568759415,-1.809483357,0.115637419,1.229478940,0.438747636
-1.117163282,-0.696627402,0.568759407,-1.809405507,0.115594703,1.229366767,0.439011564
-1.116797731,-0.696684806,0.568759400,-1.809327772,0.115552052,1.229254762,0.439275121
-1.116432626,-0.696742127,0.568759393,-1.809250154,0.115509468,1.229142927,0.439538309
-1.116067968,-0.696799364,0.568759385,-1.809172650,0.115466950,1.229031261,0.439801126
-1.115703759,-0.696856516,0.568759378,-1.809095263,0.115424498,1.228919764,0.440063573
-1.115339998,-0.696913584,0.568759371,-1.809017991,0.115382112,1.228808437,0.440325650
-1.114976686,-0.696970568,0.568759364,-1.808940836,0.115339793,1.228697278,0.440587355
-1.114613823,-0.697027468,0.568759356,-1.808863796,0.115297539,1.228586290,0.440848689
-1.114251411,-0.697084284,0.568759349,-1.808786871,0.115255352,1.228475470,0.441109652
-1.113889449,-0.697141015,0.568759342,-1.808710063,0.115213231,1.228364821,0.441370244
-1.113527939,-0.697197661,0.568759335,-1.808633371,0.115171176,1.228254340,0.441630463
-1.113166881,-0.697254224,0.568759327,-1.808556794,0.115129188,1.228144030,0.441890311
-1.112806275,-0.697310702,0.568759320,-1.808480334,0.115087266,1.228033889,0.442149786
-1.112446122,-0.697367095,0.568759313,-1.808403990,0.115045410,1.227923917,0.442408890
-1.112086423,-0.697423404,0.568759306,-1.808327762,0.115003620,1.227814116,0.442667620
-1.111727177,-0.697479629,0.568759299,-1.808251650,0.114961897,1.227704484,0.442925978
-1.111368386,-0.697535769,0.568759292,-1.808175654,0.114920240,1.227595022,0.443183962
-1.111010051,-0.697591824,0.568759284,-1.808099774,0.114878649,1.227485729,0.443441574
-1.110652171,-0.697647795,0.568759277,-1.808024011,0.114837124,1.227376607,0.443698812
-1.110294747,-0.697703681,0.568759270,-1.807948364,0.114795666,1.227267654,0.443955676
-1.109937780,-0.697759483,0.568759263,-1.807872833,0.114754274,1.227158872,0.444212166
-1.109581271,-0.697815199,0.568759256,-1.807797418,0.114712949,1.227050259,0.444468283
-1.109225219,-0.697870831,0.568759249,-1.807722120,0.114671690,1.226941817,0.444724025
-1.108869626,-0.697926378,0.568759242,-1.807646939,0.114630497,1.226833545,0.444979393
-1.108514491,-0.697981841,0.568759235,-1.807571874,0.114589371,1.226725442,0.445234386
-1.108159816,-0.698037219,0.568759228,-1.807496925,0.114548310,1.226617510,0.445489004
-1.107805601,-0.698092511,0.568759221,-1.807422093,0.114507317,1.226509748,0.445743247
-1.107451847,-0.698147719,0.568759214,-1.807347377,0.114466390,1.226402157,0.445997115
-1.107098553,-0.698202842,0.568759207,-1.807272778,0.114425529,1.226294736,0.446250607
-1.106745721,-0.698257880,0.568759200,-1.807198295,0.114384734,1.226187484,0.446503724
-1.106393352,-0.698312833,0.568759193,-1.807123930,0.114344006,1.226080404,0.446756465
-1.106041444,-0.698367701,0.568759186,-1.807049681,0.114303344,1.225973494,0.447008829
-1.105690000,-0.698422484,0.568759179,-1.806975548,0.114262749,1.225866754,0.447260818
-1.105339020,-0.698477182,0.568759172,-1.806901533,0.114222220,1.225760184,0.447512430
-1.104988504,-0.698531795,0.568759165,-1.806827634,0.114181758,1.225653785,0.447763666
-1.104638452,-0.698586322,0.568759158,-1.806753852,0.114141362,1.225547557,0.448014524
-1.104288866,-0.698640765,0.568759151,-1.806680187,0.114101033,1.225441499,0.448265006
-1.103939745,-0.698695122,0.568759144,-1.806606638,0.114060770,1.225335612,0.448515110
-1.103591091,-0.698749394,0.568759137,-1.806533207,0.114020573,1.225229896,0.448764838
-1.103242903,-0.698803581,0.568759130,-1.806459892,0.113980443,1.225124350,0.449014187
-1.102895183,-0.698857683,0.568759123,-1.806386695,0.113940380,1.225018975,0.449263159
-1.102547930,-0.698911699,0.568759116,-1.806313614,0.113900383,1.224913770,0.449511753
-1.102201145,-0.698965630,0.568759109,-1.806240651,0.113860452,1.224808737,0.449759969
-1.101854830,-0.699019476,0.568759103,-1.806167804,0.113820588,1.224703874,0.450007806
-1.101508983,-0.699073236,0.568759096,-1.806095075,0.113780790,1.224599182,0.450255265
-1.101163606,-0.699126911,0.568759089,-1.806022463,0.113741059,1.224494661,0.450502346
-1.100818700,-0.699180501,0.568759082,-1.805949968,0.113701395,1.224390311,0.450749047
-1.100474264,-0.699234005,0.568759075,-1.805877590,0.113661797,1.224286132,0.450995370
-1.100130299,-0.699287424,0.568759068,-1.805805329,0.113622265,1.224182123,0.451241313
-1.099786807,-0.699340757,0.568759062,-1.805733186,0.113582800,1.224078286,0.451486877
-1.099443786,-0.699394004,0.568759055,-1.805661159,0.113543402,1.223974620,0.451732061
-1.099101238,-0.699447166,0.568759048,-1.805589250,0.113504070,1.223871125,0.451976866
-1.098759163,-0.699500243,0.568759041,-1.805517459,0.113464805,1.223767800,0.452221291
-1.098417562,-0.699553234,0.568759035,-1.805445784,0.113425606,1.223664647,0.452465336
-1.098076435,-0.699606139,0.568759028,-1.805374227,0.113386474,1.223561666,0.452709000
-1.097735783,-0.699658959,0.568759021,-1.805302788,0.113347408,1.223458855,0.452952284
-1.097395605,-0.699711693,0.568759014,-1.805231465,0.113308409,1.223356215,0.453195188
-1.097055904,-0.699764341,0.568759008,-1.805160261,0.113269476,1.223253747,0.453437711
-1.096716678,-0.699816904,0.568759001,-1.805089173,0.113230610,1.223151450,0.453679853
-1.096377929,-0.699869381,0.568758994,-1.805018203,0.113191811,1.223049324,0.453921614
-1.096039657,-0.699921772,0.568758988,-1.804947351,0.113153078,1.222947370,0.454162994
-1.095701862,-0.699974077,0.568758981,-1.804876616,0.113114412,1.222845587,0.454403992
-1.095364545,-0.700026297,0.568758974,-1.804805999,0.113075812,1.222743975,0.454644609
-1.095027707,-0.700078431,0.568758968,-1.804735499,0.113037279,1.222642534,0.454884844
-1.094691347,-0.700130478,0.568758961,-1.804665117,0.112998813,1.222541265,0.455124697
-1.094355467,-0.700182440,0.568758955,-1.804594853,0.112960413,1.222440168,0.455364169
-1.094020067,-0.700234317,0.568758948,-1.804524706,0.112922080,1.222339242,0.455603258
-1.093685147,-0.700286107,0.568758941,-1.804454677,0.112883813,1.222238487,0.455841964
-1.093350707,-0.700337811,0.568758935,-1.804384765,0.112845613,1.222137904,0.456080289
-1.093016749,-0.700389429,0.568758928,-1.804314972,0.112807479,1.222037492,0.456318230
-1.092683272,-0.700440962,0.568758922,-1.804245296,0.112769412,1.221937252,0.456555789
-1.092350278,-0.700492408,0.568758915,-1.804175737,0.112731412,1.221837183,0.456792965
-1.092017766,-0.700543769,0.568758909,-1.804106297,0.112693478,1.221737286,0.457029758
-1.091685737,-0.700595043,0.568758902,-1.804036974,0.112655611,1.221637560,0.457266167
-1.091354191,-0.700646231,0.568758896,-1.803967769,0.112617811,1.221538007,0.457502194
-1.091023129,-0.700697334,0.568758889,-1.803898682,0.112580077,1.221438624,0.457737836
-1.090692552,-0.700748350,0.568758883,-1.803829713,0.112542410,1.221339414,0.457973095
-1.090362459,-0.700799280,0.568758876,-1.803760862,0.112504809,1.221240375,0.458207970
-1.090032851,-0.700850124,0.568758870,-1.803692128,0.112467275,1.221141508,0.458442461
-1.089703729,-0.700900881,0.568758863,-1.803623513,0.112429808,1.221042812,0.458676568
-1.089375093,-0.700951553,0.568758857,-1.803555015,0.112392407,1.220944288,0.458910291
-1.089046944,-0.701002139,0.568758850,-1.803486635,0.112355072,1.220845936,0.459143629
-1.088719281,-0.701052638,0.568758844,-1.803418374,0.112317805,1.220747756,0.459376583
-1.088392106,-0.701103051,0.568758838,-1.803350230,0.112280604,1.220649747,0.459609152
-1.088065419,-0.701153378,0.568758831,-1.803282204,0.112243470,1.220551911,0.459841337
-1.087739219,-0.701203618,0.568758825,-1.803214297,0.112206402,1.220454246,0.460073136
-1.087413509,-0.701253772,0.568758818,-1.803146507,0.112169401,1.220356753,0.460304550
-1.087088287,-0.701303840,0.568758812,-1.803078835,0.112132466,1.220259431,0.460535579
-1.086763555,-0.701353822,0.568758806,-1.803011282,0.112095598,1.220162282,0.460766223
-1.086439313,-0.701403717,0.568758799,-1.802943846,0.112058797,1.220065304,0.460996481
-1.086115561,-0.701453526,0.568758793,-1.802876529,0.112022062,1.219968498,0.461226354
-1.085792300,-0.701503249,0.568758787,-1.802809330,0.111985394,1.219871865,0.461455841
-1.085469530,-0.701552885,0.568758780,-1.802742248,0.111948793,1.219775403,0.461684942
-1.085147251,-0.701602435,0.568758774,-1.802675285,0.111912258,1.219679113,0.461913657
-1.084825465,-0.701651899,0.568758768,-1.802608441,0.111875789,1.219582995,0.462141986
-1.084504171,-0.701701276,0.568758762,-1.802541714,0.111839388,1.219487048,0.462369928
-1.084183369,-0.701750567,0.568758755,-1.802475105,0.111803053,1.219391274,0.462597485
-1.083863061,-0.701799771,0.568758749,-1.802408615,0.111766784,1.219295672,0.462824654
-1.083543246,-0.701848889,0.568758743,-1.802342243,0.111730582,1.219200241,0.463051437
-1.083223926,-0.701897920,0.568758737,-1.802275989,0.111694447,1.219104983,0.463277834
-1.082905099,-0.701946865,0.568758730,-1.802209854,0.111658378,1.219009897,0.463503843
-1.082586768,-0.701995723,0.568758724,-1.802143836,0.111622376,1.218914982,0.463729466
-1.082268932,-0.702044495,0.568758718,-1.802077937,0.111586440,1.218820240,0.463954701
-1.081951591,-0.702093181,0.568758712,-1.802012156,0.111550571,1.218725670,0.464179550
-1.081634746,-0.702141780,0.568758706,-1.801946494,0.111514769,1.218631271,0.464404011
-1.081318397,-0.702190292,0.568758699,-1.801880949,0.111479033,1.218537045,0.464628084
-1.081002546,-0.702238718,0.568758693,-1.801815523,0.111443364,1.218442990,0.464851770
-1.080687191,-0.702287057,0.568758687,-1.801750216,0.111407761,1.218349108,0.465075068
-1.080372334,-0.702335309,0.568758681,-1.801685026,0.111372225,1.218255398,0.465297979
-1.080057974,-0.702383475,0.568758675,-1.801619955,0.111336755,1.218161860,0.465520501
-1.079744113,-0.702431555,0.568758669,-1.801555002,0.111301352,1.218068493,0.465742636
-1.079430751,-0.702479547,0.568758663,-1.801490168,0.111266016,1.217975299,0.465964382
-1.079117888,-0.702527453,0.568758657,-1.801425452,0.111230746,1.217882277,0.466185741
-1.078805524,-0.702575273,0.568758651,-1.801360855,0.111195542,1.217789427,0.466406711
-1.078493659,-0.702623006,0.568758645,-1.801296375,0.111160406,1.217696749,0.466627292
-1.078182295,-0.702670652,0.568758639,-1.801232014,0.111125335,1.217604243,0.466847486
-1.077871432,-0.702718211,0.568758632,-1.801167772,0.111090331,1.217511909,0.467067290
-1.077561069,-0.702765684,0.568758626,-1.801103648,0.111055394,1.217419748,0.467286706
-1.077251207,-0.702813070,0.568758620,-1.801039642,0.111020523,1.217327758,0.467505733
-1.076941847,-0.702860370,0.568758614,-1.800975755,0.110985719,1.217235940,0.467724371
-1.076632989,-0.702907583,0.568758608,-1.800911986,0.110950981,1.217144295,0.467942620
-1.076324634,-0.702954709,0.568758602,-1.800848336,0.110916310,1.217052821,0.468160480
-1.076016781,-0.703001748,0.568758597,-1.800784804,0.110881705,1.216961520,0.468377951
-1.075709431,-0.703048701,0.568758591,-1.800721390,0.110847167,1.216870390,0.468595032
-1.075402584,-0.703095566,0.568758585,-1.800658095,0.110812695,1.216779433,0.468811724
-1.075096241,-0.703142345,0.568758579,-1.800594918,0.110778289,1.216688648,0.469028027
-1.074790402,-0.703189038,0.568758573,-1.800531860,0.110743951,1.216598034,0.469243940
-1.074485068,-0.703235643,0.568758567,-1.800468920,0.110709678,1.216507593,0.469459463
-1.074180238,-0.703282162,0.568758561,-1.800406099,0.110675472,1.216417324,0.469674597
-1.073875913,-0.703328594,0.568758555,-1.800343396,0.110641332,1.216327227,0.469889341
-1.073572094,-0.703374939,0.568758549,-1.800280812,0.110607259,1.216237302,0.470103695
-1.073268781,-0.703421198,0.568758543,-1.800218346,0.110573253,1.216147549,0.470317659
-1.072965974,-0.703467369,0.568758538,-1.800155998,0.110539312,1.216057968,0.470531233
-1.072663673,-0.703513454,0.568758532,-1.800093769,0.110505438,1.215968559,0.470744416
-1.072361879,-0.703559452,0.568758526,-1.800031659,0.110471631,1.215879322,0.470957210
-1.072060592,-0.703605364,0.568758520,-1.799969667,0.110437890,1.215790257,0.471169613
-1.071759813,-0.703651188,0.568758514,-1.799907793,0.110404215,1.215701365,0.471381626
-1.071459541,-0.703696926,0.568758508,-1.799846038,0.110370607,1.215612644,0.471593248
-1.071159778,-0.703742576,0.568758503,-1.799784401,0.110337065,1.215524095,0.471804480
-1.070860523,-0.703788140,0.568758497,-1.799722883,0.110303589,1.215435718,0.472015321
-1.070561776,-0.703833617,0.568758491,-1.799661483,0.110270180,1.215347513,0.472225772
-1.070263539,-0.703879008,0.568758485,-1.799600202,0.110236837,1.215259480,0.472435832
-1.069965811,-0.703924311,0.568758480,-1.799539039,0.110203561,1.215171619,0.472645500
-1.069668593,-0.703969528,0.568758474,-1.799477995,0.110170350,1.215083930,0.472854778
-1.069371885,-0.704014657,0.568758468,-1.799417069,0.110137206,1.214996413,0.473063666
-1.069075687,-0.704059700,0.568758462,-1.799356262,0.110104129,1.214909068,0.473272162
-1.068780000,-0.704104656,0.568758457,-1.799295573,0.110071117,1.214821895,0.473480266
-1.068484824,-0.704149525,0.568758451,-1.799235003,0.110038172,1.214734893,0.473687980
-1.068190159,-0.704194307,0.568758445,-1.799174551,0.110005294,1.214648064,0.473895303
-1.067896006,-0.704239003,0.568758440,-1.799114217,0.109972481,1.214561406,0.474102234
-1.067602364,-0.704283611,0.568758434,-1.799054002,0.109939735,1.214474921,0.474308774
-1.067309235,-0.704328133,0.568758428,-1.798993905,0.109907055,1.214388607,0.474514922
-1.067016618,-0.704372568,0.568758423,-1.798933927,0.109874441,1.214302465,0.474720679
-1.066724513,-0.704416916,0.568758417,-1.798874068,0.109841893,1.214216495,0.474926045
-1.066432922,-0.704461177,0.568758412,-1.798814326,0.109809412,1.214130696,0.475131019
-1.066141845,-0.704505351,0.568758406,-1.798754704,0.109776997,1.214045070,0.475335601
-1.065851280,-0.704549438,0.568758400,-1.798695199,0.109744648,1.213959615,0.475539792
-1.065561230,-0.704593439,0.568758395,-1.798635813,0.109712365,1.213874332,0.475743590
-1.065271694,-0.704637352,0.568758389,-1.798576546,0.109680148,1.213789221,0.475946997
-1.064982672,-0.704681179,0.568758384,-1.798517397,0.109647998,1.213704281,0.476150013
-1.064694166,-0.704724919,0.568758378,-1.798458366,0.109615913,1.213619513,0.476352636
-1.064406174,-0.704768572,0.568758373,-1.798399454,0.109583895,1.213534917,0.476554867
-1.064118697,-0.704812138,0.568758367,-1.798340660,0.109551943,1.213450493,0.476756707
-1.063831736,-0.704855617,0.568758362,-1.798281984,0.109520057,1.213366240,0.476958154
-1.063545291,-0.704899009,0.568758356,-1.798223427,0.109488237,1.213282159,0.477159209
-1.063259363,-0.704942315,0.568758351,-1.798164988,0.109456483,1.213198249,0.477359872
-1.062973950,-0.704985533,0.568758345,-1.798106668,0.109424795,1.213114511,0.477560143
-1.062689054,-0.705028665,0.568758340,-1.798048465,0.109393174,1.213030945,0.477760022
-1.062404676,-0.705071710,0.568758334,-1.797990382,0.109361618,1.212947550,0.477959509
-1.062120814,-0.705114668,0.568758329,-1.797932416,0.109330128,1.212864327,0.478158603
-1.061837470,-0.705157539,0.568758323,-1.797874569,0.109298704,1.212781275,0.478357305
-1.061554643,-0.705200324,0.568758318,-1.797816840,0.109267347,1.212698395,0.478555615
-1.061272335,-0.705243021,0.568758313,-1.797759230,0.109236055,1.212615686,0.478753532
-1.060990545,-0.705285632,0.568758307,-1.797701738,0.109204829,1.212533149,0.478951057
-1.060709273,-0.705328155,0.568758302,-1.797644364,0.109173669,1.212450783,0.479148189
-1.060428520,-0.705370592,0.568758297,-1.797587108,0.109142575,1.212368588,0.479344929
-1.060148286,-0.705412943,0.568758291,-1.797529971,0.109111547,1.212286565,0.479541276
-1.059868571,-0.705455206,0.568758286,-1.797472952,0.109080585,1.212204713,0.479737231
-1.059589376,-0.705497382,0.568758281,-1.797416051,0.109049689,1.212123032,0.479932793
-1.059310700,-0.705539472,0.568758275,-1.797359268,0.109018859,1.212041523,0.480127963
-1.059032545,-0.705581475,0.568758270,-1.797302603,0.108988094,1.211960185,0.480322740
-1.058754909,-0.705623391,0.568758265,-1.797246057,0.108957396,1.211879018,0.480517125
-1.058477794,-0.705665220,0.568758259,-1.797189629,0.108926763,1.211798023,0.480711116
-1.058201200,-0.705706963,0.568758254,-1.797133319,0.108896196,1.211717199,0.480904716
-1.057925127,-0.705748619,0.568758249,-1.797077127,0.108865694,1.211636545,0.481097922
-1.057649574,-0.705790188,0.568758243,-1.797021053,0.108835259,1.211556063,0.481290736
-1.057374544,-0.705831670,0.568758238,-1.796965098,0.108804889,1.211475752,0.481483157
-1.057100034,-0.705873065,0.568758233,-1.796909260,0.108774585,1.211395612,0.481675185
-1.056826047,-0.705914374,0.568758228,-1.796853541,0.108744347,1.211315643,0.481866820
-1.056552581,-0.705955596,0.568758223,-1.796797940,0.108714175,1.211235845,0.482058063
-1.056279638,-0.705996731,0.568758217,-1.796742456,0.108684068,1.211156218,0.482248913
-1.056007217,-0.706037780,0.568758212,-1.796687091,0.108654027,1.211076762,0.482439370
-1.055735319,-0.706078741,0.568758207,-1.796631844,0.108624051,1.210997477,0.482629435
-1.055463944,-0.706119616,0.568758202,-1.796576715,0.108594141,1.210918363,0.482819106
-1.055193092,-0.706160405,0.568758197,-1.796521704,0.108564297,1.210839420,0.483008385
-1.054922763,-0.706201106,0.568758192,-1.796466810,0.108534518,1.210760647,0.483197271
-1.054652958,-0.706241721,0.568758186,-1.796412035,0.108504805,1.210682045,0.483385764
-1.054383677,-0.706282250,0.568758181,-1.796357378,0.108475158,1.210603614,0.483573864
-1.054114919,-0.706322691,0.568758176,-1.796302838,0.108445576,1.210525354,0.483761571
-1.053846686,-0.706363046,0.568758171,-1.796248417,0.108416059,1.210447264,0.483948886
-1.053578977,-0.706403314,0.568758166,-1.796194113,0.108386609,1.210369345,0.484135808
-1.053311792,-0.706443496,0.568758161,-1.796139927,0.108357223,1.210291596,0.484322337
-1.053045132,-0.706483591,0.568758156,-1.796085859,0.108327903,1.210214018,0.484508473
-1.052778997,-0.706523600,0.568758151,-1.796031909,0.108298649,1.210136611,0.484694216
-1.052513387,-0.706563522,0.568758146,-1.795978077,0.108269460,1.210059374,0.484879566
-1.052248303,-0.706603357,0.568758141,-1.795924362,0.108240336,1.209982307,0.485064524
-1.051983744,-0.706643106,0.568758136,-1.795870765,0.108211278,1.209905411,0.485249089
-1.051719710,-0.706682768,0.568758131,-1.795817286,0.108182285,1.209828685,0.485433261
-1.051456203,-0.706722343,0.568758126,-1.795763925,0.108153357,1.209752130,0.485617040
-1.051193221,-0.706761833,0.568758121,-1.795710681,0.108124495,1.209675744,0.485800427
-1.050930766,-0.706801235,0.568758116,-1.795657555,0.108095698,1.209599529,0.485983421
-1.050668837,-0.706840551,0.568758111,-1.795604546,0.108066966,1.209523485,0.486166022
-1.050407434,-0.706879781,0.568758106,-1.795551655,0.108038300,1.209447610,0.486348230
-1.050146559,-0.706918924,0.568758101,-1.795498882,0.108009699,1.209371905,0.486530046
-1.049886210,-0.706957980,0.568758096,-1.795446226,0.107981163,1.209296371,0.486711469
-1.049626388,-0.706996951,0.568758091,-1.795393688,0.107952692,1.209221007,0.486892499
-1.049367093,-0.707035834,0.568758086,-1.795341267,0.107924287,1.209145812,0.487073137
-1.049108326,-0.707074632,0.568758081,-1.795288964,0.107895946,1.209070788,0.487253382
-1.048850086,-0.707113343,0.568758076,-1.795236778,0.107867671,1.208995933,0.487433234
-1.048592374,-0.707151967,0.568758071,-1.795184710,0.107839461,1.208921248,0.487612694
-1.048335190,-0.707190505,0.568758067,-1.795132759,0.107811316,1.208846733,0.487791762
-1.048078534,-0.707228957,0.568758062,-1.795080925,0.107783236,1.208772388,0.487970436
-1.047822406,-0.707267323,0.568758057,-1.795029209,0.107755221,1.208698212,0.488148719
-1.047566806,-0.707305602,0.568758052,-1.794977610,0.107727271,1.208624206,0.488326609
-1.047311735,-0.707343795,0.568758047,-1.794926129,0.107699386,1.208550370,0.488504106
-1.047057192,-0.707381901,0.568758042,-1.794874764,0.107671566,1.208476703,0.488681211
-1.046803179,-0.707419922,0.568758038,-1.794823517,0.107643811,1.208403206,0.488857924
-1.046549693,-0.707457856,0.568758033,-1.794772387,0.107616121,1.208329878,0.489034245
-1.046296737,-0.707495704,0.568758028,-1.794721374,0.107588496,1.208256720,0.489210173
-1.046044310,-0.707533465,0.568758023,-1.794670479,0.107560936,1.208183731,0.489385709
-1.045792413,-0.707571141,0.568758019,-1.794619700,0.107533440,1.208110911,0.489560853
-1.045541044,-0.707608730,0.568758014,-1.794569039,0.107506010,1.208038261,0.489735604
-1.045290206,-0.707646233,0.568758009,-1.794518494,0.107478644,1.207965780,0.489909964
-1.045039897,-0.707683650,0.568758004,-1.794468067,0.107451343,1.207893468,0.490083931
-1.044790117,-0.707720981,0.568758000,-1.794417757,0.107424107,1.207821325,0.490257507
-1.044540868,-0.707758225,0.568757995,-1.794367563,0.107396935,1.207749351,0.490430690
-1.044292149,-0.707795384,0.568757990,-1.794317487,0.107369828,1.207677546,0.490603482
-1.044043960,-0.707832457,0.568757986,-1.794267527,0.107342786,1.207605910,0.490775881
-1.043796301,-0.707869443,0.568757981,-1.794217685,0.107315809,1.207534443,0.490947889
-1.043549172,-0.707906344,0.568757976,-1.794167959,0.107288896,1.207463145,0.491119505
-1.043302574,-0.707943158,0.568757972,-1.794118350,0.107262048,1.207392015,0.491290729
-1.043056507,-0.707979887,0.568757967,-1.794068857,0.107235264,1.207321054,0.491461562
-1.042810970,-0.708016529,0.568757962,-1.794019482,0.107208545,1.207250262,0.491632003
-1.042565964,-0.708053086,0.568757958,-1.793970223,0.107181890,1.207179639,0.491802053
-1.042321489,-0.708089557,0.568757953,-1.793921080,0.107155300,1.207109184,0.491971711
-1.042077545,-0.708125942,0.568757949,-1.793872055,0.107128774,1.207038897,0.492140977
-1.041834132,-0.708162241,0.568757944,-1.793823146,0.107102313,1.206968779,0.492309852
-1.041591250,-0.708198454,0.568757939,-1.793774353,0.107075916,1.206898830,0.492478336
-1.041348900,-0.708234581,0.568757935,-1.793725677,0.107049584,1.206829048,0.492646429
-1.041107081,-0.708270623,0.568757930,-1.793677118,0.107023316,1.206759435,0.492814130
-1.040865793,-0.708306579,0.568757926,-1.793628675,0.106997112,1.206689990,0.492981441
-1.040625037,-0.708342449,0.568757921,-1.793580348,0.106970973,1.206620714,0.493148360
-1.040384812,-0.708378233,0.568757917,-1.793532137,0.106944898,1.206551605,0.493314888
-1.040145120,-0.708413932,0.568757912,-1.793484043,0.106918887,1.206482664,0.493481026
-1.039905959,-0.708449545,0.568757908,-1.793436066,0.106892940,1.206413891,0.493646772
-1.039667330,-0.708485072,0.568757903,-1.793388204,0.106867058,1.206345286,0.493812128
-1.039429233,-0.708520514,0.568757899,-1.793340459,0.106841239,1.206276849,0.493977093
-1.039191668,-0.708555870,0.568757894,-1.793292830,0.106815485,1.206208580,0.494141668
-1.038954635,-0.708591141,0.568757890,-1.793245317,0.106789795,1.206140478,0.494305852
-1.038718134,-0.708626326,0.568757886,-1.793197920,0.106764169,1.206072544,0.494469645
-1.038482166,-0.708661425,0.568757881,-1.793150639,0.106738607,1.206004778,0.494633048
-1.038246730,-0.708696440,0.568757877,-1.793103474,0.106713109,1.205937179,0.494796061
-1.038011826,-0.708731368,0.568757872,-1.793056425,0.106687675,1.205869747,0.494958684
-1.037777454,-0.708766211,0.568757868,-1.793009492,0.106662305,1.205802483,0.495120916
-1.037543616,-0.708800969,0.568757864,-1.792962675,0.106636999,1.205735386,0.495282759
-1.037310309,-0.708835641,0.568757859,-1.792915973,0.106611757,1.205668456,0.495444211
-1.037077535,-0.708870229,0.568757855,-1.792869388,0.106586579,1.205601693,0.495605274
-1.036845294,-0.708904730,0.568757850,-1.792822918,0.106561464,1.205535098,0.495765947
-1.036613586,-0.708939147,0.568757846,-1.792776564,0.106536413,1.205468669,0.495926230
-1.036382410,-0.708973478,0.568757842,-1.792730325,0.106511426,1.205402408,0.496086124
-1.036151767,-0.709007724,0.568757837,-1.792684202,0.106486503,1.205336313,0.496245628
-1.035921657,-0.709041885,0.568757833,-1.792638195,0.106461644,1.205270385,0.496404743
-1.035692079,-0.709075960,0.568757829,-1.792592303,0.106436848,1.205204624,0.496563468
-1.035463035,-0.709109951,0.568757825,-1.792546527,0.106412115,1.205139029,0.496721804
-1.035234523,-0.709143856,0.568757820,-1.792500866,0.106387447,1.205073601,0.496879752
-1.035006544,-0.709177676,0.568757816,-1.792455321,0.106362842,1.205008340,0.497037310
-1.034779099,-0.709211412,0.568757812,-1.792409890,0.106338300,1.204943245,0.497194479
-1.034552186,-0.709245062,0.568757808,-1.792364576,0.106313822,1.204878316,0.497351259
-1.034325806,-0.709278627,0.568757803,-1.792319376,0.106289408,1.204813553,0.497507651
-1.034099960,-0.709312108,0.568757799,-1.792274291,0.106265057,1.204748957,0.497663654
-1.033874646,-0.709345503,0.568757795,-1.792229322,0.106240769,1.204684527,0.497819269
-1.033649866,-0.709378813,0.568757791,-1.792184468,0.106216545,1.204620263,0.497974495
-1.033425619,-0.709412039,0.568757787,-1.792139729,0.106192384,1.204556165,0.498129333
-1.033201904,-0.709445180,0.568757782,-1.792095105,0.106168286,1.204492232,0.498283783
-1.032978723,-0.709478236,0.568757778,-1.792050595,0.106144252,1.204428466,0.498437845
-1.032756075,-0.709511207,0.568757774,-1.792006201,0.106120281,1.204364865,0.498591519
-1.032533961,-0.709544094,0.568757770,-1.791961921,0.106096373,1.204301430,0.498744805
-1.032312379,-0.709576896,0.568757766,-1.791917757,0.106072528,1.204238161,0.498897704
-1.032091330,-0.709609613,0.568757762,-1.791873707,0.106048746,1.204175057,0.499050214
-1.031870815,-0.709642246,0.568757758,-1.791829771,0.106025028,1.204112118,0.499202338
-1.031650833,-0.709674794,0.568757754,-1.791785951,0.106001372,1.204049345,0.499354074
-1.031431384,-0.709707257,0.568757749,-1.791742245,0.105977780,1.203986737,0.499505423
-1.031212468,-0.709739636,0.568757745,-1.791698653,0.105954251,1.203924295,0.499656385
-1.030994085,-0.709771931,0.568757741,-1.791655176,0.105930784,1.203862017,0.499806960
-1.030776235,-0.709804141,0.568757737,-1.791611814,0.105907380,1.203799904,0.499957148
-1.030558918,-0.709836267,0.568757733,-1.791568565,0.105884040,1.203737956,0.500106949
-1.030342134,-0.709868308,0.568757729,-1.791525431,0.105860762,1.203676173,0.500256364
-1.030125884,-0.709900265,0.568757725,-1.791482412,0.105837547,1.203614555,0.500405392
-1.029910166,-0.709932138,0.568757721,-1.791439506,0.105814395,1.203553102,0.500554034
-1.029694982,-0.709963927,0.568757717,-1.791396715,0.105791305,1.203491813,0.500702290
-1.029480330,-0.709995631,0.568757713,-1.791354038,0.105768278,1.203430688,0.500850160
-1.029266211,-0.710027251,0.568757709,-1.791311475,0.105745314,1.203369728,0.500997644
-1.029052626,-0.710058787,0.568757705,-1.791269025,0.105722413,1.203308932,0.501144743
-1.028839573,-0.710090239,0.568757701,-1.791226690,0.105699574,1.203248301,0.501291455
-1.028627053,-0.710121607,0.568757697,-1.791184469,0.105676797,1.203187833,0.501437782
-1.028415065,-0.710152891,0.568757693,-1.791142361,0.105654084,1.203127530,0.501583724
-1.028203611,-0.710184091,0.568757689,-1.791100367,0.105631432,1.203067391,0.501729281
-1.027992689,-0.710215207,0.568757686,-1.791058487,0.105608843,1.203007415,0.501874453
-1.027782300,-0.710246239,0.568757682,-1.791016721,0.105586317,1.202947604,0.502019239
-1.027572443,-0.710277187,0.568757678,-1.790975068,0.105563852,1.202887955,0.502163641
-1.027363119,-0.710308051,0.568757674,-1.790933528,0.105541450,1.202828471,0.502307659
-1.027154328,-0.710338832,0.568757670,-1.790892102,0.105519111,1.202769150,0.502451292
-1.026946069,-0.710369529,0.568757666,-1.790850790,0.105496833,1.202709993,0.502594541
-1.026738342,-0.710400142,0.568757662,-1.790809591,0.105474618,1.202650998,0.502737405
-1.026531148,-0.710430672,0.568757658,-1.790768505,0.105452465,1.202592167,0.502879886
-1.026324486,-0.710461118,0.568757655,-1.790727532,0.105430374,1.202533499,0.503021982
-1.026118356,-0.710491480,0.568757651,-1.790686672,0.105408346,1.202474995,0.503163696
-1.025912758,-0.710521759,0.568757647,-1.790645926,0.105386379,1.202416653,0.503305025
-1.025707693,-0.710551954,0.568757643,-1.790605292,0.105364474,1.202358474,0.503445972
-1.025503159,-0.710582066,0.568757639,-1.790564772,0.105342631,1.202300457,0.503586535
-1.025299157,-0.710612095,0.568757636,-1.790524364,0.105320850,1.202242603,0.503726715
-1.025095687,-0.710642040,0.568757632,-1.790484069,0.105299131,1.202184912,0.503866512
-1.024892749,-0.710671902,0.568757628,-1.790443887,0.105277474,1.202127384,0.504005927
-1.024690343,-0.710701681,0.568757624,-1.790403818,0.105255879,1.202070017,0.504144959
-1.024488468,-0.710731376,0.568757621,-1.790363861,0.105234345,1.202012813,0.504283609
-1.024287124,-0.710760989,0.568757617,-1.790324017,0.105212873,1.201955771,0.504421876
-1.024086312,-0.710790518,0.568757613,-1.790284286,0.105191463,1.201898891,0.504559762
-1.023886032,-0.710819964,0.568757610,-1.790244666,0.105170114,1.201842173,0.504697266
-1.023686282,-0.710849327,0.568757606,-1.790205160,0.105148827,1.201785617,0.504834388
-1.023487064,-0.710878607,0.568757602,-1.790165765,0.105127601,1.201729223,0.504971128
-1.023288377,-0.710907804,0.568757598,-1.790126483,0.105106437,1.201672990,0.505107488
-1.023090220,-0.710936919,0.568757595,-1.790087313,0.105085335,1.201616919,0.505243466
-1.022892595,-0.710965950,0.568757591,-1.790048255,0.105064293,1.201561009,0.505379064
-1.022695500,-0.710994899,0.568757588,-1.790009309,0.105043314,1.201505261,0.505514280
-1.022498936,-0.711023765,0.568757584,-1.789970475,0.105022395,1.201449673,0.505649116
-1.022302902,-0.711052548,0.568757580,-1.789931753,0.105001538,1.201394247,0.505783572
-1.022107398,-0.711081249,0.568757577,-1.789893143,0.104980742,1.201338982,0.505917648
-1.021912425,-0.711109867,0.568757573,-1.789854644,0.104960007,1.201283878,0.506051343
-1.021717982,-0.711138402,0.568757570,-1.789816258,0.104939333,1.201228935,0.506184659
-1.021524069,-0.711166855,0.568757566,-1.789777983,0.104918721,1.201174152,0.506317595
-1.021330686,-0.711195226,0.568757562,-1.789739819,0.104898169,1.201119530,0.506450152
-1.021137833,-0.711223514,0.568757559,-1.789701767,0.104877679,1.201065068,0.506582330
-1.020945509,-0.711251720,0.568757555,-1.789663826,0.104857249,1.201010767,0.506714128
-1.020753715,-0.711279844,0.568757552,-1.789625997,0.104836881,1.200956626,0.506845548
-1.020562450,-0.711307885,0.568757548,-1.789588279,0.104816573,1.200902645,0.506976589
-1.020371714,-0.711335844,0.568757545,-1.789550672,0.104796326,1.200848824,0.507107252
-1.020181507,-0.711363721,0.568757541,-1.789513176,0.104776140,1.200795163,0.507237537
-1.019991830,-0.711391516,0.568757538,-1.789475791,0.104756014,1.200741662,0.507367443
-1.019802681,-0.711419229,0.568757534,-1.789438517,0.104735950,1.200688321,0.507496972
-1.019614061,-0.711446859,0.568757531,-1.789401354,0.104715945,1.200635139,0.507626123
-1.019425969,-0.711474408,0.568757527,-1.789364302,0.104696002,1.200582117,0.507754897
-1.019238405,-0.711501875,0.568757524,-1.789327361,0.104676119,1.200529254,0.507883293
-1.019051370,-0.711529261,0.568757520,-1.789290530,0.104656296,1.200476550,0.508011313
-1.018864863,-0.711556564,0.568757517,-1.789253810,0.104636534,1.200424005,0.508138956
-1.018678884,-0.711583786,0.568757514,-1.789217200,0.104616833,1.200371619,0.508266222
-1.018493432,-0.711610926,0.568757510,-1.789180701,0.104597192,1.200319393,0.508393112
-1.018308508,-0.711637984,0.568757507,-1.789144312,0.104577611,1.200267325,0.508519626
-1.018124111,-0.711664961,0.568757503,-1.789108033,0.104558090,1.200215415,0.508645764
-1.017940242,-0.711691857,0.568757500,-1.789071865,0.104538629,1.200163665,0.508771526
-1.017756899,-0.711718670,0.568757497,-1.789035807,0.104519229,1.200112072,0.508896913
-1.017574084,-0.711745403,0.568757493,-1.788999858,0.104499889,1.200060638,0.509021925
-1.017391795,-0.711772054,0.568757490,-1.788964020,0.104480609,1.200009362,0.509146561
-1.017210033,-0.711798624,0.568757487,-1.788928292,0.104461389,1.199958244,0.509270823
-1.017028797,-0.711825113,0.568757483,-1.788892673,0.104442228,1.199907285,0.509394711
-1.016848087,-0.711851521,0.568757480,-1.788857164,0.104423128,1.199856483,0.509518224
-1.016667903,-0.711877847,0.568757477,-1.788821765,0.104404088,1.199805838,0.509641363
-1.016488244,-0.711904093,0.568757473,-1.788786475,0.104385107,1.199755351,0.509764128
-1.016309112,-0.711930257,0.568757470,-1.788751295,0.104366186,1.199705022,0.509886520
-1.016130504,-0.711956341,0.568757467,-1.788716224,0.104347325,1.199654850,0.510008538
-1.015952422,-0.711982343,0.568757464,-1.788681262,0.104328524,1.199604835,0.510130183
-1.015774865,-0.712008265,0.568757460,-1.788646410,0.104309782,1.199554977,0.510251455
-1.015597832,-0.712034106,0.568757457,-1.788611667,0.104291100,1.199505277,0.510372354
-1.015421325,-0.712059867,0.568757454,-1.788577033,0.104272477,1.199455733,0.510492882
-1.015245341,-0.712085546,0.568757451,-1.788542507,0.104253914,1.199406345,0.510613037
-1.015069882,-0.712111146,0.568757447,-1.788508091,0.104235410,1.199357115,0.510732820
-1.014894946,-0.712136664,0.568757444,-1.788473784,0.104216965,1.199308040,0.510852231
-1.014720534,-0.712162103,0.568757441,-1.788439585,0.104198580,1.199259122,0.510971271
-1.014546646,-0.712187460,0.568757438,-1.788405495,0.104180254,1.199210361,0.511089940
-1.014373281,-0.712212738,0.568757435,-1.788371513,0.104161987,1.199161755,0.511208237
-1.014200439,-0.712237935,0.568757432,-1.788337640,0.104143779,1.199113305,0.511326164
-1.014028120,-0.712263052,0.568757428,-1.788303875,0.104125631,1.199065011,0.511443721
-1.013856323,-0.712288089,0.568757425,-1.788270219,0.104107541,1.199016873,0.511560908
-1.013685049,-0.712313046,0.568757422,-1.788236670,0.104089511,1.198968890,0.511677724
-1.013514297,-0.712337923,0.568757419,-1.788203230,0.104071539,1.198921062,0.511794171
-1.013344067,-0.712362720,0.568757416,-1.788169898,0.104053626,1.198873390,0.511910249
-1.013174358,-0.712387437,0.568757413,-1.788136673,0.104035772,1.198825873,0.512025957
-1.013005171,-0.712412074,0.568757410,-1.788103557,0.104017977,1.198778511,0.512141297
-1.012836505,-0.712436631,0.568757407,-1.788070548,0.104000241,1.198731304,0.512256268
-1.012668360,-0.712461109,0.568757404,-1.788037647,0.103982563,1.198684252,0.512370871
-1.012500736,-0.712485507,0.568757401,-1.788004854,0.103964944,1.198637354,0.512485105
-1.012333632,-0.712509825,0.568757397,-1.787972168,0.103947383,1.198590610,0.512598972
-1.012167048,-0.712534064,0.568757394,-1.787939589,0.103929881,1.198544021,0.512712471
-1.012000984,-0.712558224,0.568757391,-1.787907118,0.103912437,1.198497587,0.512825603
-1.011835439,-0.712582304,0.568757388,-1.787874754,0.103895052,1.198451306,0.512938369
-1.011670414,-0.712606305,0.568757385,-1.787842497,0.103877725,1.198405179,0.513050767
-1.011505909,-0.712630227,0.568757382,-1.787810347,0.103860456,1.198359206,0.513162799
-1.011341921,-0.712654069,0.568757379,-1.787778303,0.103843246,1.198313386,0.513274465
-1.011178453,-0.712677832,0.568757376,-1.787746367,0.103826093,1.198267720,0.513385765
-1.011015503,-0.712701517,0.568757373,-1.787714537,0.103808999,1.198222207,0.513496699
-1.010853071,-0.712725122,0.568757370,-1.787682815,0.103791963,1.198176848,0.513607268
-1.010691156,-0.712748649,0.568757368,-1.787651198,0.103774985,1.198131641,0.513717472
-1.010529759,-0.712772096,0.568757365,-1.787619688,0.103758064,1.198086588,0.513827312
-1.010368880,-0.712795465,0.568757362,-1.787588284,0.103741202,1.198041687,0.513936786
-1.010208517,-0.712818755,0.568757359,-1.787556987,0.103724397,1.197996939,0.514045897
-1.010048670,-0.712841967,0.568757356,-1.787525796,0.103707650,1.197952343,0.514154644
-1.009889340,-0.712865100,0.568757353,-1.787494711,0.103690961,1.197907900,0.514263027
-1.009730526,-0.712888154,0.568757350,-1.787463731,0.103674330,1.197863609,0.514371047
-1.009572228,-0.712911131,0.568757347,-1.787432858,0.103657756,1.197819470,0.514478705
-1.009414445,-0.712934028,0.568757344,-1.787402090,0.103641239,1.197775483,0.514585999
-1.009257177,-0.712956848,0.568757341,-1.787371428,0.103624780,1.197731647,0.514692931
-1.009100425,-0.712979589,0.568757339,-1.787340872,0.103608379,1.197687963,0.514799501
-1.008944186,-0.713002252,0.568757336,-1.787310421,0.103592034,1.197644431,0.514905709
-1.008788462,-0.713024838,0.568757333,-1.787280075,0.103575747,1.197601050,0.515011556
-1.008633251,-0.713047345,0.568757330,-1.787249835,0.103559518,1.197557820,0.515117042
-1.008478555,-0.713069774,0.568757327,-1.787219700,0.103543345,1.197514741,0.515222166
-1.008324371,-0.713092125,0.568757325,-1.787189669,0.103527230,1.197471813,0.515326931
-1.008170700,-0.713114399,0.568757322,-1.787159744,0.103511171,1.197429036,0.515431335
-1.008017542,-0.713136595,0.568757319,-1.787129924,0.103495170,1.197386409,0.515535379
-1.007864896,-0.713158713,0.568757316,-1.787100208,0.103479225,1.197343933,0.515639063
-1.007712762,-0.713180754,0.568757313,-1.787070597,0.103463338,1.197301607,0.515742388
-1.007561140,-0.713202717,0.568757311,-1.787041091,0.103447507,1.197259431,0.515845354
-1.007410029,-0.713224603,0.568757308,-1.787011689,0.103431733,1.197217404,0.515947962
-1.007259429,-0.713246412,0.568757305,-1.786982391,0.103416015,1.197175528,0.516050211
-1.007109340,-0.713268143,0.568757303,-1.786953198,0.103400354,1.197133801,0.516152102
-1.006959760,-0.713289798,0.568757300,-1.786924108,0.103384750,1.197092224,0.516253636
-1.006810691,-0.713311375,0.568757297,-1.786895123,0.103369202,1.197050796,0.516354812
-1.006662131,-0.713332875,0.568757294,-1.786866241,0.103353711,1.197009518,0.516455631
-1.006514081,-0.713354298,0.568757292,-1.786837464,0.103338276,1.196968388,0.516556093
-1.006366539,-0.713375644,0.568757289,-1.786808790,0.103322897,1.196927407,0.516656199
-1.006219506,-0.713396914,0.568757286,-1.786780219,0.103307574,1.196886575,0.516755949
-1.006072980,-0.713418107,0.568757284,-1.786751752,0.103292308,1.196845891,0.516855343
-1.005926963,-0.713439223,0.568757281,-1.786723389,0.103277098,1.196805356,0.516954382
-1.005781453,-0.713460263,0.568757278,-1.786695129,0.103261944,1.196764969,0.517053066
-1.005636450,-0.713481226,0.568757276,-1.786666971,0.103246846,1.196724730,0.517151395
-1.005491954,-0.713502113,0.568757273,-1.786638917,0.103231803,1.196684638,0.517249369
-1.005347964,-0.713522923,0.568757271,-1.786610966,0.103216817,1.196644695,0.517346990
-1.005204480,-0.713543657,0.568757268,-1.786583118,0.103201886,1.196604899,0.517444257
-1.005061502,-0.713564316,0.568757265,-1.786555372,0.103187011,1.196565250,0.517541171
-1.004919028,-0.713584898,0.568757263,-1.786527729,0.103172192,1.196525749,0.517637731
-1.004777060,-0.713605404,0.568757260,-1.786500188,0.103157428,1.196486395,0.517733939
-1.004635596,-0.713625834,0.568757258,-1.786472750,0.103142720,1.196447187,0.517829795
-1.004494636,-0.713646188,0.568757255,-1.786445414,0.103128067,1.196408127,0.517925299
-1.004354179,-0.713666467,0.568757253,-1.786418180,0.103113470,1.196369213,0.518020451
-1.004214226,-0.713686670,0.568757250,-1.786391048,0.103098928,1.196330445,0.518115252
-1.004074775,-0.713706797,0.568757248,-1.786364018,0.103084441,1.196291823,0.518209702
-1.003935827,-0.713726849,0.568757245,-1.786337090,0.103070010,1.196253348,0.518303801
-1.003797381,-0.713746825,0.568757243,-1.786310264,0.103055634,1.196215018,0.518397550
-1.003659437,-0.713766727,0.568757240,-1.786283539,0.103041312,1.196176834,0.518490950
-1.003521993,-0.713786553,0.568757238,-1.786256916,0.103027046,1.196138796,0.518584000
-1.003385051,-0.713806303,0.568757235,-1.786230393,0.103012834,1.196100903,0.518676701
-1.003248609,-0.713825979,0.568757233,-1.786203973,0.102998678,1.196063155,0.518769053
-1.003112667,-0.713845580,0.568757230,-1.786177653,0.102984576,1.196025553,0.518861057
-1.002977224,-0.713865105,0.568757228,-1.786151434,0.102970529,1.195988095,0.518952713
-1.002842281,-0.713884556,0.568757225,-1.786125316,0.102956537,1.195950782,0.519044021
-1.002707836,-0.713903933,0.568757223,-1.786099299,0.102942599,1.195913613,0.519134982
-1.002573889,-0.713923234,0.568757221,-1.786073382,0.102928715,1.195876589,0.519225596
-1.002440441,-0.713942461,0.568757218,-1.786047566,0.102914887,1.195839708,0.519315864
-1.002307489,-0.713961614,0.568757216,-1.786021851,0.102901112,1.195802972,0.519405785
-1.002175035,-0.713980692,0.568757213,-1.785996235,0.102887392,1.195766380,0.519495361
-1.002043077,-0.713999696,0.568757211,-1.785970720,0.102873726,1.195729931,0.519584591
-1.001911616,-0.714018625,0.568757209,-1.785945305,0.102860114,1.195693625,0.519673477
-1.001780649,-0.714037481,0.568757206,-1.785919990,0.102846556,1.195657463,0.519762017
-1.001650179,-0.714056262,0.568757204,-1.785894774,0.102833053,1.195621444,0.519850214
-1.001520202,-0.714074970,0.568757202,-1.785869658,0.102819603,1.195585568,0.519938067
-1.001390721,-0.714093603,0.568757199,-1.785844642,0.102806207,1.195549835,0.520025576
-1.001261733,-0.714112163,0.568757197,-1.785819725,0.102792865,1.195514244,0.520112743
-1.001133238,-0.714130649,0.568757195,-1.785794907,0.102779577,1.195478796,0.520199566
-1.001005236,-0.714149062,0.568757192,-1.785770189,0.102766342,1.195443489,0.520286048
-1.000877727,-0.714167401,0.568757190,-1.785745569,0.102753161,1.195408325,0.520372187
-1.000750709,-0.714185667,0.568757188,-1.785721049,0.102740034,1.195373303,0.520457985
-1.000624184,-0.714203859,0.568757185,-1.785696627,0.102726960,1.195338422,0.520543442
-1.000498149,-0.714221978,0.568757183,-1.785672304,0.102713939,1.195303683,0.520628559
-1.000372605,-0.714240024,0.568757181,-1.785648080,0.102700972,1.195269084,0.520713335
-1.000247551,-0.714257997,0.568757179,-1.785623954,0.102688057,1.195234627,0.520797771
-1.000122986,-0.714275897,0.568757176,-1.785599926,0.102675196,1.195200311,0.520881868
-0.999998911,-0.714293725,0.568757174,-1.785575996,0.102662389,1.195166136,0.520965625
-0.999875324,-0.714311479,0.568757172,-1.785552164,0.102649634,1.195132101,0.521049044
-0.999752225,-0.714329161,0.568757170,-1.785528431,0.102636932,1.195098206,0.521132125
-0.999629614,-0.714346770,0.568757168,-1.785504795,0.102624283,1.195064452,0.521214868
-0.999507490,-0.714364307,0.568757165,-1.785481256,0.102611686,1.195030837,0.521297274
-0.999385853,-0.714381771,0.568757163,-1.785457816,0.102599143,1.194997363,0.521379342
-0.999264702,-0.714399163,0.568757161,-1.785434472,0.102586652,1.194964027,0.521461074
-0.999144037,-0.714416483,0.568757159,-1.785411226,0.102574214,1.194930832,0.521542470
-0.999023856,-0.714433731,0.568757157,-1.785388077,0.102561828,1.194897775,0.521623530
-0.998904161,-0.714450906,0.568757155,-1.785365025,0.102549494,1.194864857,0.521704255
-0.998784949,-0.714468010,0.568757152,-1.785342069,0.102537213,1.194832079,0.521784645
-0.998666221,-0.714485042,0.568757150,-1.785319211,0.102524985,1.194799438,0.521864700
-0.998547977,-0.714502002,0.568757148,-1.785296449,0.102512808,1.194766936,0.521944421
-0.998430214,-0.714518891,0.568757146,-1.785273784,0.102500683,1.194734573,0.522023809
-0.998312934,-0.714535708,0.568757144,-1.785251214,0.102488611,1.194702347,0.522102864
-0.998196136,-0.714552454,0.568757142,-1.785228741,0.102476590,1.194670260,0.522181585
-0.998079818,-0.714569128,0.568757140,-1.785206364,0.102464622,1.194638309,0.522259975
-0.997963981,-0.714585731,0.568757138,-1.785184083,0.102452705,1.194606497,0.522338033
-0.997848623,-0.714602263,0.568757136,-1.785161898,0.102440840,1.194574821,0.522415759
-0.997733745,-0.714618724,0.568757134,-1.785139809,0.102429026,1.194543283,0.522493154
-0.997619346,-0.714635114,0.568757132,-1.785117815,0.102417264,1.194511881,0.522570218
-0.997505425,-0.714651434,0.568757130,-1.785095916,0.102405554,1.194480616,0.522646953
-0.997391982,-0.714667682,0.568757128,-1.785074112,0.102393895,1.194449487,0.522723358
-0.997279017,-0.714683860,0.568757126,-1.785052404,0.102382287,1.194418495,0.522799433
-0.997166527,-0.714699967,0.568757124,-1.785030791,0.102370731,1.194387639,0.522875180
-0.997054514,-0.714716004,0.568757122,-1.785009272,0.102359226,1.194356918,0.522950598
-0.996942977,-0.714731971,0.568757120,-1.784987848,0.102347772,1.194326333,0.523025689
-0.996831914,-0.714747867,0.568757118,-1.784966519,0.102336369,1.194295884,0.523100452
-0.996721326,-0.714763693,0.568757116,-1.784945284,0.102325017,1.194265570,0.523174888
-0.996611211,-0.714779450,0.568757114,-1.784924143,0.102313715,1.194235390,0.523248998
-0.996501570,-0.714795136,0.568757112,-1.784903096,0.102302465,1.194205346,0.523322781
-0.996392402,-0.714810752,0.568757110,-1.784882144,0.102291265,1.194175436,0.523396239
-0.996283705,-0.714826299,0.568757108,-1.784861285,0.102280116,1.194145661,0.523469372
-0.996175481,-0.714841776,0.568757106,-1.784840520,0.102269017,1.194116019,0.523542180
-0.996067727,-0.714857184,0.568757104,-1.784819848,0.102257969,1.194086512,0.523614664
-0.995960443,-0.714872522,0.568757102,-1.784799270,0.102246972,1.194057138,0.523686824
-0.995853630,-0.714887791,0.568757100,-1.784778785,0.102236024,1.194027898,0.523758661
-0.995747285,-0.714902991,0.568757098,-1.784758393,0.102225127,1.193998792,0.523830175
-0.995641409,-0.714918122,0.568757096,-1.784738094,0.102214280,1.193969818,0.523901366
-0.995536002,-0.714933184,0.568757094,-1.784717888,0.102203483,1.193940977,0.523972236
-0.995431061,-0.714948177,0.568757093,-1.784697775,0.102192735,1.193912269,0.524042784
-0.995326587,-0.714963101,0.568757091,-1.784677754,0.102182038,1.193883694,0.524113012
-0.995222580,-0.714977956,0.568757089,-1.784657825,0.102171391,1.193855251,0.524182919
-0.995119038,-0.714992743,0.568757087,-1.784637989,0.102160793,1.193826940,0.524252506
-0.995015961,-0.715007462,0.568757085,-1.784618245,0.102150245,1.193798760,0.524321773
-0.994913349,-0.715022112,0.568757083,-1.784598593,0.102139747,1.193770713,0.524390722
-0.994811200,-0.715036694,0.568757082,-1.784579032,0.102129298,1.193742796,0.524459352
-0.994709514,-0.715051208,0.568757080,-1.784559564,0.102118898,1.193715011,0.524527664
-0.994608291,-0.715065654,0.568757078,-1.784540186,0.102108548,1.193687357,0.524595659
-0.994507530,-0.715080032,0.568757076,-1.784520901,0.102098246,1.193659834,0.524663336
-0.994407230,-0.715094342,0.568757074,-1.784501706,0.102087994,1.193632441,0.524730697
-0.994307390,-0.715108585,0.568757073,-1.784482602,0.102077792,1.193605179,0.524797742
-0.994208011,-0.715122759,0.568757071,-1.784463589,0.102067638,1.193578046,0.524864471
-0.994109091,-0.715136867,0.568757069,-1.784444667,0.102057532,1.193551044,0.524930885
-0.994010629,-0.715150907,0.568757067,-1.784425836,0.102047476,1.193524171,0.524996985
-0.993912626,-0.715164880,0.568757066,-1.784407095,0.102037468,1.193497428,0.525062770
-0.993815080,-0.715178786,0.568757064,-1.784388444,0.102027509,1.193470814,0.525128242
-0.993717991,-0.715192625,0.568757062,-1.784369883,0.102017599,1.193444329,0.525193401
-0.993621358,-0.715206397,0.568757060,-1.784351413,0.102007737,1.193417972,0.525258247
-0.993525180,-0.715220102,0.568757059,-1.784333032,0.101997923,1.193391744,0.525322782
-0.993429458,-0.715233740,0.568757057,-1.784314741,0.101988158,1.193365645,0.525387004
-0.993334189,-0.715247312,0.568757055,-1.784296539,0.101978441,1.193339673,0.525450916
-0.993239374,-0.715260818,0.568757054,-1.784278427,0.101968772,1.193313830,0.525514517
-0.993145011,-0.715274257,0.568757052,-1.784260404,0.101959151,1.193288114,0.525577808
-0.993051101,-0.715287630,0.568757050,-1.784242470,0.101949577,1.193262526,0.525640790
-0.992957642,-0.715300937,0.568757049,-1.784224624,0.101940052,1.193237064,0.525703463
-0.992864634,-0.715314178,0.568757047,-1.784206868,0.101930574,1.193211730,0.525765827
-0.992772077,-0.715327353,0.568757045,-1.784189200,0.101921145,1.193186522,0.525827884
-0.992679968,-0.715340462,0.568757044,-1.784171621,0.101911762,1.193161441,0.525889633
-0.992588308,-0.715353506,0.568757042,-1.784154129,0.101902427,1.193136486,0.525951075
-0.992497097,-0.715366484,0.568757040,-1.784136726,0.101893140,1.193111657,0.526012211
-0.992406332,-0.715379397,0.568757039,-1.784119411,0.101883900,1.193086954,0.526073041
-0.992316015,-0.715392245,0.568757037,-1.784102184,0.101874707,1.193062377,0.526133565
-0.992226143,-0.715405027,0.568757036,-1.784085044,0.101865561,1.193037925,0.526193785
-0.992136717,-0.715417745,0.568757034,-1.784067991,0.101856462,1.193013598,0.526253701
-0.992047735,-0.715430397,0.568757032,-1.784051026,0.101847410,1.192989396,0.526313313
-0.991959197,-0.715442985,0.568757031,-1.784034148,0.101838405,1.192965318,0.526372622
-0.991871102,-0.715455508,0.568757029,-1.784017357,0.101829447,1.192941365,0.526431628
-0.991783449,-0.715467966,0.568757028,-1.784000653,0.101820535,1.192917536,0.526490332
-0.991696238,-0.715480360,0.568757026,-1.783984035,0.101811670,1.192893831,0.526548735
-0.991609469,-0.715492690,0.568757025,-1.783967504,0.101802851,1.192870249,0.526606837
-0.991523139,-0.715504955,0.568757023,-1.783951059,0.101794079,1.192846792,0.526664638
-0.991437249,-0.715517157,0.568757022,-1.783934700,0.101785353,1.192823457,0.526722139
-0.991351798,-0.715529294,0.568757020,-1.783918428,0.101776674,1.192800245,0.526779341
-0.991266785,-0.715541368,0.568757019,-1.783902241,0.101768040,1.192777156,0.526836245
-0.991182209,-0.715553378,0.568757017,-1.783886139,0.101759452,1.192754189,0.526892850
-0.991098070,-0.715565324,0.568757016,-1.783870123,0.101750911,1.192731345,0.526949157
-0.991014367,-0.715577207,0.568757014,-1.783854193,0.101742415,1.192708623,0.527005168
-0.990931099,-0.715589026,0.568757013,-1.783838347,0.101733965,1.192686022,0.527060881
-0.990848266,-0.715600783,0.568757011,-1.783822587,0.101725561,1.192663543,0.527116299
-0.990765866,-0.715612476,0.568757010,-1.783806911,0.101717202,1.192641185,0.527171421
-0.990683898,-0.715624106,0.568757008,-1.783791320,0.101708888,1.192618948,0.527226249
-0.990602363,-0.715635674,0.568757007,-1.783775814,0.101700620,1.192596832,0.527280782
-0.990521260,-0.715647178,0.568757005,-1.783760391,0.101692398,1.192574836,0.527335022
-0.990440587,-0.715658621,0.568757004,-1.783745053,0.101684220,1.192552961,0.527388968
-0.990360344,-0.715670000,0.568757003,-1.783729799,0.101676087,1.192531206,0.527442622
-0.990280530,-0.715681318,0.568757001,-1.783714628,0.101668000,1.192509570,0.527495983
-0.990201144,-0.715692573,0.568757000,-1.783699541,0.101659957,1.192488054,0.527549054
-0.990122186,-0.715703766,0.568756998,-1.783684538,0.101651959,1.192466657,0.527601833
-0.990043654,-0.715714897,0.568756997,-1.783669618,0.101644006,1.192445380,0.527654322
-0.989965549,-0.715725966,0.568756996,-1.783654781,0.101636098,1.192424221,0.527706522
-0.989887868,-0.715736974,0.568756994,-1.783640026,0.101628234,1.192403180,0.527758432
-0.989810612,-0.715747920,0.568756993,-1.783625355,0.101620414,1.192382258,0.527810054
-0.989733780,-0.715758804,0.568756992,-1.783610766,0.101612639,1.192361454,0.527861388
-0.989657371,-0.715769628,0.568756990,-1.783596259,0.101604907,1.192340768,0.527912434
-0.989581383,-0.715780390,0.568756989,-1.783581835,0.101597220,1.192320199,0.527963194
-0.989505817,-0.715791091,0.568756988,-1.783567493,0.101589577,1.192299747,0.528013668
-0.989430671,-0.715801731,0.568756986,-1.783553232,0.101581978,1.192279413,0.528063856
-0.989355945,-0.715812310,0.568756985,-1.783539053,0.101574423,1.192259195,0.528113759
-0.989281638,-0.715822829,0.568756984,-1.783524956,0.101566911,1.192239093,0.528163377
-0.989207749,-0.715833287,0.568756982,-1.783510940,0.101559443,1.192219108,0.528212712
-0.989134277,-0.715843685,0.568756981,-1.783497005,0.101552019,1.192199239,0.528261764
-0.989061221,-0.715854022,0.568756980,-1.783483151,0.101544638,1.192179486,0.528310533
-0.988988581,-0.715864299,0.568756978,-1.783469378,0.101537300,1.192159847,0.528359020
-0.988916355,-0.715874517,0.568756977,-1.783455685,0.101530006,1.192140324,0.528407226
-0.988844544,-0.715884674,0.568756976,-1.783442073,0.101522755,1.192120916,0.528455151
-0.988773145,-0.715894772,0.568756975,-1.783428541,0.101515546,1.192101623,0.528502796
-0.988702159,-0.715904810,0.568756973,-1.783415089,0.101508381,1.192082444,0.528550161
-0.988631584,-0.715914789,0.568756972,-1.783401717,0.101501258,1.192063379,0.528597248
-0.988561420,-0.715924708,0.568756971,-1.783388424,0.101494178,1.192044428,0.528644056
-0.988491665,-0.715934568,0.568756970,-1.783375211,0.101487141,1.192025591,0.528690586
-0.988422320,-0.715944370,0.568756968,-1.783362078,0.101480146,1.192006867,0.528736840
-0.988353382,-0.715954112,0.568756967,-1.783349023,0.101473194,1.191988256,0.528782817
-0.988284852,-0.715963795,0.568756966,-1.783336048,0.101466284,1.191969758,0.528828518
-0.988216728,-0.715973420,0.568756965,-1.783323151,0.101459416,1.191951372,0.528873944
-0.988149009,-0.715982986,0.568756964,-1.783310333,0.101452591,1.191933099,0.528919095
-0.988081695,-0.715992494,0.568756962,-1.783297593,0.101445807,1.191914937,0.528963972
-0.988014785,-0.716001944,0.568756961,-1.783284931,0.101439065,1.191896888,0.529008577
-0.987948277,-0.716011335,0.568756960,-1.783272348,0.101432365,1.191878949,0.529052908
-0.987882172,-0.716020669,0.568756959,-1.783259842,0.101425707,1.191861122,0.529096967
-0.987816468,-0.716029945,0.568756958,-1.783247414,0.101419090,1.191843406,0.529140755
-0.987751164,-0.716039163,0.568756957,-1.783235063,0.101412515,1.191825801,0.529184272
-0.987686259,-0.716048324,0.568756956,-1.783222790,0.101405981,1.191808306,0.529227519
-0.987621753,-0.716057427,0.568756954,-1.783210593,0.101399488,1.191790920,0.529270497
-0.987557644,-0.716066473,0.568756953,-1.783198474,0.101393037,1.191773645,0.529313206
-0.987493932,-0.716075462,0.568756952,-1.783186431,0.101386627,1.191756480,0.529355646
-0.987430616,-0.716084394,0.568756951,-1.783174465,0.101380257,1.191739423,0.529397819
-0.987367695,-0.716093269,0.568756950,-1.783162575,0.101373929,1.191722476,0.529439725
-0.987305168,-0.716102087,0.568756949,-1.783150761,0.101367641,1.191705637,0.529481365
-0.987243034,-0.716110849,0.568756948,-1.783139023,0.101361394,1.191688907,0.529522739
-0.987181292,-0.716119554,0.568756947,-1.783127360,0.101355187,1.191672284,0.529563849
-0.987119942,-0.716128203,0.568756946,-1.783115773,0.101349021,1.191655770,0.529604694
-0.987058982,-0.716136796,0.568756945,-1.783104262,0.101342895,1.191639363,0.529645275
-0.986998411,-0.716145333,0.568756943,-1.783092826,0.101336810,1.191623064,0.529685593
-0.986938229,-0.716153815,0.568756942,-1.783081464,0.101330764,1.191606871,0.529725650
-0.986878435,-0.716162240,0.568756941,-1.783070178,0.101324759,1.191590786,0.529765444
-0.986819027,-0.716170610,0.568756940,-1.783058966,0.101318793,1.191574807,0.529804978
-0.986760006,-0.716178925,0.568756939,-1.783047828,0.101312867,1.191558934,0.529844251
-0.986701369,-0.716187184,0.568756938,-1.783036764,0.101306981,1.191543167,0.529883264
-0.986643116,-0.716195388,0.568756937,-1.783025775,0.101301135,1.191527505,0.529922019
-0.986585246,-0.716203538,0.568756936,-1.783014859,0.101295328,1.191511949,0.529960515
-0.986527758,-0.716211632,0.568756935,-1.783004016,0.101289560,1.191496498,0.529998754
-0.986470651,-0.716219672,0.568756934,-1.782993247,0.101283831,1.191481151,0.530036736
-0.986413924,-0.716227657,0.568756933,-1.782982552,0.101278142,1.191465909,0.530074461
-0.986357576,-0.716235588,0.568756932,-1.782971929,0.101272492,1.191450772,0.530111931
-0.986301607,-0.716243465,0.568756931,-1.782961379,0.101266880,1.191435738,0.530149146
-0.986246015,-0.716251287,0.568756930,-1.782950901,0.101261308,1.191420807,0.530186107
-0.986190799,-0.716259056,0.568756929,-1.782940496,0.101255774,1.191405980,0.530222814
-0.986135959,-0.716266771,0.568756928,-1.782930163,0.101250278,1.191391257,0.530259269
-0.986081493,-0.716274433,0.568756927,-1.782919902,0.101244821,1.191376635,0.530295471
-0.986027400,-0.716282040,0.568756926,-1.782909713,0.101239403,1.191362116,0.530331422
-0.985973680,-0.716289595,0.568756926,-1.782899595,0.101234023,1.191347700,0.530367122
-0.985920332,-0.716297096,0.568756925,-1.782889548,0.101228681,1.191333385,0.530402572
-0.985867354,-0.716304545,0.568756924,-1.782879573,0.101223376,1.191319172,0.530437773
-0.985814745,-0.716311940,0.568756923,-1.782869669,0.101218110,1.191305059,0.530472725
-0.985762505,-0.716319283,0.568756922,-1.782859835,0.101212882,1.191291048,0.530507429
-0.985710633,-0.716326573,0.568756921,-1.782850072,0.101207691,1.191277138,0.530541886
-0.985659127,-0.716333811,0.568756920,-1.782840379,0.101202538,1.191263328,0.530576097
-0.985607987,-0.716340997,0.568756919,-1.782830756,0.101197422,1.191249618,0.530610061
-0.985557211,-0.716348130,0.568756918,-1.782821203,0.101192344,1.191236007,0.530643780
-0.985506799,-0.716355212,0.568756917,-1.782811720,0.101187303,1.191222497,0.530677255
-0.985456749,-0.716362242,0.568756917,-1.782802306,0.101182299,1.191209085,0.530710487
-0.985407061,-0.716369220,0.568756916,-1.782792962,0.101177332,1.191195772,0.530743475
-0.985357733,-0.716376146,0.568756915,-1.782783687,0.101172402,1.191182558,0.530776221
-0.985308765,-0.716383022,0.568756914,-1.782774480,0.101167509,1.191169442,0.530808726
-0.985260156,-0.716389846,0.568756913,-1.782765342,0.101162652,1.191156424,0.530840989
-0.985211904,-0.716396619,0.568756912,-1.782756273,0.101157832,1.191143503,0.530873013
-0.985164008,-0.716403342,0.568756911,-1.782747271,0.101153048,1.191130680,0.530904797
-0.985116468,-0.716410013,0.568756911,-1.782738338,0.101148301,1.191117954,0.530936342
-0.985069282,-0.716416634,0.568756910,-1.782729472,0.101143590,1.191105325,0.530967650
-0.985022449,-0.716423205,0.568756909,-1.782720675,0.101138915,1.191092792,0.530998721
-0.984975969,-0.716429725,0.568756908,-1.782711944,0.101134276,1.191080355,0.531029555
-0.984929840,-0.716436196,0.568756907,-1.782703281,0.101129672,1.191068014,0.531060153
-0.984884061,-0.716442616,0.568756907,-1.782694684,0.101125105,1.191055769,0.531090516
-0.984838632,-0.716448987,0.568756906,-1.782686154,0.101120573,1.191043619,0.531120645
-0.984793551,-0.716455308,0.568756905,-1.782677691,0.101116076,1.191031563,0.531150541
-0.984748816,-0.716461580,0.568756904,-1.782669294,0.101111615,1.191019602,0.531180203
-0.984704428,-0.716467803,0.568756903,-1.782660963,0.101107190,1.191007736,0.531209634
-0.984660385,-0.716473976,0.568756903,-1.782652698,0.101102799,1.190995963,0.531238834
-0.984616685,-0.716480100,0.568756902,-1.782644498,0.101098443,1.190984284,0.531267803
-0.984573328,-0.716486176,0.568756901,-1.782636364,0.101094123,1.190972698,0.531296542
-0.984530314,-0.716492203,0.568756900,-1.782628295,0.101089837,1.190961206,0.531325052
-0.984487639,-0.716498182,0.568756900,-1.782620291,0.101085585,1.190949806,0.531353334
-0.984445305,-0.716504112,0.568756899,-1.782612352,0.101081369,1.190938498,0.531381388
-0.984403309,-0.716509994,0.568756898,-1.782604477,0.101077186,1.190927282,0.531409216
-0.984361650,-0.716515829,0.568756897,-1.782596667,0.101073038,1.190916158,0.531436818
-0.984320327,-0.716521615,0.568756897,-1.782588921,0.101068925,1.190905126,0.531464194
-0.984279340,-0.716527354,0.568756896,-1.782581238,0.101064845,1.190894185,0.531491346
-0.984238687,-0.716533045,0.568756895,-1.782573620,0.101060799,1.190883334,0.531518274
-0.984198368,-0.716538690,0.568756895,-1.782566064,0.101056787,1.190872574,0.531544980
-0.984158380,-0.716544286,0.568756894,-1.782558572,0.101052809,1.190861904,0.531571463
-0.984118722,-0.716549836,0.568756893,-1.782551143,0.101048864,1.190851324,0.531597725
-0.984079395,-0.716555340,0.568756893,-1.782543776,0.101044953,1.190840833,0.531623766
-0.984040396,-0.716560796,0.568756892,-1.782536472,0.101041075,1.190830431,0.531649587
-0.984001725,-0.716566206,0.568756891,-1.782529231,0.101037230,1.190820119,0.531675190
-0.983963380,-0.716571570,0.568756891,-1.782522051,0.101033419,1.190809894,0.531700574
-0.983925361,-0.716576888,0.568756890,-1.782514933,0.101029640,1.190799758,0.531725740
-0.983887665,-0.716582159,0.568756889,-1.782507877,0.101025894,1.190789710,0.531750690
-0.983850293,-0.716587385,0.568756889,-1.782500882,0.101022181,1.190779750,0.531775424
-0.983813243,-0.716592565,0.568756888,-1.782493949,0.101018501,1.190769876,0.531799943
-0.983776513,-0.716597700,0.568756887,-1.782487076,0.101014853,1.190760090,0.531824247
-0.983740103,-0.716602790,0.568756887,-1.782480264,0.101011237,1.190750390,0.531848338
-0.983704011,-0.716607834,0.568756886,-1.782473512,0.101007654,1.190740776,0.531872216
-0.983668237,-0.716612834,0.568756885,-1.782466821,0.101004103,1.190731248,0.531895883
-0.983632779,-0.716617788,0.568756885,-1.782460190,0.101000583,1.190721806,0.531919338
-0.983597635,-0.716622699,0.568756884,-1.782453618,0.100997096,1.190712449,0.531942582
-0.983562806,-0.716627564,0.568756884,-1.782447106,0.100993640,1.190703177,0.531965617
-0.983528290,-0.716632386,0.568756883,-1.782440654,0.100990216,1.190693989,0.531988443
-0.983494085,-0.716637163,0.568756882,-1.782434260,0.100986823,1.190684886,0.532011062
-0.983460190,-0.716641897,0.568756882,-1.782427925,0.100983462,1.190675866,0.532033473
-0.983426605,-0.716646586,0.568756881,-1.782421649,0.100980132,1.190666930,0.532055678
-0.983393327,-0.716651232,0.568756881,-1.782415431,0.100976833,1.190658077,0.532077677
-0.983360357,-0.716655835,0.568756880,-1.782409271,0.100973564,1.190649308,0.532099472
-0.983327692,-0.716660395,0.568756880,-1.782403170,0.100970327,1.190640620,0.532121062
-0.983295332,-0.716664911,0.568756879,-1.782397126,0.100967121,1.190632015,0.532142450
-0.983263275,-0.716669385,0.568756878,-1.782391139,0.100963945,1.190623492,0.532163635
-0.983231520,-0.716673816,0.568756878,-1.782385209,0.100960799,1.190615050,0.532184619
-0.983200066,-0.716678205,0.568756877,-1.782379337,0.100957684,1.190606690,0.532205403
-0.983168912,-0.716682551,0.568756877,-1.782373521,0.100954599,1.190598410,0.532225986
-0.983138057,-0.716686855,0.568756876,-1.782367762,0.100951544,1.190590211,0.532246371
-0.983107499,-0.716691117,0.568756876,-1.782362058,0.100948519,1.190582092,0.532266557
-0.983077236,-0.716695337,0.568756875,-1.782356411,0.100945524,1.190574053,0.532286546
-0.983047269,-0.716699516,0.568756875,-1.782350820,0.100942558,1.190566093,0.532306339
-0.983017596,-0.716703653,0.568756874,-1.782345284,0.100939622,1.190558212,0.532325936
-0.982988215,-0.716707749,0.568756874,-1.782339803,0.100936716,1.190550410,0.532345338
-0.982959125,-0.716711804,0.568756873,-1.782334378,0.100933839,1.190542687,0.532364546
-0.982930326,-0.716715818,0.568756873,-1.782329007,0.100930991,1.190535042,0.532383561
-0.982901815,-0.716719791,0.568756872,-1.782323691,0.100928171,1.190527474,0.532402384
-0.982873592,-0.716723724,0.568756872,-1.782318429,0.100925381,1.190519984,0.532421016
-0.982845655,-0.716727616,0.568756871,-1.782313221,0.100922620,1.190512571,0.532439456
-0.982818003,-0.716731469,0.568756871,-1.782308067,0.100919887,1.190505234,0.532457708
-0.982790635,-0.716735281,0.568756870,-1.782302966,0.100917183,1.190497974,0.532475770
-0.982763550,-0.716739053,0.568756870,-1.782297919,0.100914507,1.190490790,0.532493644
-0.982736746,-0.716742786,0.568756869,-1.782292925,0.100911859,1.190483681,0.532511331
-0.982710223,-0.716746480,0.568756869,-1.782287983,0.100909239,1.190476648,0.532528832
-0.982683978,-0.716750134,0.568756868,-1.782283094,0.100906648,1.190469689,0.532546147
-0.982658011,-0.716753749,0.568756868,-1.782278258,0.100904084,1.190462806,0.532563278
-0.982632320,-0.716757325,0.568756868,-1.782273474,0.100901548,1.190455996,0.532580225
-0.982606904,-0.716760863,0.568756867,-1.782268741,0.100899039,1.190449260,0.532596989
-0.982581762,-0.716764362,0.568756867,-1.782264060,0.100896558,1.190442598,0.532613571
-0.982556893,-0.716767822,0.568756866,-1.782259430,0.100894104,1.190436009,0.532629972
-0.982532295,-0.716771245,0.568756866,-1.782254852,0.100891678,1.190429493,0.532646193
-0.982507967,-0.716774629,0.568756865,-1.782250324,0.100889278,1.190423049,0.532662234
-0.982483908,-0.716777976,0.568756865,-1.782245847,0.100886905,1.190416677,0.532678097
-0.982460116,-0.716781285,0.568756865,-1.782241420,0.100884559,1.190410377,0.532693783
-0.982436590,-0.716784557,0.568756864,-1.782237043,0.100882240,1.190404148,0.532709291
-0.982413330,-0.716787792,0.568756864,-1.782232717,0.100879947,1.190397990,0.532724624
-0.982390332,-0.716790989,0.568756863,-1.782228439,0.100877680,1.190391903,0.532739781
-0.982367597,-0.716794150,0.568756863,-1.782224211,0.100875440,1.190385886,0.532754765
-0.982345123,-0.716797274,0.568756863,-1.782220032,0.100873226,1.190379939,0.532769576
-0.982322909,-0.716800362,0.568756862,-1.782215902,0.100871037,1.190374061,0.532784214
-0.982300953,-0.716803414,0.568756862,-1.782211820,0.100868875,1.190368253,0.532798680
-0.982279254,-0.716806429,0.568756861,-1.782207787,0.100866738,1.190362513,0.532812977
-0.982257811,-0.716809409,0.568756861,-1.782203801,0.100864626,1.190356842,0.532827103
-0.982236622,-0.716812352,0.568756861,-1.782199864,0.100862540,1.190351239,0.532841061
-0.982215686,-0.716815261,0.568756860,-1.782195974,0.100860480,1.190345703,0.532854851
-0.982195002,-0.716818134,0.568756860,-1.782192131,0.100858444,1.190340235,0.532868474
-0.982174568,-0.716820972,0.568756860,-1.782188335,0.100856433,1.190334834,0.532881931
-0.982154383,-0.716823775,0.568756859,-1.782184586,0.100854447,1.190329499,0.532895223
-0.982134447,-0.716826543,0.568756859,-1.782180883,0.100852486,1.190324230,0.532908351
-0.982114756,-0.716829277,0.568756859,-1.782177227,0.100850550,1.190319028,0.532921315
-0.982095311,-0.716831977,0.568756858,-1.782173616,0.100848637,1.190313890,0.532934117
-0.982076109,-0.716834642,0.568756858,-1.782170052,0.100846749,1.190308818,0.532946758
-0.982057149,-0.716837274,0.568756858,-1.782166532,0.100844886,1.190303811,0.532959238
-0.982038431,-0.716839871,0.568756857,-1.782163058,0.100843046,1.190298867,0.532971558
-0.982019952,-0.716842436,0.568756857,-1.782159629,0.100841230,1.190293988,0.532983720
-0.982001712,-0.716844966,0.568756857,-1.782156244,0.100839437,1.190289173,0.532995724
-0.981983708,-0.716847464,0.568756856,-1.782152904,0.100837669,1.190284420,0.533007571
-0.981965940,-0.716849929,0.568756856,-1.782149608,0.100835923,1.190279730,0.533019262
-0.981948406,-0.716852361,0.568756856,-1.782146355,0.100834201,1.190275103,0.533030799
-0.981931105,-0.716854760,0.568756855,-1.782143146,0.100832502,1.190270538,0.533042181
-0.981914035,-0.716857127,0.568756855,-1.782139981,0.100830826,1.190266035,0.533053410
-0.981897196,-0.716859462,0.568756855,-1.782136859,0.100829173,1.190261592,0.533064486
-0.981880585,-0.716861765,0.568756855,-1.782133779,0.100827543,1.190257211,0.533075412
-0.981864201,-0.716864036,0.568756854,-1.782130742,0.100825935,1.190252890,0.533086187
-0.981848043,-0.716866276,0.568756854,-1.782127747,0.100824349,1.190248629,0.533096813
-0.981832109,-0.716868484,0.568756854,-1.782124794,0.100822786,1.190244428,0.533107290
-0.981816399,-0.716870662,0.568756853,-1.782121882,0.100821245,1.190240287,0.533117620
-0.981800910,-0.716872808,0.568756853,-1.782119013,0.100819726,1.190236204,0.533127803
-0.981785641,-0.716874923,0.568756853,-1.782116184,0.100818229,1.190232180,0.533137841
-0.981770591,-0.716877008,0.568756853,-1.782113396,0.100816753,1.190228214,0.533147734
-0.981755759,-0.716879063,0.568756852,-1.782110649,0.100815299,1.190224306,0.533157484
-0.981741142,-0.716881087,0.568756852,-1.782107942,0.100813867,1.190220456,0.533167090
-0.981726740,-0.716883082,0.568756852,-1.782105275,0.100812455,1.190216662,0.533176555
-0.981712552,-0.716885046,0.568756852,-1.782102648,0.100811065,1.190212925,0.533185880
-0.981698575,-0.716886982,0.568756851,-1.782100060,0.100809696,1.190209245,0.533195064
-0.981684808,-0.716888888,0.568756851,-1.782097512,0.100808347,1.190205620,0.533204109
-0.981671250,-0.716890764,0.568756851,-1.782095003,0.100807019,1.190202050,0.533213017
-0.981657899,-0.716892612,0.568756851,-1.782092532,0.100805712,1.190198536,0.533221787
-0.981644755,-0.716894432,0.568756851,-1.782090100,0.100804425,1.190195077,0.533230422
-0.981631814,-0.716896222,0.568756850,-1.782087706,0.100803158,1.190191671,0.533238921
-0.981619077,-0.716897985,0.568756850,-1.782085349,0.100801911,1.190188320,0.533247287
-0.981606542,-0.716899719,0.568756850,-1.782083031,0.100800685,1.190185022,0.533255519
-0.981594206,-0.716901425,0.568756850,-1.782080749,0.100799478,1.190181777,0.533263620
-0.981582070,-0.716903104,0.568756849,-1.782078505,0.100798290,1.190178585,0.533271589
-0.981570130,-0.716904756,0.568756849,-1.782076297,0.100797122,1.190175445,0.533279429
-0.981558386,-0.716906380,0.568756849,-1.782074126,0.100795974,1.190172356,0.533287139
-0.981546837,-0.716907977,0.568756849,-1.782071991,0.100794845,1.190169320,0.533294721
-0.981535480,-0.716909547,0.568756849,-1.782069892,0.100793734,1.190166334,0.533302176
-0.981524314,-0.716911091,0.568756848,-1.782067828,0.100792643,1.190163399,0.533309504
-0.981513339,-0.716912608,0.568756848,-1.782065800,0.100791570,1.190160515,0.533316708
-0.981502551,-0.716914099,0.568756848,-1.782063807,0.100790516,1.190157680,0.533323787
-0.981491951,-0.716915564,0.568756848,-1.782061848,0.100789480,1.190154895,0.533330744
-0.981481535,-0.716917003,0.568756848,-1.782059924,0.100788462,1.190152159,0.533337578
-0.981471304,-0.716918417,0.568756848,-1.782058034,0.100787463,1.190149471,0.533344291
-0.981461255,-0.716919805,0.568756847,-1.782056179,0.100786481,1.190146832,0.533350884
-0.981451387,-0.716921168,0.568756847,-1.782054356,0.100785518,1.190144240,0.533357357
-0.981441698,-0.716922507,0.568756847,-1.782052567,0.100784572,1.190141696,0.533363713
-0.981432187,-0.716923820,0.568756847,-1.782050811,0.100783643,1.190139199,0.533369951
-0.981422852,-0.716925109,0.568756847,-1.782049088,0.100782732,1.190136749,0.533376074
-0.981413692,-0.716926374,0.568756847,-1.782047397,0.100781838,1.190134345,0.533382081
-0.981404705,-0.716927615,0.568756846,-1.782045739,0.100780961,1.190131986,0.533387974
-0.981395890,-0.716928832,0.568756846,-1.782044112,0.100780101,1.190129673,0.533393755
-0.981387245,-0.716930025,0.568756846,-1.782042517,0.100779258,1.190127405,0.533399423
-0.981378769,-0.716931195,0.568756846,-1.782040953,0.100778431,1.190125181,0.533404980
-0.981370459,-0.716932342,0.568756846,-1.782039421,0.100777621,1.190123002,0.533410427
-0.981362316,-0.716933466,0.568756846,-1.782037919,0.100776827,1.190120866,0.533415765
-0.981354336,-0.716934567,0.568756846,-1.782036447,0.100776049,1.190118773,0.533420996
-0.981346519,-0.716935646,0.568756845,-1.782035005,0.100775287,1.190116724,0.533426119
-0.981338863,-0.716936702,0.568756845,-1.782033594,0.100774541,1.190114716,0.533431137
-0.981331366,-0.716937736,0.568756845,-1.782032212,0.100773810,1.190112751,0.533436049
-0.981324027,-0.716938748,0.568756845,-1.782030859,0.100773095,1.190110828,0.533440858
-0.981316844,-0.716939739,0.568756845,-1.782029535,0.100772395,1.190108945,0.533445565
-0.981309816,-0.716940708,0.568756845,-1.782028240,0.100771711,1.190107104,0.533450169
-0.981302941,-0.716941656,0.568756845,-1.782026973,0.100771041,1.190105302,0.533454673
-0.981296217,-0.716942583,0.568756845,-1.782025734,0.100770387,1.190103541,0.533459078
-0.981289643,-0.716943489,0.568756844,-1.782024523,0.100769747,1.190101819,0.533463383
-0.981283218,-0.716944375,0.568756844,-1.782023339,0.100769121,1.190100136,0.533467592
-0.981276939,-0.716945240,0.568756844,-1.782022183,0.100768510,1.190098492,0.533471704
-0.981270806,-0.716946085,0.568756844,-1.782021053,0.100767913,1.190096886,0.533475720
-0.981264816,-0.716946911,0.568756844,-1.782019950,0.100767330,1.190095318,0.533479642
-0.981258968,-0.716947716,0.568756844,-1.782018874,0.100766761,1.190093788,0.533483471
-0.981253261,-0.716948503,0.568756844,-1.782017823,0.100766206,1.190092294,0.533487208
-0.981247692,-0.716949270,0.568756844,-1.782016798,0.100765665,1.190090836,0.533490854
-0.981242260,-0.716950018,0.568756844,-1.782015798,0.100765137,1.190089415,0.533494409
-0.981236964,-0.716950747,0.568756844,-1.782014823,0.100764622,1.190088030,0.533497876
-0.981231802,-0.716951458,0.568756843,-1.782013873,0.100764120,1.190086679,0.533501255
-0.981226772,-0.716952151,0.568756843,-1.782012948,0.100763631,1.190085364,0.533504546
-0.981221873,-0.716952825,0.568756843,-1.782012047,0.100763155,1.190084082,0.533507752
-0.981217103,-0.716953482,0.568756843,-1.782011169,0.100762691,1.190082835,0.533510874
-0.981212460,-0.716954121,0.568756843,-1.782010315,0.100762240,1.190081621,0.533513911
-0.981207944,-0.716954742,0.568756843,-1.782009485,0.100761801,1.190080440,0.533516867
-0.981203551,-0.716955347,0.568756843,-1.782008677,0.100761375,1.190079292,0.533519740
-0.981199281,-0.716955935,0.568756843,-1.782007892,0.100760960,1.190078176,0.533522534
-0.981195131,-0.716956505,0.568756843,-1.782007129,0.100760557,1.190077092,0.533525248
-0.981191101,-0.716957060,0.568756843,-1.782006388,0.100760166,1.190076039,0.533527884
-0.981187189,-0.716957598,0.568756843,-1.782005669,0.100759786,1.190075016,0.533530443
-0.981183392,-0.716958120,0.568756843,-1.782004971,0.100759418,1.190074025,0.533532926
-0.981179710,-0.716958627,0.568756843,-1.782004294,0.100759060,1.190073063,0.533535334
-0.981176140,-0.716959118,0.568756843,-1.782003639,0.100758714,1.190072130,0.533537668
-0.981172681,-0.716959593,0.568756842,-1.782003003,0.100758378,1.190071227,0.533539930
-0.981169331,-0.716960054,0.568756842,-1.782002388,0.100758054,1.190070353,0.533542120
-0.981166089,-0.716960500,0.568756842,-1.782001792,0.100757739,1.190069506,0.533544239
-0.981162953,-0.716960931,0.568756842,-1.782001216,0.100757435,1.190068688,0.533546289
-0.981159921,-0.716961348,0.568756842,-1.782000659,0.100757141,1.190067896,0.533548271
-0.981156991,-0.716961750,0.568756842,-1.782000122,0.100756857,1.190067132,0.533550186
-0.981154162,-0.716962139,0.568756842,-1.781999602,0.100756583,1.190066393,0.533552034
-0.981151433,-0.716962514,0.568756842,-1.781999101,0.100756318,1.190065681,0.533553818
-0.981148800,-0.716962876,0.568756842,-1.781998618,0.100756063,1.190064995,0.533555538
-0.981146264,-0.716963224,0.568756842,-1.781998152,0.100755818,1.190064333,0.533557196
-0.981143821,-0.716963560,0.568756842,-1.781997704,0.100755581,1.190063696,0.533558791
-0.981141471,-0.716963882,0.568756842,-1.781997273,0.100755353,1.190063083,0.533560327
-0.981139211,-0.716964193,0.568756842,-1.781996858,0.100755134,1.190062494,0.533561803
-0.981137041,-0.716964491,0.568756842,-1.781996460,0.100754924,1.190061928,0.533563221
-0.981134957,-0.716964777,0.568756842,-1.781996078,0.100754723,1.190061385,0.533564582
-0.981132959,-0.716965051,0.568756842,-1.781995711,0.100754529,1.190060864,0.533565887
-0.981131044,-0.716965314,0.568756842,-1.781995360,0.100754344,1.190060365,0.533567137
-0.981129212,-0.716965566,0.568756842,-1.781995024,0.100754166,1.190059888,0.533568334
-0.981127459,-0.716965806,0.568756842,-1.781994703,0.100753997,1.190059431,0.533569478
-0.981125785,-0.716966036,0.568756842,-1.781994396,0.100753835,1.190058995,0.533570571
-0.981124188,-0.716966255,0.568756842,-1.781994103,0.100753681,1.190058579,0.533571613
-0.981122666,-0.716966464,0.568756842,-1.781993824,0.100753533,1.190058182,0.533572607
-0.981121217,-0.716966663,0.568756842,-1.781993559,0.100753393,1.190057805,0.533573553
-0.981119840,-0.716966852,0.568756842,-1.781993307,0.100753260,1.190057446,0.533574452
-0.981118532,-0.716967031,0.568756842,-1.781993067,0.100753134,1.190057106,0.533575306
-0.981117292,-0.716967201,0.568756842,-1.781992840,0.100753014,1.190056783,0.533576115
-0.981116119,-0.716967362,0.568756842,-1.781992625,0.100752900,1.190056478,0.533576880
-0.981115010,-0.716967514,0.568756841,-1.781992422,0.100752793,1.190056189,0.533577604
-0.981113963,-0.716967658,0.568756841,-1.781992230,0.100752692,1.190055917,0.533578287
-0.981112977,-0.716967793,0.568756841,-1.781992050,0.100752597,1.190055660,0.533578930
-0.981112051,-0.716967920,0.568756841,-1.781991880,0.100752507,1.190055419,0.533579535
-0.981111181,-0.716968039,0.568756841,-1.781991721,0.100752423,1.190055193,0.533580102
-0.981110368,-0.716968151,0.568756841,-1.781991572,0.100752345,1.190054981,0.533580633
-0.981109608,-0.716968255,0.568756841,-1.781991433,0.100752271,1.190054784,0.533581128
-0.981108899,-0.716968352,0.568756841,-1.781991303,0.100752203,1.190054600,0.533581590
-0.981108241,-0.716968442,0.568756841,-1.781991183,0.100752140,1.190054429,0.533582019
-0.981107632,-0.716968526,0.568756841,-1.781991071,0.100752081,1.190054270,0.533582417
-0.981107068,-0.716968603,0.568756841,-1.781990968,0.100752026,1.190054124,0.533582784
-0.981106550,-0.716968674,0.568756841,-1.781990873,0.100751976,1.190053989,0.533583122
-0.981106074,-0.716968739,0.568756841,-1.781990786,0.100751930,1.190053865,0.533583433
-0.981105639,-0.716968798,0.568756841,-1.781990707,0.100751888,1.190053752,0.533583716
-0.981105244,-0.716968853,0.568756841,-1.781990634,0.100751850,1.190053649,0.533583974
-0.981104886,-0.716968902,0.568756841,-1.781990569,0.100751816,1.190053556,0.533584207
-0.981104563,-0.716968946,0.568756841,-1.781990510,0.100751785,1.190053473,0.533584417
-0.981104274,-0.716968985,0.568756841,-1.781990457,0.100751757,1.190053398,0.533584606
-0.981104017,-0.716969020,0.568756841,-1.781990410,0.100751732,1.190053331,0.533584773
-0.981103791,-0.716969052,0.568756841,-1.781990369,0.100751710,1.190053272,0.533584921
-0.981103592,-0.716969079,0.568756841,-1.781990332,0.100751691,1.190053220,0.533585050
-0.981103419,-0.716969102,0.568756841,-1.781990301,0.100751674,1.190053176,0.533585163
-0.981103272,-0.716969123,0.568756841,-1.781990274,0.100751660,1.190053137,0.533585259
-0.981103146,-0.716969140,0.568756841,-1.781990251,0.100751648,1.190053105,0.533585341
-0.981103042,-0.716969154,0.568756841,-1.781990232,0.100751638,1.190053078,0.533585409
-0.981102956,-0.716969166,0.568756841,-1.781990216,0.100751630,1.190053055,0.533585464
-0.981102887,-0.716969175,0.568756841,-1.781990204,0.100751623,1.190053038,0.533585509
-0.981102834,-0.716969182,0.568756841,-1.781990194,0.100751618,1.190053024,0.533585544
-0.981102794,-0.716969188,0.568756841,-1.781990186,0.100751614,1.190053013,0.533585570
-0.981102765,-0.716969192,0.568756841,-1.781990181,0.100751611,1.190053006,0.533585589
-0.981102746,-0.716969194,0.568756841,-1.781990178,0.100751610,1.190053001,0.533585602
-0.981102734,-0.716969196,0.568756841,-1.781990176,0.100751608,1.190052998,0.533585609
-0.981102728,-0.716969197,0.568756841,-1.781990174,0.100751608,1.190052996,0.533585613
-0.981102726,-0.716969197,0.568756841,-1.781990174,0.100751608,1.190052996,0.533585615
