# q1,q2,q3,q4,q5,q6,q7
0.000000000,0.000000000,0.000000000,0.000000000,0.000000000,0.000000000,0.000000000
-0.005073615,-0.000338500,-0.000000076,0.000602887,-0.000551083,-0.001076842,0.000246169
-0.010137691,-0.000676391,-0.000000152,0.001204683,-0.001101158,-0.002151727,0.000491974
-0.015192233,-0.001013676,-0.000000228,0.001805389,-0.001650227,-0.003224654,0.000737416
-0.020237247,-0.001350354,-0.000000303,0.002405005,-0.002198290,-0.004295626,0.000982494
-0.025272740,-0.001686425,-0.000000379,0.003003532,-0.002745348,-0.005364643,0.001227208
-0.030298717,-0.002021889,-0.000000454,0.003600971,-0.003291401,-0.006431707,0.001471560
-0.035315185,-0.002356748,-0.000000529,0.004197322,-0.003836450,-0.007496820,0.001715548
-0.040322150,-0.002691002,-0.000000604,0.004792586,-0.004380495,-0.008559981,0.001959174
-0.045319618,-0.003024651,-0.000000679,0.005386765,-0.004923538,-0.009621193,0.002202437
-0.050307595,-0.003357694,-0.000000754,0.005979857,-0.005465579,-0.010680457,0.002445338
-0.055286086,-0.003690134,-0.000000828,0.006571865,-0.006006618,-0.011737774,0.002687877
-0.060255099,-0.004021970,-0.000000903,0.007162789,-0.006546656,-0.012793145,0.002930054
-0.065214638,-0.004353202,-0.000000977,0.007752630,-0.007085694,-0.013846572,0.003171870
-0.070164711,-0.004683831,-0.000001051,0.008341387,-0.007623732,-0.014898055,0.003413324
-0.075105323,-0.005013857,-0.000001125,0.008929063,-0.008160772,-0.015947597,0.003654417
-0.080036481,-0.005343281,-0.000001199,0.009515657,-0.008696813,-0.016995197,0.003895148
-0.084958189,-0.005672103,-0.000001273,0.010101170,-0.009231856,-0.018040858,0.004135519
-0.089870456,-0.006000323,-0.000001347,0.010685604,-0.009765902,-0.019084580,0.004375530
-0.094773285,-0.006327942,-0.000001420,0.011268958,-0.010298952,-0.020126366,0.004615180
-0.099666685,-0.006654960,-0.000001494,0.011851234,-0.010831006,-0.021166215,0.004854470
-0.104550660,-0.006981378,-0.000001567,0.012432431,-0.011362065,-0.022204130,0.005093400
-0.109425217,-0.007307196,-0.000001640,0.013012551,-0.011892130,-0.023240111,0.005331970
-0.114290362,-0.007632414,-0.000001713,0.013591595,-0.012421200,-0.024274161,0.005570180
-0.119146101,-0.007957032,-0.000001786,0.014169563,-0.012949278,-0.025306279,0.005808032
-0.123992439,-0.008281052,-0.000001858,0.014746456,-0.013476363,-0.026336467,0.006045524
-0.128829384,-0.008604473,-0.000001931,0.015322274,-0.014002455,-0.027364727,0.006282657
-0.133656941,-0.008927296,-0.000002003,0.015897018,-0.014527557,-0.028391060,0.006519432
-0.138475116,-0.009249521,-0.000002076,0.016470689,-0.015051667,-0.029415467,0.006755848
-0.143283915,-0.009571149,-0.000002148,0.017043288,-0.015574788,-0.030437949,0.006991906
-0.148083345,-0.009892179,-0.000002220,0.017614815,-0.016096919,-0.031458507,0.007227606
-0.152873411,-0.010212613,-0.000002292,0.018185271,-0.016618062,-0.032477143,0.007462948
-0.157654120,-0.010532451,-0.000002363,0.018754656,-0.017138216,-0.033493858,0.007697933
-0.162425477,-0.010851693,-0.000002435,0.019322972,-0.017657383,-0.034508653,0.007932560
-0.167187489,-0.011170339,-0.000002506,0.019890218,-0.018175562,-0.035521530,0.008166830
-0.171940162,-0.011488391,-0.000002578,0.020456397,-0.018692756,-0.036532489,0.008400743
-0.176683502,-0.011805847,-0.000002649,0.021021507,-0.019208964,-0.037541532,0.008634299
-0.181417514,-0.012122709,-0.000002720,0.021585551,-0.019724187,-0.038548660,0.008867498
-0.186142205,-0.012438977,-0.000002791,0.022148528,-0.020238426,-0.039553874,0.009100342
-0.190857582,-0.012754652,-0.000002862,0.022710440,-0.020751680,-0.040557176,0.009332829
-0.195563649,-0.013069733,-0.000002932,0.023271287,-0.021263952,-0.041558567,0.009564960
-0.200260414,-0.013384221,-0.000003003,0.023831070,-0.021775242,-0.042558048,0.009796736
-0.204947882,-0.013698117,-0.000003073,0.024389789,-0.022285549,-0.043555620,0.010028156
-0.209626059,-0.014011421,-0.000003144,0.024947445,-0.022794876,-0.044551284,0.010259220
-0.214294952,-0.014324133,-0.000003214,0.025504039,-0.023303222,-0.045545042,0.010489930
-0.218954566,-0.014636254,-0.000003284,0.026059572,-0.023810588,-0.046536895,0.010720285
-0.223604907,-0.014947784,-0.000003353,0.026614044,-0.024316974,-0.047526844,0.010950285
-0.228245983,-0.015258723,-0.000003423,0.027167456,-0.024822382,-0.048514891,0.011179931
-0.232877798,-0.015569072,-0.000003493,0.027719808,-0.025326813,-0.049501036,0.011409222
-0.237500358,-0.015878832,-0.000003562,0.028271102,-0.025830265,-0.050485282,0.011638160
-0.242113671,-0.016188001,-0.000003632,0.028821337,-0.026332741,-0.051467628,0.011866744
-0.246717741,-0.016496582,-0.000003701,0.029370515,-0.026834241,-0.052448077,0.012094974
-0.251312576,-0.016804575,-0.000003770,0.029918637,-0.027334766,-0.053426629,0.012322851
-0.255898180,-0.017111979,-0.000003839,0.030465702,-0.027834316,-0.054403286,0.012550374
-0.260474561,-0.017418795,-0.000003907,0.031011712,-0.028332891,-0.055378049,0.012777545
-0.265041724,-0.017725023,-0.000003976,0.031556668,-0.028830493,-0.056350920,0.013004363
-0.269599675,-0.018030665,-0.000004045,0.032100570,-0.029327122,-0.057321898,0.013230828
-0.274148421,-0.018335719,-0.000004113,0.032643418,-0.029822779,-0.058290987,0.013456942
-0.278687967,-0.018640188,-0.000004181,0.033185214,-0.030317464,-0.059258187,0.013682703
-0.283218319,-0.018944070,-0.000004249,0.033725958,-0.030811178,-0.060223499,0.013908112
-0.287739484,-0.019247367,-0.000004317,0.034265651,-0.031303922,-0.061186924,0.014133169
-0.292251468,-0.019550078,-0.000004385,0.034804293,-0.031795696,-0.062148464,0.014357875
-0.296754276,-0.019852205,-0.000004453,0.035341885,-0.032286501,-0.063108120,0.014582230
-0.301247916,-0.020153747,-0.000004520,0.035878429,-0.032776338,-0.064065893,0.014806234
-0.305732392,-0.020454706,-0.000004588,0.036413924,-0.033265206,-0.065021784,0.015029887
-0.310207711,-0.020755080,-0.000004655,0.036948371,-0.033753108,-0.065975795,0.015253189
-0.314673879,-0.021054871,-0.000004722,0.037481771,-0.034240043,-0.066927927,0.015476141
-0.319130902,-0.021354080,-0.000004789,0.038014124,-0.034726012,-0.067878181,0.015698743
-0.323578787,-0.021652705,-0.000004856,0.038545432,-0.035211016,-0.068826559,0.015920995
-0.328017538,-0.021950749,-0.000004923,0.039075695,-0.035695055,-0.069773061,0.016142897
-0.332447163,-0.022248210,-0.000004990,0.039604914,-0.036178130,-0.070717688,0.016364449
-0.336867668,-0.022545091,-0.000005056,0.040133089,-0.036660242,-0.071660443,0.016585652
-0.341279057,-0.022841390,-0.000005123,0.040660221,-0.037141391,-0.072601326,0.016806506
-0.345681339,-0.023137109,-0.000005189,0.041186311,-0.037621578,-0.073540338,0.017027011
-0.350074518,-0.023432247,-0.000005255,0.041711359,-0.038100803,-0.074477482,0.017247168
-0.354458600,-0.023726806,-0.000005321,0.042235367,-0.038579068,-0.075412757,0.017466976
-0.358833593,-0.024020785,-0.000005387,0.042758334,-0.039056372,-0.076346165,0.017686435
-0.363199501,-0.024314184,-0.000005452,0.043280261,-0.039532717,-0.077277708,0.017905547
-0.367556331,-0.024607006,-0.000005518,0.043801150,-0.040008103,-0.078207386,0.018124310
-0.371904089,-0.024899248,-0.000005583,0.044321001,-0.040482531,-0.079135201,0.018342727
-0.376242782,-0.025190913,-0.000005649,0.044839814,-0.040956001,-0.080061155,0.018560795
-0.380572414,-0.025482000,-0.000005714,0.045357590,-0.041428514,-0.080985248,0.018778517
-0.384892993,-0.025772510,-0.000005779,0.045874330,-0.041900070,-0.081907481,0.018995891
-0.389204523,-0.026062444,-0.000005844,0.046390035,-0.042370671,-0.082827856,0.019212919
-0.393507013,-0.026351800,-0.000005909,0.046904705,-0.042840317,-0.083746374,0.019429600
-0.397800466,-0.026640581,-0.000005973,0.047418342,-0.043309008,-0.084663037,0.019645935
-0.402084890,-0.026928786,-0.000006038,0.047930944,-0.043776746,-0.085577845,0.019861923
-0.406360291,-0.027216416,-0.000006102,0.048442515,-0.044243530,-0.086490800,0.020077566
-0.410626674,-0.027503470,-0.000006167,0.048953053,-0.044709362,-0.087401902,0.020292863
-0.414884047,-0.027789950,-0.000006231,0.049462560,-0.045174241,-0.088311154,0.020507814
-0.419132413,-0.028075856,-0.000006295,0.049971036,-0.045638170,-0.089218557,0.020722420
-0.423371781,-0.028361189,-0.000006359,0.050478482,-0.046101148,-0.090124111,0.020936681
-0.427602156,-0.028645948,-0.000006422,0.050984899,-0.046563175,-0.091027818,0.021150597
-0.431823544,-0.028930133,-0.000006486,0.051490288,-0.047024254,-0.091929679,0.021364169
-0.436035950,-0.029213747,-0.000006550,0.051994649,-0.047484383,-0.092829696,0.021577396
-0.440239382,-0.029496787,-0.000006613,0.052497982,-0.047943565,-0.093727869,0.021790278
-0.444433846,-0.029779257,-0.000006676,0.053000289,-0.048401799,-0.094624200,0.022002817
-0.448619346,-0.030061154,-0.000006739,0.053501571,-0.048859086,-0.095518691,0.022215012
-0.452795890,-0.030342480,-0.000006802,0.054001827,-0.049315427,-0.096411341,0.022426863
-0.456963484,-0.030623236,-0.000006865,0.054501059,-0.049770822,-0.097302153,0.022638371
-0.461122133,-0.030903422,-0.000006928,0.054999267,-0.050225273,-0.098191128,0.022849536
-0.465271843,-0.031183037,-0.000006990,0.055496451,-0.050678779,-0.099078267,0.023060358
-0.469412621,-0.031462083,-0.000007053,0.055992614,-0.051131341,-0.099963571,0.023270837
-0.473544473,-0.031740559,-0.000007115,0.056487755,-0.051582961,-0.100847042,0.023480973
-0.477667405,-0.032018467,-0.000007177,0.056981875,-0.052033638,-0.101728680,0.023690767
-0.481781423,-0.032295806,-0.000007239,0.057474975,-0.052483373,-0.102608488,0.023900219
-0.485886533,-0.032572578,-0.000007301,0.057967055,-0.052932167,-0.103486465,0.024109329
-0.489982741,-0.032848781,-0.000007363,0.058458116,-0.053380021,-0.104362614,0.024318098
-0.494070053,-0.033124418,-0.000007425,0.058948158,-0.053826935,-0.105236936,0.024526525
-0.498148475,-0.033399487,-0.000007486,0.059437184,-0.054272909,-0.106109432,0.024734610
-0.502218013,-0.033673990,-0.000007548,0.059925192,-0.054717945,-0.106980102,0.024942355
-0.506278674,-0.033947926,-0.000007609,0.060412184,-0.055162044,-0.107848949,0.025149759
-0.510330463,-0.034221297,-0.000007670,0.060898161,-0.055605204,-0.108715974,0.025356822
-0.514373387,-0.034494103,-0.000007731,0.061383123,-0.056047428,-0.109581177,0.025563545
-0.518407451,-0.034766343,-0.000007792,0.061867071,-0.056488716,-0.110444561,0.025769927
-0.522432662,-0.035038019,-0.000007853,0.062350005,-0.056929069,-0.111306126,0.025975970
-0.526449026,-0.035309131,-0.000007914,0.062831926,-0.057368487,-0.112165873,0.026181672
-0.530456548,-0.035579678,-0.000007974,0.063312836,-0.057806971,-0.113023804,0.026387036
-0.534455235,-0.035849663,-0.000008034,0.063792734,-0.058244521,-0.113879921,0.026592059
-0.538445094,-0.036119084,-0.000008095,0.064271621,-0.058681138,-0.114734223,0.026796744
-0.542426129,-0.036387942,-0.000008155,0.064749499,-0.059116823,-0.115586713,0.027001090
-0.546398347,-0.036656238,-0.000008215,0.065226367,-0.059551577,-0.116437391,0.027205097
-0.550361755,-0.036923972,-0.000008275,0.065702226,-0.059985399,-0.117286260,0.027408765
-0.554316357,-0.037191145,-0.000008334,0.066177078,-0.060418292,-0.118133319,0.027612095
-0.558262161,-0.037457756,-0.000008394,0.066650922,-0.060850254,-0.118978571,0.027815087
-0.562199173,-0.037723807,-0.000008454,0.067123759,-0.061281288,-0.119822017,0.028017742
-0.566127398,-0.037989297,-0.000008513,0.067595591,-0.061711393,-0.120663658,0.028220058
-0.570046842,-0.038254227,-0.000008572,0.068066418,-0.062140570,-0.121503494,0.028422037
-0.573957512,-0.038518597,-0.000008631,0.068536240,-0.062568820,-0.122341528,0.028623679
-0.577859414,-0.038782408,-0.000008690,0.069005058,-0.062996144,-0.123177761,0.028824984
-0.581752554,-0.039045660,-0.000008749,0.069472873,-0.063422542,-0.124012193,0.029025952
-0.585636937,-0.039308354,-0.000008808,0.069939685,-0.063848014,-0.124844827,0.029226583
-0.589512570,-0.039570489,-0.000008866,0.070405496,-0.064272562,-0.125675662,0.029426878
-0.593379459,-0.039832067,-0.000008925,0.070870306,-0.064696186,-0.126504701,0.029626837
-0.597237611,-0.040093087,-0.000008983,0.071334115,-0.065118887,-0.127331945,0.029826460
-0.601087030,-0.040353551,-0.000009042,0.071796925,-0.065540665,-0.128157395,0.030025747
-0.604927724,-0.040613457,-0.000009100,0.072258735,-0.065961521,-0.128981052,0.030224699
-0.608759698,-0.040872808,-0.000009158,0.072719547,-0.066381456,-0.129802918,0.030423315
-0.612582958,-0.041131602,-0.000009215,0.073179362,-0.066800469,-0.130622993,0.030621596
-0.616397510,-0.041389841,-0.000009273,0.073638179,-0.067218563,-0.131441279,0.030819543
-0.620203362,-0.041647525,-0.000009331,0.074096000,-0.067635737,-0.132257777,0.031017154
-0.624000517,-0.041904654,-0.000009388,0.074552826,-0.068051992,-0.133072489,0.031214431
-0.627788984,-0.042161229,-0.000009446,0.075008657,-0.068467329,-0.133885415,0.031411374
-0.631568767,-0.042417250,-0.000009503,0.075463493,-0.068881748,-0.134696557,0.031607983
-0.635339873,-0.042672718,-0.000009560,0.075917336,-0.069295251,-0.135505916,0.031804258
-0.639102307,-0.042927632,-0.000009617,0.076370186,-0.069707837,-0.136313493,0.032000199
-0.642856077,-0.043181993,-0.000009674,0.076822044,-0.070119507,-0.137119290,0.032195807
-0.646601188,-0.043435802,-0.000009730,0.077272911,-0.070530262,-0.137923308,0.032391082
-0.650337645,-0.043689059,-0.000009787,0.077722786,-0.070940103,-0.138725548,0.032586023
-0.654065456,-0.043941764,-0.000009843,0.078171672,-0.071349030,-0.139526011,0.032780632
-0.657784627,-0.044193918,-0.000009900,0.078619568,-0.071757044,-0.140324698,0.032974909
-0.661495162,-0.044445521,-0.000009956,0.079066475,-0.072164145,-0.141121611,0.033168853
-0.665197069,-0.044696574,-0.000010012,0.079512394,-0.072570335,-0.141916751,0.033362464
-0.668890353,-0.044947076,-0.000010068,0.079957326,-0.072975613,-0.142710120,0.033555744
-0.672575021,-0.045197029,-0.000010124,0.080401272,-0.073379980,-0.143501717,0.033748693
-0.676251079,-0.045446432,-0.000010179,0.080844231,-0.073783438,-0.144291546,0.033941309
-0.679918532,-0.045695286,-0.000010235,0.081286205,-0.074185986,-0.145079606,0.034133595
-0.683577387,-0.045943592,-0.000010291,0.081727194,-0.074587626,-0.145865899,0.034325549
-0.687227649,-0.046191349,-0.000010346,0.082167200,-0.074988357,-0.146650427,0.034517172
-0.690869326,-0.046438559,-0.000010401,0.082606222,-0.075388181,-0.147433190,0.034708465
-0.694502423,-0.046685221,-0.000010456,0.083044261,-0.075787098,-0.148214190,0.034899428
-0.698126945,-0.046931336,-0.000010511,0.083481319,-0.076185109,-0.148993428,0.035090060
-0.701742900,-0.047176904,-0.000010566,0.083917395,-0.076582215,-0.149770905,0.035280362
-0.705350293,-0.047421926,-0.000010621,0.084352491,-0.076978415,-0.150546623,0.035470334
-0.708949130,-0.047666402,-0.000010675,0.084786608,-0.077373712,-0.151320583,0.035659977
-0.712539418,-0.047910332,-0.000010730,0.085219745,-0.077768104,-0.152092785,0.035849290
-0.716121162,-0.048153717,-0.000010784,0.085651903,-0.078161594,-0.152863232,0.036038274
-0.719694368,-0.048396558,-0.000010838,0.086083084,-0.078554182,-0.153631924,0.036226929
-0.723259043,-0.048638854,-0.000010892,0.086513288,-0.078945867,-0.154398863,0.036415256
-0.726815193,-0.048880605,-0.000010946,0.086942515,-0.079336652,-0.155164050,0.036603254
-0.730362823,-0.049121814,-0.000011000,0.087370767,-0.079726536,-0.155927486,0.036790923
-0.733901941,-0.049362479,-0.000011054,0.087798044,-0.080115520,-0.156689173,0.036978265
-0.737432551,-0.049602601,-0.000011107,0.088224346,-0.080503605,-0.157449110,0.037165278
-0.740954660,-0.049842180,-0.000011161,0.088649675,-0.080890792,-0.158207301,0.037351964
-0.744468274,-0.050081218,-0.000011214,0.089074031,-0.081277081,-0.158963746,0.037538323
-0.747973399,-0.050319713,-0.000011267,0.089497414,-0.081662472,-0.159718446,0.037724354
-0.751470041,-0.050557668,-0.000011321,0.089919826,-0.082046967,-0.160471403,0.037910058
-0.754958206,-0.050795081,-0.000011374,0.090341267,-0.082430566,-0.161222618,0.038095435
-0.758437901,-0.051031954,-0.000011426,0.090761738,-0.082813269,-0.161972091,0.038280486
-0.761909131,-0.051268286,-0.000011479,0.091181239,-0.083195078,-0.162719825,0.038465210
-0.765371903,-0.051504079,-0.000011532,0.091599771,-0.083575992,-0.163465820,0.038649608
-0.768826222,-0.051739332,-0.000011584,0.092017336,-0.083956013,-0.164210078,0.038833680
-0.772272095,-0.051974046,-0.000011637,0.092433932,-0.084335142,-0.164952600,0.039017426
-0.775709527,-0.052208221,-0.000011689,0.092849562,-0.084713378,-0.165693387,0.039200847
-0.779138525,-0.052441858,-0.000011741,0.093264226,-0.085090722,-0.166432441,0.039383942
-0.782559095,-0.052674957,-0.000011793,0.093677925,-0.085467176,-0.167169762,0.039566712
-0.785971243,-0.052907519,-0.000011845,0.094090659,-0.085842740,-0.167905352,0.039749158
-0.789374975,-0.053139543,-0.000011897,0.094502428,-0.086217413,-0.168639212,0.039931278
-0.792770297,-0.053371031,-0.000011948,0.094913235,-0.086591198,-0.169371344,0.040113074
-0.796157215,-0.053601982,-0.000012000,0.095323079,-0.086964094,-0.170101748,0.040294546
-0.799535735,-0.053832397,-0.000012051,0.095731960,-0.087336103,-0.170830426,0.040475694
-0.802905864,-0.054062276,-0.000012102,0.096139881,-0.087707225,-0.171557379,0.040656518
-0.806267607,-0.054291620,-0.000012153,0.096546841,-0.088077460,-0.172282608,0.040837018
-0.809620970,-0.054520430,-0.000012204,0.096952841,-0.088446809,-0.173006115,0.041017195
-0.812965960,-0.054748704,-0.000012255,0.097357881,-0.088815273,-0.173727900,0.041197048
-0.816302582,-0.054976445,-0.000012306,0.097761964,-0.089182852,-0.174447966,0.041376579
-0.819630843,-0.055203652,-0.000012357,0.098165088,-0.089549548,-0.175166312,0.041555786
-0.822950749,-0.055430325,-0.000012407,0.098567255,-0.089915360,-0.175882941,0.041734671
-0.826262305,-0.055656466,-0.000012458,0.098968466,-0.090280290,-0.176597854,0.041913234
-0.829565518,-0.055882074,-0.000012508,0.099368721,-0.090644337,-0.177311052,0.042091475
-0.832860394,-0.056107149,-0.000012558,0.099768020,-0.091007504,-0.178022536,0.042269393
-0.836146940,-0.056331693,-0.000012608,0.100166366,-0.091369789,-0.178732307,0.042446990
-0.839425160,-0.056555706,-0.000012658,0.100563757,-0.091731194,-0.179440367,0.042624265
-0.842695061,-0.056779187,-0.000012708,0.100960196,-0.092091720,-0.180146717,0.042801219
-0.845956650,-0.057002138,-0.000012758,0.101355682,-0.092451367,-0.180851358,0.042977852
-0.849209932,-0.057224558,-0.000012807,0.101750216,-0.092810136,-0.181554291,0.043154164
-0.852454913,-0.057446448,-0.000012857,0.102143800,-0.093168028,-0.182255518,0.043330156
-0.855691600,-0.057667809,-0.000012906,0.102536433,-0.093525042,-0.182955039,0.043505826
-0.858919999,-0.057888641,-0.000012955,0.102928117,-0.093881180,-0.183652857,0.043681177
-0.862140115,-0.058108943,-0.000013004,0.103318851,-0.094236442,-0.184348972,0.043856208
-0.865351954,-0.058328718,-0.000013053,0.103708638,-0.094590830,-0.185043385,0.044030918
-0.868555524,-0.058547964,-0.000013102,0.104097476,-0.094944343,-0.185736098,0.044205309
-0.871750829,-0.058766683,-0.000013151,0.104485368,-0.095296982,-0.186427112,0.044379381
-0.874937876,-0.058984874,-0.000013199,0.104872314,-0.095648748,-0.187116428,0.044553134
-0.878116671,-0.059202539,-0.000013248,0.105258314,-0.095999642,-0.187804048,0.044726567
-0.881287220,-0.059419677,-0.000013296,0.105643370,-0.096349664,-0.188489972,0.044899682
-0.884449529,-0.059636289,-0.000013344,0.106027481,-0.096698814,-0.189174202,0.045072478
-0.887603604,-0.059852375,-0.000013393,0.106410649,-0.097047094,-0.189856739,0.045244956
-0.890749452,-0.060067936,-0.000013441,0.106792874,-0.097394504,-0.190537585,0.045417116
-0.893887078,-0.060282972,-0.000013488,0.107174157,-0.097741045,-0.191216740,0.045588957
-0.897016488,-0.060497483,-0.000013536,0.107554498,-0.098086717,-0.191894206,0.045760481
-0.900137689,-0.060711470,-0.000013584,0.107933899,-0.098431521,-0.192569984,0.045931688
-0.903250687,-0.060924933,-0.000013631,0.108312360,-0.098775458,-0.193244076,0.046102577
-0.906355487,-0.061137873,-0.000013679,0.108689882,-0.099118528,-0.193916482,0.046273150
-0.909452096,-0.061350290,-0.000013726,0.109066465,-0.099460732,-0.194587203,0.046443405
-0.912540519,-0.061562184,-0.000013773,0.109442109,-0.099802070,-0.195256242,0.046613344
-0.915620764,-0.061773555,-0.000013820,0.109816817,-0.100142543,-0.195923599,0.046782966
-0.918692835,-0.061984405,-0.000013867,0.110190588,-0.100482152,-0.196589275,0.046952272
-0.921756739,-0.062194733,-0.000013914,0.110563423,-0.100820898,-0.197253272,0.047121262
-0.924812483,-0.062404540,-0.000013961,0.110935323,-0.101158781,-0.197915591,0.047289936
-0.927860071,-0.062613826,-0.000014007,0.111306289,-0.101495801,-0.198576233,0.047458295
-0.930899511,-0.062822592,-0.000014054,0.111676320,-0.101831960,-0.199235200,0.047626338
-0.933930808,-0.063030838,-0.000014100,0.112045419,-0.102167257,-0.199892492,0.047794066
-0.936953968,-0.063238564,-0.000014146,0.112413585,-0.102501695,-0.200548111,0.047961479
-0.939968998,-0.063445771,-0.000014192,0.112780819,-0.102835272,-0.201202058,0.048128578
-0.942975904,-0.063652459,-0.000014238,0.113147122,-0.103167991,-0.201854335,0.048295362
-0.945974691,-0.063858629,-0.000014284,0.113512495,-0.103499850,-0.202504942,0.048461831
-0.948965366,-0.064064280,-0.000014330,0.113876938,-0.103830852,-0.203153880,0.048627987
-0.951947934,-0.064269414,-0.000014376,0.114240452,-0.104160997,-0.203801152,0.048793828
-0.954922402,-0.064474030,-0.000014421,0.114603037,-0.104490285,-0.204446758,0.048959356
-0.957888776,-0.064678129,-0.000014467,0.114964695,-0.104818717,-0.205090700,0.049124571
-0.960847062,-0.064881712,-0.000014512,0.115325426,-0.105146294,-0.205732978,0.049289472
-0.963797267,-0.065084779,-0.000014557,0.115685231,-0.105473017,-0.206373594,0.049454060
-0.966739395,-0.065287329,-0.000014602,0.116044110,-0.105798885,-0.207012550,0.049618335
-0.969673453,-0.065489365,-0.000014647,0.116402064,-0.106123899,-0.207649846,0.049782298
-0.972599448,-0.065690885,-0.000014692,0.116759094,-0.106448061,-0.208285483,0.049945948
-0.975517385,-0.065891890,-0.000014737,0.117115200,-0.106771371,-0.208919464,0.050109287
-0.978427270,-0.066092382,-0.000014781,0.117470384,-0.107093830,-0.209551788,0.050272313
-0.981329110,-0.066292359,-0.000014826,0.117824645,-0.107415437,-0.210182458,0.050435027
-0.984222911,-0.066491823,-0.000014870,0.118177985,-0.107736194,-0.210811475,0.050597430
-0.987108678,-0.066690773,-0.000014914,0.118530404,-0.108056102,-0.211438839,0.050759521
-0.989986418,-0.066889211,-0.000014958,0.118881903,-0.108375160,-0.212064553,0.050921302
-0.992856136,-0.067087136,-0.000015002,0.119232482,-0.108693371,-0.212688616,0.051082771
-0.995717840,-0.067284550,-0.000015046,0.119582143,-0.109010733,-0.213311032,0.051243930
-0.998571534,-0.067481451,-0.000015090,0.119930885,-0.109327249,-0.213931800,0.051404778
-1.001417225,-0.067677842,-0.000015133,0.120278711,-0.109642918,-0.214550922,0.051565316
-1.004254920,-0.067873722,-0.000015177,0.120625619,-0.109957741,-0.215168399,0.051725544
-1.007084623,-0.068069091,-0.000015220,0.120971612,-0.110271719,-0.215784233,0.051885462
-1.009906342,-0.068263950,-0.000015264,0.121316689,-0.110584853,-0.216398424,0.052045070
-1.012720082,-0.068458299,-0.000015307,0.121660852,-0.110897143,-0.217010974,0.052204369
-1.015525850,-0.068652139,-0.000015350,0.122004101,-0.111208590,-0.217621885,0.052363359
-1.018323651,-0.068845470,-0.000015393,0.122346436,-0.111519193,-0.218231157,0.052522040
-1.021113491,-0.069038292,-0.000015436,0.122687859,-0.111828955,-0.218838792,0.052680412
-1.023895377,-0.069230606,-0.000015478,0.123028370,-0.112137876,-0.219444790,0.052838475
-1.026669315,-0.069422413,-0.000015521,0.123367970,-0.112445956,-0.220049154,0.052996230
-1.029435310,-0.069613712,-0.000015564,0.123706659,-0.112753196,-0.220651883,0.053153677
-1.032193369,-0.069804504,-0.000015606,0.124044439,-0.113059596,-0.221252981,0.053310816
-1.034943498,-0.069994789,-0.000015648,0.124381309,-0.113365158,-0.221852447,0.053467647
-1.037685703,-0.070184568,-0.000015690,0.124717271,-0.113669881,-0.222450283,0.053624170
-1.040419990,-0.070373841,-0.000015732,0.125052325,-0.113973767,-0.223046491,0.053780387
-1.043146366,-0.070562608,-0.000015774,0.125386472,-0.114276816,-0.223641071,0.053936296
-1.045864835,-0.070750870,-0.000015816,0.125719713,-0.114579029,-0.224234025,0.054091898
-1.048575405,-0.070938628,-0.000015858,0.126052048,-0.114880406,-0.224825354,0.054247194
-1.051278081,-0.071125881,-0.000015899,0.126383478,-0.115180949,-0.225415059,0.054402183
-1.053972869,-0.071312630,-0.000015941,0.126714003,-0.115480656,-0.226003141,0.054556866
-1.056659776,-0.071498875,-0.000015982,0.127043625,-0.115779531,-0.226589602,0.054711243
-1.059338807,-0.071684618,-0.000016023,0.127372344,-0.116077572,-0.227174443,0.054865314
-1.062009969,-0.071869857,-0.000016064,0.127700161,-0.116374780,-0.227757665,0.055019080
-1.064673268,-0.072054594,-0.000016105,0.128027076,-0.116671157,-0.228339270,0.055172540
-1.067328709,-0.072238828,-0.000016146,0.128353091,-0.116966703,-0.228919258,0.055325694
-1.069976300,-0.072422561,-0.000016187,0.128678205,-0.117261418,-0.229497631,0.055478544
-1.072616045,-0.072605793,-0.000016228,0.129002419,-0.117555303,-0.230074390,0.055631090
-1.075247951,-0.072788524,-0.000016268,0.129325735,-0.117848359,-0.230649536,0.055783330
-1.077872025,-0.072970754,-0.000016309,0.129648152,-0.118140586,-0.231223071,0.055935266
-1.080488271,-0.073152484,-0.000016349,0.129969672,-0.118431986,-0.231794995,0.056086899
-1.083096697,-0.073333714,-0.000016389,0.130290296,-0.118722558,-0.232365311,0.056238227
-1.085697308,-0.073514445,-0.000016429,0.130610023,-0.119012303,-0.232934019,0.056389251
-1.088290110,-0.073694676,-0.000016469,0.130928854,-0.119301222,-0.233501120,0.056539972
-1.090875110,-0.073874409,-0.000016509,0.131246791,-0.119589316,-0.234066616,0.056690390
-1.093452313,-0.074053644,-0.000016549,0.131563834,-0.119876585,-0.234630508,0.056840505
-1.096021726,-0.074232381,-0.000016588,0.131879984,-0.120163030,-0.235192798,0.056990317
-1.098583355,-0.074410620,-0.000016628,0.132195241,-0.120448651,-0.235753485,0.057139826
-1.101137205,-0.074588362,-0.000016667,0.132509606,-0.120733449,-0.236312572,0.057289033
-1.103683283,-0.074765608,-0.000016707,0.132823080,-0.121017425,-0.236870061,0.057437937
-1.106221595,-0.074942356,-0.000016746,0.133135663,-0.121300580,-0.237425951,0.057586540
-1.108752147,-0.075118609,-0.000016785,0.133447356,-0.121582913,-0.237980244,0.057734840
-1.111274945,-0.075294367,-0.000016824,0.133758160,-0.121864426,-0.238532942,0.057882840
-1.113789995,-0.075469629,-0.000016863,0.134068075,-0.122145120,-0.239084046,0.058030537
-1.116297303,-0.075644396,-0.000016901,0.134377103,-0.122424994,-0.239633557,0.058177934
-1.118796876,-0.075818669,-0.000016940,0.134685243,-0.122704050,-0.240181477,0.058325030
-1.121288718,-0.075992447,-0.000016978,0.134992497,-0.122982288,-0.240727805,0.058471825
-1.123772838,-0.076165732,-0.000017017,0.135298865,-0.123259708,-0.241272545,0.058618319
-1.126249239,-0.076338524,-0.000017055,0.135604348,-0.123536313,-0.241815696,0.058764513
-1.128717929,-0.076510822,-0.000017093,0.135908946,-0.123812101,-0.242357261,0.058910408
-1.131178914,-0.076682628,-0.000017131,0.136212661,-0.124087074,-0.242897240,0.059056002
-1.133632200,-0.076853942,-0.000017169,0.136515493,-0.124361232,-0.243435635,0.059201296
-1.136077792,-0.077024764,-0.000017207,0.136817442,-0.124634577,-0.243972447,0.059346291
-1.138515697,-0.077195095,-0.000017245,0.137118510,-0.124907108,-0.244507677,0.059490987
-1.140945921,-0.077364935,-0.000017282,0.137418696,-0.125178826,-0.245041326,0.059635384
-1.143368470,-0.077534283,-0.000017320,0.137718003,-0.125449732,-0.245573396,0.059779482
-1.145783351,-0.077703142,-0.000017357,0.138016429,-0.125719827,-0.246103888,0.059923281
-1.148190568,-0.077871511,-0.000017394,0.138313977,-0.125989111,-0.246632802,0.060066782
-1.150590128,-0.078039390,-0.000017432,0.138610647,-0.126257584,-0.247160142,0.060209985
-1.152982038,-0.078206780,-0.000017469,0.138906439,-0.126525248,-0.247685906,0.060352890
-1.155366303,-0.078373681,-0.000017506,0.139201354,-0.126792104,-0.248210098,0.060495497
-1.157742930,-0.078540094,-0.000017542,0.139495393,-0.127058151,-0.248732717,0.060637806
-1.160111924,-0.078706019,-0.000017579,0.139788556,-0.127323390,-0.249253766,0.060779819
-1.162473291,-0.078871456,-0.000017616,0.140080844,-0.127587822,-0.249773245,0.060921534
-1.164827039,-0.079036407,-0.000017652,0.140372259,-0.127851448,-0.250291156,0.061062952
-1.167173172,-0.079200870,-0.000017689,0.140662800,-0.128114268,-0.250807500,0.061204073
-1.169511697,-0.079364846,-0.000017725,0.140952468,-0.128376283,-0.251322278,0.061344898
-1.171842619,-0.079528337,-0.000017761,0.141241264,-0.128637494,-0.251835491,0.061485427
-1.174165946,-0.079691342,-0.000017797,0.141529189,-0.128897900,-0.252347141,0.061625660
-1.176481683,-0.079853862,-0.000017833,0.141816242,-0.129157504,-0.252857229,0.061765596
-1.178789836,-0.080015896,-0.000017869,0.142102426,-0.129416305,-0.253365757,0.061905238
-1.181090411,-0.080177446,-0.000017905,0.142387741,-0.129674304,-0.253872724,0.062044583
-1.183383414,-0.080338512,-0.000017940,0.142672187,-0.129931501,-0.254378133,0.062183634
-1.185668851,-0.080499094,-0.000017976,0.142955765,-0.130187898,-0.254881985,0.062322389
-1.187946729,-0.080659193,-0.000018011,0.143238476,-0.130443495,-0.255384281,0.062460850
-1.190217054,-0.080818809,-0.000018046,0.143520320,-0.130698293,-0.255885022,0.062599016
-1.192479831,-0.080977942,-0.000018081,0.143801298,-0.130952292,-0.256384210,0.062736888
-1.194735066,-0.081136592,-0.000018117,0.144081411,-0.131205493,-0.256881845,0.062874466
-1.196982766,-0.081294761,-0.000018151,0.144360660,-0.131457896,-0.257377930,0.063011749
-1.199222937,-0.081452449,-0.000018186,0.144639044,-0.131709502,-0.257872464,0.063148739
-1.201455585,-0.081609655,-0.000018221,0.144916566,-0.131960313,-0.258365450,0.063285436
-1.203680716,-0.081766380,-0.000018256,0.145193225,-0.132210327,-0.258856889,0.063421839
-1.205898336,-0.081922625,-0.000018290,0.145469022,-0.132459547,-0.259346782,0.063557949
-1.208108451,-0.082078390,-0.000018325,0.145743958,-0.132707972,-0.259835130,0.063693766
-1.210311067,-0.082233676,-0.000018359,0.146018034,-0.132955604,-0.260321934,0.063829291
-1.212506190,-0.082388482,-0.000018393,0.146291250,-0.133202443,-0.260807196,0.063964523
-1.214693826,-0.082542809,-0.000018427,0.146563607,-0.133448489,-0.261290917,0.064099463
-1.216873982,-0.082696658,-0.000018461,0.146835105,-0.133693744,-0.261773098,0.064234111
-1.219046663,-0.082850029,-0.000018495,0.147105746,-0.133938207,-0.262253740,0.064368467
-1.221211876,-0.083002922,-0.000018529,0.147375530,-0.134181880,-0.262732844,0.064502531
-1.223369626,-0.083155338,-0.000018562,0.147644458,-0.134424763,-0.263210413,0.064636304
-1.225519920,-0.083307276,-0.000018596,0.147912530,-0.134666857,-0.263686446,0.064769786
-1.227662764,-0.083458739,-0.000018629,0.148179747,-0.134908162,-0.264160946,0.064902977
-1.229798164,-0.083609725,-0.000018663,0.148446110,-0.135148680,-0.264633913,0.065035877
-1.231926125,-0.083760235,-0.000018696,0.148711619,-0.135388410,-0.265105349,0.065168487
-1.234046654,-0.083910270,-0.000018729,0.148976276,-0.135627353,-0.265575255,0.065300806
-1.236159758,-0.084059830,-0.000018762,0.149240080,-0.135865510,-0.266043633,0.065432835
-1.238265441,-0.084208915,-0.000018795,0.149503033,-0.136102882,-0.266510482,0.065564574
-1.240363711,-0.084357526,-0.000018828,0.149765135,-0.136339469,-0.266975805,0.065696024
-1.242454573,-0.084505663,-0.000018860,0.150026387,-0.136575272,-0.267439603,0.065827184
-1.244538033,-0.084653327,-0.000018893,0.150286789,-0.136810292,-0.267901878,0.065958055
-1.246614097,-0.084800517,-0.000018925,0.150546343,-0.137044528,-0.268362629,0.066088636
-1.248682772,-0.084947235,-0.000018958,0.150805048,-0.137277983,-0.268821859,0.066218929
-1.250744064,-0.085093480,-0.000018990,0.151062906,-0.137510656,-0.269279569,0.066348934
-1.252797978,-0.085239253,-0.000019022,0.151319918,-0.137742548,-0.269735760,0.066478649
-1.254844521,-0.085384555,-0.000019054,0.151576084,-0.137973659,-0.270190434,0.066608077
-1.256883699,-0.085529385,-0.000019086,0.151831404,-0.138203991,-0.270643591,0.066737217
-1.258915517,-0.085673745,-0.000019118,0.152085879,-0.138433544,-0.271095232,0.066866069
-1.260939982,-0.085817634,-0.000019149,0.152339511,-0.138662318,-0.271545360,0.066994633
-1.262957101,-0.085961053,-0.000019181,0.152592299,-0.138890315,-0.271993975,0.067122910
-1.264966878,-0.086104003,-0.000019212,0.152844245,-0.139117534,-0.272441078,0.067250900
-1.266969321,-0.086246483,-0.000019244,0.153095349,-0.139343977,-0.272886671,0.067378602
-1.268964435,-0.086388494,-0.000019275,0.153345612,-0.139569644,-0.273330755,0.067506019
-1.270952226,-0.086530036,-0.000019306,0.153595034,-0.139794536,-0.273773331,0.067633148
-1.272932700,-0.086671111,-0.000019337,0.153843617,-0.140018653,-0.274214401,0.067759992
-1.274905864,-0.086811717,-0.000019368,0.154091360,-0.140241997,-0.274653965,0.067886549
-1.276871723,-0.086951857,-0.000019399,0.154338265,-0.140464566,-0.275092025,0.068012820
-1.278830284,-0.087091529,-0.000019430,0.154584332,-0.140686364,-0.275528582,0.068138806
-1.280781553,-0.087230734,-0.000019461,0.154829562,-0.140907389,-0.275963637,0.068264506
-1.282725535,-0.087369474,-0.000019491,0.155073955,-0.141127643,-0.276397192,0.068389921
-1.284662237,-0.087507747,-0.000019521,0.155317513,-0.141347126,-0.276829248,0.068515051
-1.286591665,-0.087645555,-0.000019552,0.155560236,-0.141565839,-0.277259806,0.068639896
-1.288513825,-0.087782898,-0.000019582,0.155802125,-0.141783782,-0.277688867,0.068764457
-1.290428723,-0.087919776,-0.000019612,0.156043179,-0.142000956,-0.278116432,0.068888733
-1.292336365,-0.088056189,-0.000019642,0.156283401,-0.142217363,-0.278542504,0.069012725
-1.294236757,-0.088192139,-0.000019672,0.156522791,-0.142433001,-0.278967082,0.069136433
-1.296129905,-0.088327625,-0.000019702,0.156761349,-0.142647873,-0.279390168,0.069259858
-1.298015816,-0.088462648,-0.000019732,0.156999076,-0.142861978,-0.279811764,0.069382998
-1.299894495,-0.088597208,-0.000019761,0.157235973,-0.143075318,-0.280231871,0.069505856
-1.301765948,-0.088731306,-0.000019791,0.157472040,-0.143287892,-0.280650489,0.069628430
-1.303630183,-0.088864941,-0.000019820,0.157707279,-0.143499702,-0.281067621,0.069750722
-1.305487203,-0.088998115,-0.000019849,0.157941689,-0.143710748,-0.281483267,0.069872731
-1.307337017,-0.089130828,-0.000019878,0.158175272,-0.143921032,-0.281897428,0.069994457
-1.309179629,-0.089263079,-0.000019907,0.158408028,-0.144130552,-0.282310107,0.070115901
-1.311015046,-0.089394870,-0.000019936,0.158639958,-0.144339311,-0.282721303,0.070237063
-1.312843274,-0.089526201,-0.000019965,0.158871063,-0.144547308,-0.283131019,0.070357943
-1.314664318,-0.089657072,-0.000019994,0.159101342,-0.144754545,-0.283539255,0.070478541
-1.316478186,-0.089787484,-0.000020023,0.159330798,-0.144961022,-0.283946013,0.070598859
-1.318284883,-0.089917436,-0.000020051,0.159559431,-0.145166740,-0.284351294,0.070718894
-1.320084416,-0.090046930,-0.000020080,0.159787241,-0.145371698,-0.284755099,0.070838649
-1.321876789,-0.090175966,-0.000020108,0.160014228,-0.145575899,-0.285157430,0.070958123
-1.323662010,-0.090304544,-0.000020136,0.160240395,-0.145779342,-0.285558287,0.071077317
-1.325440084,-0.090432665,-0.000020164,0.160465741,-0.145982029,-0.285957673,0.071196230
-1.327211018,-0.090560328,-0.000020192,0.160690267,-0.146183959,-0.286355587,0.071314863
-1.328974817,-0.090687534,-0.000020220,0.160913973,-0.146385134,-0.286752032,0.071433216
-1.330731488,-0.090814285,-0.000020248,0.161136862,-0.146585554,-0.287147009,0.071551290
-1.332481037,-0.090940579,-0.000020276,0.161358932,-0.146785220,-0.287540518,0.071669084
-1.334223470,-0.091066417,-0.000020303,0.161580185,-0.146984132,-0.287932562,0.071786598
-1.335958792,-0.091191801,-0.000020331,0.161800622,-0.147182291,-0.288323141,0.071903834
-1.337687010,-0.091316729,-0.000020358,0.162020242,-0.147379697,-0.288712256,0.072020791
-1.339408131,-0.091441204,-0.000020385,0.162239048,-0.147576352,-0.289099909,0.072137469
-1.341122159,-0.091565224,-0.000020413,0.162457039,-0.147772256,-0.289486102,0.072253868
-1.342829102,-0.091688790,-0.000020440,0.162674217,-0.147967409,-0.289870834,0.072369990
-1.344528965,-0.091811903,-0.000020467,0.162890581,-0.148161813,-0.290254108,0.072485833
-1.346221754,-0.091934563,-0.000020493,0.163106133,-0.148355467,-0.290635925,0.072601398
-1.347907475,-0.092056771,-0.000020520,0.163320874,-0.148548373,-0.291016286,0.072716686
-1.349586135,-0.092178526,-0.000020547,0.163534803,-0.148740531,-0.291395192,0.072831697
-1.351257740,-0.092299830,-0.000020573,0.163747922,-0.148931942,-0.291772644,0.072946430
-1.352922295,-0.092420682,-0.000020600,0.163960232,-0.149122606,-0.292148644,0.073060887
-1.354579807,-0.092541084,-0.000020626,0.164171732,-0.149312524,-0.292523193,0.073175066
-1.356230281,-0.092661034,-0.000020653,0.164382424,-0.149501697,-0.292896293,0.073288970
-1.357873725,-0.092780535,-0.000020679,0.164592309,-0.149690125,-0.293267943,0.073402596
-1.359510143,-0.092899585,-0.000020705,0.164801387,-0.149877809,-0.293638146,0.073515947
-1.361139542,-0.093018186,-0.000020731,0.165009658,-0.150064749,-0.294006903,0.073629022
-1.362761928,-0.093136338,-0.000020757,0.165217124,-0.150250947,-0.294374215,0.073741821
-1.364377308,-0.093254041,-0.000020782,0.165423785,-0.150436402,-0.294740083,0.073854345
-1.365985686,-0.093371296,-0.000020808,0.165629642,-0.150621116,-0.295104509,0.073966593
-1.367587070,-0.093488103,-0.000020834,0.165834696,-0.150805089,-0.295467494,0.074078567
-1.369181466,-0.093604463,-0.000020859,0.166038947,-0.150988322,-0.295829039,0.074190265
-1.370768878,-0.093720375,-0.000020884,0.166242396,-0.151170815,-0.296189144,0.074301689
-1.372349314,-0.093835840,-0.000020910,0.166445043,-0.151352569,-0.296547813,0.074412838
-1.373922780,-0.093950859,-0.000020935,0.166646890,-0.151533585,-0.296905045,0.074523714
-1.375489281,-0.094065432,-0.000020960,0.166847936,-0.151713862,-0.297260842,0.074634315
-1.377048825,-0.094179559,-0.000020985,0.167048184,-0.151893403,-0.297615205,0.074744643
-1.378601415,-0.094293240,-0.000021009,0.167247632,-0.152072208,-0.297968136,0.074854697
-1.380147060,-0.094406477,-0.000021034,0.167446283,-0.152250276,-0.298319635,0.074964477
-1.381685765,-0.094519270,-0.000021059,0.167644136,-0.152427610,-0.298669704,0.075073985
-1.383217535,-0.094631618,-0.000021083,0.167841193,-0.152604208,-0.299018344,0.075183219
-1.384742378,-0.094743522,-0.000021108,0.168037454,-0.152780073,-0.299365557,0.075292181
-1.386260299,-0.094854983,-0.000021132,0.168232920,-0.152955205,-0.299711343,0.075400870
-1.387771304,-0.094966001,-0.000021156,0.168427591,-0.153129604,-0.300055704,0.075509288
-1.389275400,-0.095076577,-0.000021180,0.168621468,-0.153303271,-0.300398641,0.075617433
-1.390772592,-0.095186710,-0.000021205,0.168814552,-0.153476206,-0.300740155,0.075725306
-1.392262886,-0.095296401,-0.000021228,0.169006844,-0.153648411,-0.301080248,0.075832907
-1.393746289,-0.095405651,-0.000021252,0.169198344,-0.153819886,-0.301418921,0.075940237
-1.395222806,-0.095514460,-0.000021276,0.169389052,-0.153990631,-0.301756174,0.076047296
-1.396692444,-0.095622828,-0.000021300,0.169578971,-0.154160647,-0.302092010,0.076154084
-1.398155209,-0.095730756,-0.000021323,0.169768099,-0.154329935,-0.302426429,0.076260601
-1.399611107,-0.095838243,-0.000021347,0.169956439,-0.154498496,-0.302759433,0.076366847
-1.401060143,-0.095945291,-0.000021370,0.170143990,-0.154666330,-0.303091023,0.076472823
-1.402502325,-0.096051900,-0.000021393,0.170330754,-0.154833437,-0.303421200,0.076578529
-1.403937657,-0.096158070,-0.000021416,0.170516730,-0.154999819,-0.303749965,0.076683965
-1.405366147,-0.096263802,-0.000021439,0.170701920,-0.155165475,-0.304077320,0.076789131
-1.406787800,-0.096369096,-0.000021462,0.170886325,-0.155330408,-0.304403266,0.076894028
-1.408202622,-0.096473952,-0.000021485,0.171069945,-0.155494616,-0.304727804,0.076998655
-1.409610620,-0.096578370,-0.000021508,0.171252780,-0.155658102,-0.305050935,0.077103013
-1.411011799,-0.096682352,-0.000021530,0.171434832,-0.155820865,-0.305372660,0.077207103
-1.412406165,-0.096785897,-0.000021553,0.171616101,-0.155982906,-0.305692982,0.077310923
-1.413793725,-0.096889006,-0.000021575,0.171796588,-0.156144226,-0.306011900,0.077414476
-1.415174485,-0.096991680,-0.000021598,0.171976293,-0.156304825,-0.306329417,0.077517759
-1.416548450,-0.097093918,-0.000021620,0.172155218,-0.156464704,-0.306645533,0.077620775
-1.417915627,-0.097195721,-0.000021642,0.172333362,-0.156623864,-0.306960250,0.077723523
-1.419276022,-0.097297089,-0.000021664,0.172510727,-0.156782306,-0.307273569,0.077826004
-1.420629641,-0.097398023,-0.000021686,0.172687314,-0.156940029,-0.307585491,0.077928217
-1.421976490,-0.097498523,-0.000021708,0.172863122,-0.157097035,-0.307896018,0.078030163
-1.423316575,-0.097598590,-0.000021730,0.173038152,-0.157253324,-0.308205150,0.078131842
-1.424649902,-0.097698223,-0.000021751,0.173212407,-0.157408897,-0.308512889,0.078233254
-1.425976477,-0.097797424,-0.000021773,0.173385885,-0.157563755,-0.308819236,0.078334399
-1.427296307,-0.097896193,-0.000021794,0.173558587,-0.157717898,-0.309124193,0.078435278
-1.428609397,-0.097994530,-0.000021816,0.173730516,-0.157871326,-0.309427760,0.078535891
-1.429915754,-0.098092435,-0.000021837,0.173901670,-0.158024041,-0.309729939,0.078636239
-1.431215383,-0.098189909,-0.000021858,0.174072051,-0.158176043,-0.310030731,0.078736320
-1.432508290,-0.098286952,-0.000021879,0.174241659,-0.158327333,-0.310330137,0.078836136
-1.433794483,-0.098383564,-0.000021900,0.174410495,-0.158477911,-0.310628159,0.078935687
-1.435073966,-0.098479747,-0.000021921,0.174578561,-0.158627778,-0.310924797,0.079034972
-1.436346746,-0.098575500,-0.000021942,0.174745855,-0.158776935,-0.311220054,0.079133993
-1.437612828,-0.098670824,-0.000021962,0.174912380,-0.158925381,-0.311513929,0.079232749
-1.438872220,-0.098765718,-0.000021983,0.175078136,-0.159073119,-0.311806425,0.079331241
-1.440124927,-0.098860184,-0.000022003,0.175243123,-0.159220148,-0.312097543,0.079429468
-1.441370955,-0.098954223,-0.000022024,0.175407343,-0.159366469,-0.312387284,0.079527431
-1.442610310,-0.099047833,-0.000022044,0.175570795,-0.159512084,-0.312675649,0.079625131
-1.443842998,-0.099141016,-0.000022064,0.175733481,-0.159656991,-0.312962639,0.079722567
-1.445069026,-0.099233772,-0.000022084,0.175895402,-0.159801193,-0.313248256,0.079819740
-1.446288399,-0.099326101,-0.000022104,0.176056557,-0.159944689,-0.313532501,0.079916649
-1.447501124,-0.099418004,-0.000022124,0.176216948,-0.160087480,-0.313815375,0.080013296
-1.448707206,-0.099509482,-0.000022144,0.176376575,-0.160229568,-0.314096879,0.080109680
-1.449906651,-0.099600533,-0.000022163,0.176535440,-0.160370952,-0.314377015,0.080205801
-1.451099467,-0.099691160,-0.000022183,0.176693542,-0.160511633,-0.314655784,0.080301660
-1.452285658,-0.099781362,-0.000022203,0.176850882,-0.160651612,-0.314933186,0.080397257
-1.453465231,-0.099871140,-0.000022222,0.177007462,-0.160790890,-0.315209224,0.080492592
-1.454638192,-0.099960493,-0.000022241,0.177163281,-0.160929467,-0.315483898,0.080587665
-1.455804547,-0.100049424,-0.000022260,0.177318341,-0.161067343,-0.315757210,0.080682477
-1.456964303,-0.100137931,-0.000022280,0.177472642,-0.161204520,-0.316029161,0.080777027
-1.458117464,-0.100226015,-0.000022299,0.177626185,-0.161340998,-0.316299752,0.080871317
-1.459264037,-0.100313676,-0.000022318,0.177778970,-0.161476778,-0.316568985,0.080965346
-1.460404029,-0.100400916,-0.000022336,0.177930999,-0.161611860,-0.316836860,0.081059114
-1.461537445,-0.100487734,-0.000022355,0.178082271,-0.161746244,-0.317103380,0.081152622
-1.462664292,-0.100574131,-0.000022374,0.178232788,-0.161879933,-0.317368544,0.081245869
-1.463784575,-0.100660107,-0.000022392,0.178382550,-0.162012926,-0.317632354,0.081338857
-1.464898301,-0.100745662,-0.000022411,0.178531558,-0.162145223,-0.317894813,0.081431584
-1.466005475,-0.100830798,-0.000022429,0.178679813,-0.162276826,-0.318155920,0.081524053
-1.467106104,-0.100915513,-0.000022447,0.178827315,-0.162407735,-0.318415677,0.081616262
-1.468200194,-0.100999809,-0.000022465,0.178974066,-0.162537951,-0.318674085,0.081708211
-1.469287751,-0.101083686,-0.000022483,0.179120065,-0.162667474,-0.318931146,0.081799902
-1.470368781,-0.101167145,-0.000022501,0.179265313,-0.162796306,-0.319186861,0.081891334
-1.471443290,-0.101250185,-0.000022519,0.179409811,-0.162924446,-0.319441231,0.081982508
-1.472511284,-0.101332808,-0.000022537,0.179553560,-0.163051895,-0.319694257,0.082073423
-1.473572769,-0.101415013,-0.000022555,0.179696561,-0.163178654,-0.319945940,0.082164081
-1.474627751,-0.101496800,-0.000022572,0.179838813,-0.163304724,-0.320196282,0.082254480
-1.475676237,-0.101578172,-0.000022590,0.179980319,-0.163430105,-0.320445284,0.082344622
-1.476718232,-0.101659126,-0.000022607,0.180121078,-0.163554798,-0.320692947,0.082434506
-1.477753743,-0.101739665,-0.000022625,0.180261091,-0.163678803,-0.320939273,0.082524134
-1.478782775,-0.101819789,-0.000022642,0.180400359,-0.163802121,-0.321184262,0.082613504
-1.479805335,-0.101899497,-0.000022659,0.180538883,-0.163924753,-0.321427916,0.082702617
-1.480821428,-0.101978790,-0.000022676,0.180676663,-0.164046700,-0.321670236,0.082791474
-1.481831062,-0.102057669,-0.000022693,0.180813699,-0.164167961,-0.321911224,0.082880074
-1.482834241,-0.102136134,-0.000022710,0.180949994,-0.164288539,-0.322150880,0.082968419
-1.483830972,-0.102214186,-0.000022726,0.181085546,-0.164408432,-0.322389206,0.083056507
-1.484821261,-0.102291824,-0.000022743,0.181220358,-0.164527643,-0.322626202,0.083144339
-1.485805114,-0.102369049,-0.000022760,0.181354430,-0.164646171,-0.322861872,0.083231917
-1.486782538,-0.102445862,-0.000022776,0.181487761,-0.164764017,-0.323096214,0.083319238
-1.487753537,-0.102522262,-0.000022792,0.181620354,-0.164881182,-0.323329232,0.083406305
-1.488718119,-0.102598251,-0.000022809,0.181752209,-0.164997666,-0.323560925,0.083493117
-1.489676289,-0.102673828,-0.000022825,0.181883326,-0.165113471,-0.323791295,0.083579674
-1.490628054,-0.102748995,-0.000022841,0.182013706,-0.165228596,-0.324020344,0.083665976
-1.491573419,-0.102823751,-0.000022857,0.182143350,-0.165343043,-0.324248073,0.083752025
-1.492512391,-0.102898096,-0.000022873,0.182272258,-0.165456811,-0.324474483,0.083837819
-1.493444975,-0.102972032,-0.000022889,0.182400431,-0.165569903,-0.324699574,0.083923360
-1.494371178,-0.103045558,-0.000022904,0.182527871,-0.165682317,-0.324923349,0.084008647
-1.495291006,-0.103118675,-0.000022920,0.182654577,-0.165794056,-0.325145809,0.084093680
-1.496204465,-0.103191384,-0.000022935,0.182780550,-0.165905119,-0.325366954,0.084178461
-1.497111561,-0.103263684,-0.000022951,0.182905791,-0.166015507,-0.325586787,0.084262988
-1.498012300,-0.103335577,-0.000022966,0.183030300,-0.166125221,-0.325805308,0.084347263
-1.498906687,-0.103407061,-0.000022981,0.183154079,-0.166234262,-0.326022518,0.084431285
-1.499794731,-0.103478139,-0.000022997,0.183277128,-0.166342630,-0.326238419,0.084515055
-1.500676435,-0.103548810,-0.000023012,0.183399448,-0.166450325,-0.326453012,0.084598572
-1.501551807,-0.103619074,-0.000023027,0.183521039,-0.166557349,-0.326666299,0.084681838
-1.502420852,-0.103688932,-0.000023041,0.183641902,-0.166663702,-0.326878279,0.084764852
-1.503283576,-0.103758385,-0.000023056,0.183762037,-0.166769384,-0.327088956,0.084847614
-1.504139987,-0.103827433,-0.000023071,0.183881446,-0.166874397,-0.327298329,0.084930126
-1.504990088,-0.103896075,-0.000023086,0.184000129,-0.166978740,-0.327506401,0.085012386
-1.505833888,-0.103964313,-0.000023100,0.184118087,-0.167082415,-0.327713172,0.085094395
-1.506671391,-0.104032147,-0.000023114,0.184235321,-0.167185423,-0.327918644,0.085176154
-1.507502604,-0.104099577,-0.000023129,0.184351830,-0.167287763,-0.328122817,0.085257662
-1.508327533,-0.104166604,-0.000023143,0.184467617,-0.167389436,-0.328325694,0.085338920
-1.509146184,-0.104233228,-0.000023157,0.184582680,-0.167490444,-0.328527275,0.085419928
-1.509958563,-0.104299449,-0.000023171,0.184697023,-0.167590786,-0.328727561,0.085500687
-1.510764676,-0.104365268,-0.000023185,0.184810643,-0.167690464,-0.328926555,0.085581195
-1.511564530,-0.104430686,-0.000023199,0.184923544,-0.167789478,-0.329124256,0.085661455
-1.512358130,-0.104495701,-0.000023213,0.185035725,-0.167887828,-0.329320667,0.085741465
-1.513145482,-0.104560316,-0.000023226,0.185147187,-0.167985516,-0.329515788,0.085821226
-1.513926592,-0.104624530,-0.000023240,0.185257930,-0.168082541,-0.329709621,0.085900738
-1.514701467,-0.104688344,-0.000023254,0.185367956,-0.168178905,-0.329902167,0.085980002
-1.515470113,-0.104751758,-0.000023267,0.185477264,-0.168274609,-0.330093427,0.086059018
-1.516232535,-0.104814772,-0.000023280,0.185585857,-0.168369652,-0.330283402,0.086137786
-1.516988740,-0.104877387,-0.000023294,0.185693734,-0.168464035,-0.330472095,0.086216305
-1.517738734,-0.104939603,-0.000023307,0.185800896,-0.168557760,-0.330659505,0.086294578
-1.518482523,-0.105001421,-0.000023320,0.185907343,-0.168650826,-0.330845634,0.086372602
-1.519220112,-0.105062841,-0.000023333,0.186013077,-0.168743235,-0.331030483,0.086450379
-1.519951509,-0.105123863,-0.000023346,0.186118099,-0.168834986,-0.331214055,0.086527910
-1.520676719,-0.105184488,-0.000023358,0.186222408,-0.168926081,-0.331396349,0.086605193
-1.521395748,-0.105244716,-0.000023371,0.186326005,-0.169016521,-0.331577367,0.086682230
-1.522108602,-0.105304548,-0.000023384,0.186428892,-0.169106305,-0.331757110,0.086759021
-1.522815288,-0.105363983,-0.000023396,0.186531068,-0.169195435,-0.331935580,0.086835565
-1.523515811,-0.105423023,-0.000023409,0.186632535,-0.169283911,-0.332112778,0.086911863
-1.524210177,-0.105481668,-0.000023421,0.186733294,-0.169371734,-0.332288705,0.086987916
-1.524898393,-0.105539917,-0.000023433,0.186833344,-0.169458904,-0.332463362,0.087063723
-1.525580465,-0.105597772,-0.000023445,0.186932687,-0.169545423,-0.332636750,0.087139285
-1.526256398,-0.105655233,-0.000023457,0.187031323,-0.169631290,-0.332808872,0.087214601
-1.526926199,-0.105712299,-0.000023469,0.187129253,-0.169716506,-0.332979727,0.087289673
-1.527589874,-0.105768973,-0.000023481,0.187226478,-0.169801073,-0.333149317,0.087364500
-1.528247429,-0.105825253,-0.000023493,0.187322999,-0.169884990,-0.333317644,0.087439083
-1.528898870,-0.105881141,-0.000023505,0.187418815,-0.169968258,-0.333484708,0.087513421
-1.529544203,-0.105936636,-0.000023516,0.187513928,-0.170050878,-0.333650511,0.087587515
-1.530183434,-0.105991740,-0.000023528,0.187608338,-0.170132851,-0.333815055,0.087661366
-1.530816569,-0.106046451,-0.000023539,0.187702047,-0.170214176,-0.333978339,0.087734972
-1.531443614,-0.106100772,-0.000023551,0.187795054,-0.170294856,-0.334140367,0.087808336
-1.532064576,-0.106154702,-0.000023562,0.187887361,-0.170374890,-0.334301138,0.087881456
-1.532679461,-0.106208242,-0.000023573,0.187978968,-0.170454279,-0.334460654,0.087954333
-1.533288274,-0.106261391,-0.000023584,0.188069876,-0.170533024,-0.334618916,0.088026967
-1.533891021,-0.106314151,-0.000023595,0.188160085,-0.170611125,-0.334775926,0.088099359
-1.534487709,-0.106366522,-0.000023606,0.188249597,-0.170688583,-0.334931685,0.088171508
-1.535078344,-0.106418504,-0.000023617,0.188338412,-0.170765399,-0.335086194,0.088243415
-1.535662932,-0.106470097,-0.000023627,0.188426530,-0.170841573,-0.335239453,0.088315081
-1.536241478,-0.106521302,-0.000023638,0.188513952,-0.170917105,-0.335391466,0.088386504
-1.536813989,-0.106572120,-0.000023649,0.188600680,-0.170991998,-0.335542232,0.088457686
-1.537380472,-0.106622550,-0.000023659,0.188686713,-0.171066250,-0.335691753,0.088528627
-1.537940932,-0.106672593,-0.000023670,0.188772052,-0.171139863,-0.335840030,0.088599327
-1.538495374,-0.106722249,-0.000023680,0.188856698,-0.171212838,-0.335987064,0.088669786
-1.539043806,-0.106771520,-0.000023690,0.188940652,-0.171285175,-0.336132857,0.088740004
-1.539586234,-0.106820404,-0.000023700,0.189023915,-0.171356874,-0.336277410,0.088809982
-1.540122662,-0.106868904,-0.000023710,0.189106487,-0.171427937,-0.336420724,0.088879719
-1.540653099,-0.106917018,-0.000023720,0.189188368,-0.171498364,-0.336562800,0.088949216
-1.541177548,-0.106964747,-0.000023730,0.189269560,-0.171568155,-0.336703640,0.089018474
-1.541696018,-0.107012092,-0.000023740,0.189350063,-0.171637311,-0.336843245,0.089087492
-1.542208513,-0.107059053,-0.000023749,0.189429878,-0.171705834,-0.336981615,0.089156271
-1.542715039,-0.107105631,-0.000023759,0.189509005,-0.171773722,-0.337118753,0.089224810
-1.543215604,-0.107151825,-0.000023768,0.189587445,-0.171840978,-0.337254660,0.089293111
-1.543710213,-0.107197637,-0.000023778,0.189665200,-0.171907602,-0.337389336,0.089361172
-1.544198871,-0.107243067,-0.000023787,0.189742269,-0.171973594,-0.337522783,0.089428996
-1.544681586,-0.107288114,-0.000023796,0.189818653,-0.172038956,-0.337655002,0.089496580
-1.545158363,-0.107332780,-0.000023806,0.189894353,-0.172103687,-0.337785995,0.089563927
-1.545629208,-0.107377064,-0.000023815,0.189969370,-0.172167788,-0.337915762,0.089631036
-1.546094127,-0.107420968,-0.000023824,0.190043704,-0.172231260,-0.338044305,0.089697907
-1.546553126,-0.107464491,-0.000023833,0.190117357,-0.172294104,-0.338171625,0.089764541
-1.547006212,-0.107507634,-0.000023841,0.190190327,-0.172356320,-0.338297724,0.089830937
-1.547453391,-0.107550397,-0.000023850,0.190262618,-0.172417909,-0.338422602,0.089897097
-1.547894668,-0.107592781,-0.000023859,0.190334228,-0.172478871,-0.338546261,0.089963019
-1.548330050,-0.107634786,-0.000023867,0.190405159,-0.172539207,-0.338668702,0.090028705
-1.548759542,-0.107676413,-0.000023876,0.190475412,-0.172598919,-0.338789927,0.090094155
-1.549183152,-0.107717661,-0.000023884,0.190544986,-0.172658005,-0.338909936,0.090159368
-1.549600884,-0.107758531,-0.000023892,0.190613884,-0.172716468,-0.339028730,0.090224345
-1.550012745,-0.107799024,-0.000023901,0.190682105,-0.172774307,-0.339146312,0.090289087
-1.550418741,-0.107839140,-0.000023909,0.190749650,-0.172831524,-0.339262682,0.090353593
-1.550818878,-0.107878880,-0.000023917,0.190816520,-0.172888118,-0.339377841,0.090417863
-1.551213163,-0.107918243,-0.000023925,0.190882715,-0.172944092,-0.339491791,0.090481899
-1.551601600,-0.107957230,-0.000023933,0.190948237,-0.172999444,-0.339604533,0.090545699
-1.551984197,-0.107995841,-0.000023940,0.191013086,-0.173054176,-0.339716068,0.090609265
-1.552360960,-0.108034078,-0.000023948,0.191077262,-0.173108289,-0.339826398,0.090672596
-1.552731894,-0.108071939,-0.000023956,0.191140767,-0.173161783,-0.339935523,0.090735693
-1.553097005,-0.108109427,-0.000023963,0.191203600,-0.173214658,-0.340043445,0.090798556
-1.553456300,-0.108146540,-0.000023971,0.191265764,-0.173266916,-0.340150165,0.090861185
-1.553809785,-0.108183279,-0.000023978,0.191327257,-0.173318557,-0.340255684,0.090923580
-1.554157465,-0.108219646,-0.000023985,0.191388082,-0.173369582,-0.340360004,0.090985742
-1.554499347,-0.108255639,-0.000023992,0.191448239,-0.173419991,-0.340463126,0.091047671
-1.554835438,-0.108291261,-0.000023999,0.191507727,-0.173469785,-0.340565050,0.091109367
-1.555165742,-0.108326510,-0.000024006,0.191566549,-0.173518964,-0.340665779,0.091170830
-1.555490266,-0.108361387,-0.000024013,0.191624705,-0.173567530,-0.340765314,0.091232060
-1.555809016,-0.108395893,-0.000024020,0.191682195,-0.173615482,-0.340863655,0.091293058
-1.556121999,-0.108430028,-0.000024027,0.191739021,-0.173662822,-0.340960804,0.091353824
-1.556429220,-0.108463792,-0.000024034,0.191795182,-0.173709551,-0.341056763,0.091414357
-1.556730685,-0.108497187,-0.000024040,0.191850680,-0.173755667,-0.341151531,0.091474659
-1.557026401,-0.108530211,-0.000024047,0.191905515,-0.173801174,-0.341245112,0.091534730
-1.557316373,-0.108562866,-0.000024053,0.191959688,-0.173846070,-0.341337505,0.091594569
-1.557600608,-0.108595152,-0.000024060,0.192013199,-0.173890357,-0.341428713,0.091654177
-1.557879111,-0.108627069,-0.000024066,0.192066050,-0.173934035,-0.341518735,0.091713554
-1.558151889,-0.108658618,-0.000024072,0.192118241,-0.173977105,-0.341607575,0.091772701
-1.558418948,-0.108689799,-0.000024078,0.192169772,-0.174019568,-0.341695232,0.091831617
-1.558680294,-0.108720613,-0.000024084,0.192220645,-0.174061424,-0.341781708,0.091890302
-1.558935932,-0.108751060,-0.000024090,0.192270860,-0.174102673,-0.341867005,0.091948758
-1.559185870,-0.108781139,-0.000024096,0.192320417,-0.174143318,-0.341951123,0.092006984
-1.559430113,-0.108810853,-0.000024102,0.192369318,-0.174183357,-0.342034064,0.092064980
-1.559668667,-0.108840200,-0.000024107,0.192417563,-0.174222792,-0.342115829,0.092122747
-1.559901538,-0.108869182,-0.000024113,0.192465153,-0.174261623,-0.342196419,0.092180284
-1.560128733,-0.108897798,-0.000024118,0.192512088,-0.174299852,-0.342275835,0.092237593
-1.560350256,-0.108926050,-0.000024124,0.192558369,-0.174337478,-0.342354080,0.092294673
-1.560566116,-0.108953937,-0.000024129,0.192603997,-0.174374502,-0.342431153,0.092351524
-1.560776317,-0.108981460,-0.000024134,0.192648973,-0.174410925,-0.342507056,0.092408147
-1.560980865,-0.109008620,-0.000024140,0.192693297,-0.174446748,-0.342581791,0.092464542
-1.561179768,-0.109035416,-0.000024145,0.192736970,-0.174481971,-0.342655358,0.092520709
-1.561373029,-0.109061849,-0.000024150,0.192779992,-0.174516595,-0.342727760,0.092576648
-1.561560657,-0.109087919,-0.000024155,0.192822365,-0.174550620,-0.342798996,0.092632359
-1.561742657,-0.109113628,-0.000024159,0.192864088,-0.174584048,-0.342869069,0.092687844
-1.561919035,-0.109138974,-0.000024164,0.192905164,-0.174616878,-0.342937979,0.092743101
-1.562089796,-0.109163960,-0.000024169,0.192945591,-0.174649111,-0.343005728,0.092798131
-1.562254948,-0.109188584,-0.000024174,0.192985372,-0.174680749,-0.343072317,0.092852935
-1.562414496,-0.109212847,-0.000024178,0.193024506,-0.174711791,-0.343137747,0.092907513
-1.562568447,-0.109236750,-0.000024182,0.193062994,-0.174742238,-0.343202020,0.092961864
-1.562716805,-0.109260294,-0.000024187,0.193100838,-0.174772091,-0.343265137,0.093015989
-1.562859579,-0.109283478,-0.000024191,0.193138037,-0.174801351,-0.343327098,0.093069888
-1.562996772,-0.109306302,-0.000024195,0.193174593,-0.174830018,-0.343387906,0.093123562
-1.563128392,-0.109328768,-0.000024199,0.193210506,-0.174858093,-0.343447561,0.093177010
-1.563254445,-0.109350876,-0.000024203,0.193245777,-0.174885576,-0.343506065,0.093230233
-1.563374937,-0.109372625,-0.000024207,0.193280406,-0.174912469,-0.343563418,0.093283231
-1.563489873,-0.109394017,-0.000024211,0.193314395,-0.174938771,-0.343619623,0.093336005
-1.563599260,-0.109415052,-0.000024215,0.193347743,-0.174964483,-0.343674680,0.093388554
-1.563703105,-0.109435730,-0.000024219,0.193380452,-0.174989607,-0.343728591,0.093440878
-1.563801412,-0.109456051,-0.000024222,0.193412522,-0.175014142,-0.343781357,0.093492979
-1.563894188,-0.109476017,-0.000024226,0.193443954,-0.175038089,-0.343832979,0.093544855
-1.563981439,-0.109495626,-0.000024229,0.193474749,-0.175061449,-0.343883458,0.093596508
-1.564063172,-0.109514881,-0.000024233,0.193504907,-0.175084223,-0.343932795,0.093647937
-1.564139392,-0.109533780,-0.000024236,0.193534429,-0.175106411,-0.343980992,0.093699144
-1.564210105,-0.109552325,-0.000024239,0.193563315,-0.175128014,-0.344028051,0.093750127
-1.564275318,-0.109570516,-0.000024242,0.193591567,-0.175149032,-0.344073971,0.093800887
-1.564335037,-0.109588352,-0.000024246,0.193619185,-0.175169466,-0.344118755,0.093851425
-1.564389267,-0.109605836,-0.000024249,0.193646170,-0.175189317,-0.344162404,0.093901740
-1.564438014,-0.109622966,-0.000024251,0.193672522,-0.175208586,-0.344204919,0.093951833
-1.564481286,-0.109639744,-0.000024254,0.193698242,-0.175227272,-0.344246301,0.094001704
-1.564519087,-0.109656170,-0.000024257,0.193723332,-0.175245377,-0.344286551,0.094051353
-1.564551424,-0.109672243,-0.000024260,0.193747790,-0.175262901,-0.344325671,0.094100781
-1.564578303,-0.109687965,-0.000024262,0.193771619,-0.175279845,-0.344363661,0.094149988
-1.564599730,-0.109703336,-0.000024265,0.193794818,-0.175296210,-0.344400524,0.094198973
-1.564615711,-0.109718357,-0.000024267,0.193817389,-0.175311996,-0.344436260,0.094247737
-1.564626253,-0.109733027,-0.000024269,0.193839333,-0.175327203,-0.344470871,0.094296281
-1.564631361,-0.109747346,-0.000024272,0.193860649,-0.175341833,-0.344504358,0.094344604
-1.564631041,-0.109761317,-0.000024274,0.193881339,-0.175355886,-0.344536721,0.094392707
-1.564625299,-0.109774938,-0.000024276,0.193901403,-0.175369363,-0.344567963,0.094440590
-1.564614142,-0.109788210,-0.000024278,0.193920842,-0.175382264,-0.344598084,0.094488253
-1.564597576,-0.109801134,-0.000024280,0.193939656,-0.175394590,-0.344627087,0.094535696
-1.564575606,-0.109813710,-0.000024282,0.193957847,-0.175406342,-0.344654971,0.094582920
-1.564548239,-0.109825938,-0.000024284,0.193975416,-0.175417520,-0.344681738,0.094629924
-1.564515481,-0.109837818,-0.000024285,0.193992361,-0.175428125,-0.344707390,0.094676710
-1.564477337,-0.109849352,-0.000024287,0.194008685,-0.175438157,-0.344731927,0.094723277
-1.564433815,-0.109860540,-0.000024289,0.194024389,-0.175447618,-0.344755351,0.094769625
-1.564384919,-0.109871381,-0.000024290,0.194039472,-0.175456507,-0.344777664,0.094815755
-1.564330657,-0.109881876,-0.000024291,0.194053935,-0.175464826,-0.344798866,0.094861666
-1.564271034,-0.109892026,-0.000024293,0.194067780,-0.175472575,-0.344818958,0.094907360
-1.564206056,-0.109901831,-0.000024294,0.194081006,-0.175479754,-0.344837942,0.094952836
-1.564135729,-0.109911291,-0.000024295,0.194093615,-0.175486365,-0.344855820,0.094998095
-1.564060060,-0.109920407,-0.000024296,0.194105607,-0.175492408,-0.344872591,0.095043136
-1.563979054,-0.109929179,-0.000024297,0.194116983,-0.175497883,-0.344888259,0.095087960
-1.563892718,-0.109937608,-0.000024298,0.194127744,-0.175502792,-0.344902822,0.095132567
-1.563801057,-0.109945693,-0.000024299,0.194137890,-0.175507134,-0.344916284,0.095176957
-1.563704078,-0.109953436,-0.000024300,0.194147422,-0.175510911,-0.344928646,0.095221131
-1.563601787,-0.109960836,-0.000024300,0.194156340,-0.175514123,-0.344939907,0.095265089
-1.563494189,-0.109967895,-0.000024301,0.194164646,-0.175516771,-0.344950071,0.095308831
-1.563381292,-0.109974611,-0.000024302,0.194172340,-0.175518856,-0.344959137,0.095352357
-1.563263100,-0.109980987,-0.000024302,0.194179422,-0.175520377,-0.344967108,0.095395667
-1.563139621,-0.109987022,-0.000024302,0.194185894,-0.175521336,-0.344973984,0.095438762
-1.563010859,-0.109992716,-0.000024303,0.194191756,-0.175521734,-0.344979766,0.095481642
-1.562876822,-0.109998070,-0.000024303,0.194197008,-0.175521570,-0.344984457,0.095524306
-1.562737515,-0.110003085,-0.000024303,0.194201652,-0.175520846,-0.344988056,0.095566756
-1.562592944,-0.110007760,-0.000024303,0.194205689,-0.175519562,-0.344990566,0.095608992
-1.562443116,-0.110012096,-0.000024303,0.194209118,-0.175517719,-0.344991988,0.095651013
-1.562288036,-0.110016094,-0.000024303,0.194211940,-0.175515318,-0.344992322,0.095692820
-1.562127711,-0.110019754,-0.000024303,0.194214157,-0.175512359,-0.344991570,0.095734413
-1.561962147,-0.110023076,-0.000024303,0.194215768,-0.175508842,-0.344989734,0.095775792
-1.561791349,-0.110026060,-0.000024302,0.194216775,-0.175504769,-0.344986814,0.095816958
-1.561615324,-0.110028708,-0.000024302,0.194217179,-0.175500140,-0.344982812,0.095857910
-1.561434078,-0.110031018,-0.000024302,0.194216979,-0.175494956,-0.344977729,0.095898650
-1.561247617,-0.110032993,-0.000024301,0.194216177,-0.175489217,-0.344971566,0.095939176
-1.561055946,-0.110034632,-0.000024300,0.194214773,-0.175482923,-0.344964324,0.095979490
-1.560859073,-0.110035935,-0.000024300,0.194212768,-0.175476077,-0.344956006,0.096019592
-1.560657003,-0.110036903,-0.000024299,0.194210163,-0.175468678,-0.344946611,0.096059481
-1.560449743,-0.110037536,-0.000024298,0.194206958,-0.175460726,-0.344936141,0.096099158
-1.560237297,-0.110037835,-0.000024297,0.194203154,-0.175452223,-0.344924598,0.096138624
-1.560019673,-0.110037800,-0.000024296,0.194198752,-0.175443170,-0.344911982,0.096177877
-1.559796877,-0.110037432,-0.000024295,0.194193753,-0.175433565,-0.344898295,0.096216920
-1.559568913,-0.110036730,-0.000024294,0.194188156,-0.175423412,-0.344883538,0.096255751
-1.559335790,-0.110035695,-0.000024293,0.194181963,-0.175412709,-0.344867713,0.096294372
-1.559097512,-0.110034328,-0.000024292,0.194175175,-0.175401458,-0.344850820,0.096332781
-1.558854086,-0.110032629,-0.000024290,0.194167792,-0.175389660,-0.344832861,0.096370981
-1.558605518,-0.110030599,-0.000024289,0.194159815,-0.175377314,-0.344813837,0.096408969
-1.558351814,-0.110028236,-0.000024287,0.194151244,-0.175364422,-0.344793749,0.096446748
-1.558092979,-0.110025543,-0.000024286,0.194142081,-0.175350984,-0.344772598,0.096484317
-1.557829021,-0.110022520,-0.000024284,0.194132325,-0.175337001,-0.344750387,0.096521676
-1.557559945,-0.110019166,-0.000024282,0.194121978,-0.175322473,-0.344727115,0.096558826
-1.557285757,-0.110015483,-0.000024280,0.194111040,-0.175307402,-0.344702784,0.096595767
-1.557006463,-0.110011470,-0.000024279,0.194099512,-0.175291787,-0.344677396,0.096632498
-1.556722069,-0.110007128,-0.000024277,0.194087395,-0.175275630,-0.344650952,0.096669021
-1.556432582,-0.110002458,-0.000024274,0.194074689,-0.175258931,-0.344623452,0.096705335
-1.556138008,-0.109997459,-0.000024272,0.194061396,-0.175241690,-0.344594899,0.096741440
-1.555838352,-0.109992132,-0.000024270,0.194047515,-0.175223909,-0.344565293,0.096777338
-1.555533621,-0.109986478,-0.000024268,0.194033047,-0.175205587,-0.344534635,0.096813027
-1.555223820,-0.109980497,-0.000024266,0.194017993,-0.175186727,-0.344502927,0.096848509
-1.554908956,-0.109974189,-0.000024263,0.194002354,-0.175167327,-0.344470171,0.096883783
-1.554589035,-0.109967555,-0.000024261,0.193986131,-0.175147389,-0.344436366,0.096918850
-1.554264063,-0.109960595,-0.000024258,0.193969324,-0.175126914,-0.344401516,0.096953709
-1.553934046,-0.109953309,-0.000024255,0.193951933,-0.175105902,-0.344365620,0.096988362
-1.553598990,-0.109945698,-0.000024253,0.193933961,-0.175084353,-0.344328679,0.097022808
-1.553258901,-0.109937762,-0.000024250,0.193915406,-0.175062269,-0.344290697,0.097057048
-1.552913786,-0.109929502,-0.000024247,0.193896270,-0.175039650,-0.344251672,0.097091081
-1.552563649,-0.109920918,-0.000024244,0.193876554,-0.175016497,-0.344211607,0.097124908
-1.552208498,-0.109912010,-0.000024241,0.193856258,-0.174992810,-0.344170504,0.097158530
-1.551848339,-0.109902778,-0.000024238,0.193835383,-0.174968590,-0.344128362,0.097191946
-1.551483177,-0.109893224,-0.000024235,0.193813929,-0.174943837,-0.344085184,0.097225156
-1.551113019,-0.109883348,-0.000024232,0.193791898,-0.174918553,-0.344040970,0.097258161
-1.550737870,-0.109873149,-0.000024228,0.193769290,-0.174892737,-0.343995722,0.097290961
-1.550357737,-0.109862628,-0.000024225,0.193746106,-0.174866391,-0.343949441,0.097323556
-1.549972626,-0.109851786,-0.000024222,0.193722346,-0.174839515,-0.343902129,0.097355947
-1.549582543,-0.109840623,-0.000024218,0.193698011,-0.174812110,-0.343853786,0.097388133
-1.549187493,-0.109829139,-0.000024214,0.193673101,-0.174784176,-0.343804414,0.097420116
-1.548787484,-0.109817336,-0.000024211,0.193647619,-0.174755714,-0.343754014,0.097451894
-1.548382521,-0.109805212,-0.000024207,0.193621563,-0.174726725,-0.343702587,0.097483468
-1.547972610,-0.109792769,-0.000024203,0.193594935,-0.174697209,-0.343650135,0.097514839
-1.547557757,-0.109780006,-0.000024199,0.193567736,-0.174667167,-0.343596659,0.097546007
-1.547137969,-0.109766925,-0.000024195,0.193539966,-0.174636600,-0.343542159,0.097576972
-1.546713251,-0.109753526,-0.000024191,0.193511625,-0.174605507,-0.343486638,0.097607734
-1.546283610,-0.109739809,-0.000024187,0.193482715,-0.174573891,-0.343430096,0.097638293
-1.545849051,-0.109725774,-0.000024183,0.193453237,-0.174541751,-0.343372534,0.097668649
-1.545409581,-0.109711422,-0.000024179,0.193423190,-0.174509088,-0.343313955,0.097698804
-1.544965205,-0.109696753,-0.000024175,0.193392576,-0.174475903,-0.343254359,0.097728756
-1.544515930,-0.109681767,-0.000024170,0.193361395,-0.174442196,-0.343193747,0.097758506
-1.544061762,-0.109666466,-0.000024166,0.193329649,-0.174407968,-0.343132120,0.097788055
-1.543602707,-0.109650849,-0.000024161,0.193297337,-0.174373220,-0.343069481,0.097817403
-1.543138771,-0.109634917,-0.000024157,0.193264460,-0.174337952,-0.343005829,0.097846549
-1.542669960,-0.109618670,-0.000024152,0.193231019,-0.174302165,-0.342941167,0.097875495
-1.542196281,-0.109602108,-0.000024147,0.193197015,-0.174265860,-0.342875496,0.097904239
-1.541717738,-0.109585232,-0.000024142,0.193162449,-0.174229037,-0.342808816,0.097932783
-1.541234339,-0.109568042,-0.000024138,0.193127320,-0.174191696,-0.342741129,0.097961127
-1.540746089,-0.109550539,-0.000024133,0.193091631,-0.174153839,-0.342672436,0.097989270
-1.540252994,-0.109532723,-0.000024128,0.193055380,-0.174115466,-0.342602739,0.098017214
-1.539755062,-0.109514595,-0.000024122,0.193018570,-0.174076578,-0.342532039,0.098044958
-1.539252296,-0.109496154,-0.000024117,0.192981201,-0.174037175,-0.342460336,0.098072503
-1.538744705,-0.109477401,-0.000024112,0.192943274,-0.173997259,-0.342387633,0.098099848
-1.538232293,-0.109458337,-0.000024107,0.192904788,-0.173956828,-0.342313930,0.098126994
-1.537715066,-0.109438961,-0.000024101,0.192865746,-0.173915885,-0.342239228,0.098153941
-1.537193032,-0.109419275,-0.000024096,0.192826147,-0.173874430,-0.342163530,0.098180690
-1.536666196,-0.109399279,-0.000024090,0.192785992,-0.173832464,-0.342086835,0.098207240
-1.536134564,-0.109378973,-0.000024085,0.192745282,-0.173789987,-0.342009146,0.098233592
-1.535598142,-0.109358357,-0.000024079,0.192704018,-0.173746999,-0.341930464,0.098259746
-1.535056936,-0.109337432,-0.000024073,0.192662201,-0.173703502,-0.341850789,0.098285703
-1.534510952,-0.109316198,-0.000024068,0.192619830,-0.173659496,-0.341770124,0.098311461
-1.533960197,-0.109294656,-0.000024062,0.192576907,-0.173614982,-0.341688468,0.098337023
-1.533404676,-0.109272806,-0.000024056,0.192533432,-0.173569960,-0.341605824,0.098362387
-1.532844395,-0.109250648,-0.000024050,0.192489407,-0.173524431,-0.341522193,0.098387554
-1.532279361,-0.109228182,-0.000024044,0.192444831,-0.173478396,-0.341437576,0.098412525
-1.531709580,-0.109205410,-0.000024038,0.192399706,-0.173431855,-0.341351974,0.098437299
-1.531135057,-0.109182332,-0.000024031,0.192354031,-0.173384808,-0.341265388,0.098461876
-1.530555800,-0.109158947,-0.000024025,0.192307809,-0.173337258,-0.341177820,0.098486258
-1.529971813,-0.109135256,-0.000024019,0.192261039,-0.173289203,-0.341089271,0.098510444
-1.529383103,-0.109111260,-0.000024012,0.192213723,-0.173240646,-0.340999742,0.098534434
-1.528789675,-0.109086960,-0.000024006,0.192165860,-0.173191585,-0.340909235,0.098558229
-1.528191538,-0.109062354,-0.000023999,0.192117452,-0.173142023,-0.340817750,0.098581828
-1.527588695,-0.109037444,-0.000023993,0.192068499,-0.173091960,-0.340725289,0.098605232
-1.526981153,-0.109012231,-0.000023986,0.192019002,-0.173041396,-0.340631853,0.098628442
-1.526368919,-0.108986714,-0.000023979,0.191968961,-0.172990331,-0.340537443,0.098651457
-1.525751998,-0.108960894,-0.000023972,0.191918378,-0.172938768,-0.340442061,0.098674277
-1.525130396,-0.108934771,-0.000023965,0.191867253,-0.172886706,-0.340345708,0.098696904
-1.524504120,-0.108908346,-0.000023958,0.191815587,-0.172834145,-0.340248384,0.098719336
-1.523873176,-0.108881618,-0.000023951,0.191763380,-0.172781087,-0.340150092,0.098741575
-1.523237569,-0.108854590,-0.000023944,0.191710633,-0.172727533,-0.340050832,0.098763620
-1.522597306,-0.108827260,-0.000023937,0.191657347,-0.172673482,-0.339950606,0.098785472
-1.521952393,-0.108799629,-0.000023930,0.191603522,-0.172618935,-0.339849415,0.098807130
-1.521302836,-0.108771698,-0.000023923,0.191549159,-0.172563894,-0.339747260,0.098828596
-1.520648640,-0.108743467,-0.000023915,0.191494259,-0.172508358,-0.339644143,0.098849869
-1.519989813,-0.108714936,-0.000023908,0.191438823,-0.172452328,-0.339540064,0.098870950
-1.519326360,-0.108686106,-0.000023900,0.191382851,-0.172395806,-0.339435025,0.098891838
-1.518658287,-0.108656977,-0.000023893,0.191326344,-0.172338791,-0.339329027,0.098912534
-1.517985600,-0.108627550,-0.000023885,0.191269302,-0.172281285,-0.339222072,0.098933039
-1.517308305,-0.108597825,-0.000023877,0.191211726,-0.172223287,-0.339114160,0.098953351
-1.516626409,-0.108567801,-0.000023869,0.191153618,-0.172164799,-0.339005293,0.098973473
-1.515939918,-0.108537481,-0.000023862,0.191094977,-0.172105820,-0.338895472,0.098993403
-1.515248837,-0.108506863,-0.000023854,0.191035804,-0.172046353,-0.338784698,0.099013142
-1.514553172,-0.108475949,-0.000023846,0.190976100,-0.171986397,-0.338672972,0.099032691
-1.513852930,-0.108444738,-0.000023838,0.190915866,-0.171925953,-0.338560297,0.099052048
-1.513148117,-0.108413232,-0.000023829,0.190855102,-0.171865022,-0.338446672,0.099071216
-1.512438739,-0.108381430,-0.000023821,0.190793810,-0.171803605,-0.338332100,0.099090193
-1.511724802,-0.108349333,-0.000023813,0.190731989,-0.171741701,-0.338216581,0.099108981
-1.511006312,-0.108316942,-0.000023805,0.190669640,-0.171679311,-0.338100117,0.099127578
-1.510283275,-0.108284256,-0.000023796,0.190606765,-0.171616437,-0.337982708,0.099145986
-1.509555697,-0.108251276,-0.000023788,0.190543363,-0.171553079,-0.337864357,0.099164205
-1.508823584,-0.108218003,-0.000023779,0.190479436,-0.171489238,-0.337745064,0.099182235
-1.508086942,-0.108184436,-0.000023771,0.190414984,-0.171424913,-0.337624831,0.099200076
-1.507345778,-0.108150577,-0.000023762,0.190350008,-0.171360106,-0.337503658,0.099217728
-1.506600098,-0.108116425,-0.000023753,0.190284508,-0.171294818,-0.337381548,0.099235192
-1.505849906,-0.108081981,-0.000023745,0.190218485,-0.171229049,-0.337258501,0.099252467
-1.505095211,-0.108047246,-0.000023736,0.190151941,-0.171162799,-0.337134518,0.099269555
-1.504336017,-0.108012219,-0.000023727,0.190084875,-0.171096070,-0.337009602,0.099286455
-1.503572331,-0.107976902,-0.000023718,0.190017288,-0.171028861,-0.336883752,0.099303167
-1.502804158,-0.107941294,-0.000023709,0.189949182,-0.170961175,-0.336756971,0.099319691
-1.502031506,-0.107905396,-0.000023700,0.189880555,-0.170893010,-0.336629259,0.099336029
-1.501254379,-0.107869208,-0.000023690,0.189811411,-0.170824368,-0.336500617,0.099352180
-1.500472785,-0.107832731,-0.000023681,0.189741748,-0.170755250,-0.336371048,0.099368143
-1.499686728,-0.107795964,-0.000023672,0.189671568,-0.170685656,-0.336240552,0.099383921
-1.498896216,-0.107758909,-0.000023662,0.189600871,-0.170615587,-0.336109130,0.099399512
-1.498101254,-0.107721566,-0.000023653,0.189529659,-0.170545043,-0.335976784,0.099414917
-1.497301848,-0.107683935,-0.000023643,0.189457931,-0.170474025,-0.335843515,0.099430136
-1.496498005,-0.107646017,-0.000023634,0.189385689,-0.170402534,-0.335709324,0.099445169
-1.495689730,-0.107607812,-0.000023624,0.189312932,-0.170330570,-0.335574212,0.099460017
-1.494877030,-0.107569320,-0.000023615,0.189239663,-0.170258134,-0.335438181,0.099474679
-1.494059910,-0.107530541,-0.000023605,0.189165881,-0.170185227,-0.335301231,0.099489157
-1.493238377,-0.107491477,-0.000023595,0.189091587,-0.170111849,-0.335163365,0.099503449
-1.492412437,-0.107452127,-0.000023585,0.189016783,-0.170038000,-0.335024583,0.099517557
-1.491582096,-0.107412492,-0.000023575,0.188941467,-0.169963683,-0.334884886,0.099531481
-1.490747359,-0.107372572,-0.000023565,0.188865642,-0.169888896,-0.334744277,0.099545220
-1.489908234,-0.107332368,-0.000023555,0.188789308,-0.169813641,-0.334602755,0.099558776
-1.489064725,-0.107291880,-0.000023545,0.188712466,-0.169737918,-0.334460322,0.099572147
-1.488216840,-0.107251108,-0.000023534,0.188635116,-0.169661729,-0.334316980,0.099585336
-1.487364584,-0.107210052,-0.000023524,0.188557259,-0.169585073,-0.334172730,0.099598340
-1.486507963,-0.107168714,-0.000023514,0.188478895,-0.169507951,-0.334027572,0.099611162
-1.485646984,-0.107127094,-0.000023503,0.188400026,-0.169430365,-0.333881509,0.099623800
-1.484781652,-0.107085191,-0.000023493,0.188320652,-0.169352314,-0.333734541,0.099636256
-1.483911973,-0.107043007,-0.000023482,0.188240774,-0.169273799,-0.333586669,0.099648530
-1.483037954,-0.107000541,-0.000023472,0.188160392,-0.169194821,-0.333437896,0.099660621
-1.482159601,-0.106957794,-0.000023461,0.188079507,-0.169115380,-0.333288221,0.099672530
-1.481276920,-0.106914767,-0.000023450,0.187998120,-0.169035478,-0.333137647,0.099684257
-1.480389916,-0.106871460,-0.000023440,0.187916232,-0.168955114,-0.332986175,0.099695803
-1.479498596,-0.106827872,-0.000023429,0.187833843,-0.168874290,-0.332833805,0.099707167
-1.478602966,-0.106784005,-0.000023418,0.187750953,-0.168793006,-0.332680539,0.099718350
-1.477703032,-0.106739860,-0.000023407,0.187667564,-0.168711262,-0.332526378,0.099729352
-1.476798801,-0.106695435,-0.000023396,0.187583677,-0.168629060,-0.332371324,0.099740173
-1.475890277,-0.106650732,-0.000023385,0.187499291,-0.168546400,-0.332215378,0.099750813
-1.474977468,-0.106605751,-0.000023373,0.187414408,-0.168463282,-0.332058541,0.099761273
-1.474060379,-0.106560493,-0.000023362,0.187329028,-0.168379707,-0.331900813,0.099771553
-1.473139016,-0.106514958,-0.000023351,0.187243152,-0.168295676,-0.331742198,0.099781653
-1.472213386,-0.106469145,-0.000023340,0.187156781,-0.168211190,-0.331582694,0.099791573
-1.471283494,-0.106423057,-0.000023328,0.187069915,-0.168126249,-0.331422305,0.099801314
-1.470349347,-0.106376692,-0.000023317,0.186982555,-0.168040853,-0.331261031,0.099810875
-1.469410951,-0.106330052,-0.000023305,0.186894702,-0.167955004,-0.331098873,0.099820257
-1.468468311,-0.106283136,-0.000023293,0.186806357,-0.167868702,-0.330935833,0.099829461
-1.467521435,-0.106235946,-0.000023282,0.186717519,-0.167781948,-0.330771912,0.099838485
-1.466570327,-0.106188481,-0.000023270,0.186628190,-0.167694742,-0.330607110,0.099847331
-1.465614994,-0.106140742,-0.000023258,0.186538371,-0.167607084,-0.330441430,0.099855999
-1.464655442,-0.106092729,-0.000023246,0.186448062,-0.167518977,-0.330274873,0.099864489
-1.463691678,-0.106044443,-0.000023234,0.186357264,-0.167430419,-0.330107439,0.099872801
-1.462723706,-0.105995884,-0.000023222,0.186265977,-0.167341412,-0.329939130,0.099880936
-1.461751534,-0.105947053,-0.000023210,0.186174202,-0.167251957,-0.329769948,0.099888893
-1.460775167,-0.105897949,-0.000023198,0.186081941,-0.167162054,-0.329599893,0.099896672
-1.459794612,-0.105848573,-0.000023186,0.185989192,-0.167071704,-0.329428966,0.099904275
-1.458809874,-0.105798926,-0.000023174,0.185895959,-0.166980907,-0.329257170,0.099911701
-1.457820960,-0.105749008,-0.000023162,0.185802240,-0.166889664,-0.329084505,0.099918951
-1.456827875,-0.105698819,-0.000023149,0.185708037,-0.166797975,-0.328910972,0.099926024
-1.455830626,-0.105648360,-0.000023137,0.185613350,-0.166705842,-0.328736572,0.099932921
-1.454829219,-0.105597631,-0.000023124,0.185518180,-0.166613265,-0.328561308,0.099939642
-1.453823660,-0.105546632,-0.000023112,0.185422528,-0.166520244,-0.328385180,0.099946187
-1.452813955,-0.105495365,-0.000023099,0.185326394,-0.166426781,-0.328208189,0.099952557
-1.451800109,-0.105443828,-0.000023086,0.185229779,-0.166332875,-0.328030336,0.099958752
-1.450782130,-0.105392023,-0.000023074,0.185132684,-0.166238528,-0.327851623,0.099964771
-1.449760023,-0.105339950,-0.000023061,0.185035110,-0.166143740,-0.327672052,0.099970616
-1.448733794,-0.105287610,-0.000023048,0.184937056,-0.166048511,-0.327491622,0.099976286
-1.447703450,-0.105235002,-0.000023035,0.184838525,-0.165952843,-0.327310336,0.099981781
-1.446668996,-0.105182127,-0.000023022,0.184739516,-0.165856736,-0.327128195,0.099987103
-1.445630438,-0.105128986,-0.000023009,0.184640030,-0.165760191,-0.326945200,0.099992250
-1.444587783,-0.105075579,-0.000022996,0.184540068,-0.165663208,-0.326761352,0.099997223
-1.443541037,-0.105021906,-0.000022983,0.184439631,-0.165565787,-0.326576652,0.100002023
-1.442490205,-0.104967968,-0.000022970,0.184338718,-0.165467931,-0.326391102,0.100006650
-1.441435294,-0.104913765,-0.000022957,0.184237332,-0.165369638,-0.326204703,0.100011103
-1.440376310,-0.104859297,-0.000022943,0.184135473,-0.165270910,-0.326017456,0.100015384
-1.439313258,-0.104804565,-0.000022930,0.184033140,-0.165171748,-0.325829363,0.100019491
-1.438246146,-0.104749569,-0.000022916,0.183930336,-0.165072152,-0.325640424,0.100023426
-1.437174979,-0.104694310,-0.000022903,0.183827060,-0.164972122,-0.325450641,0.100027189
-1.436099763,-0.104638787,-0.000022889,0.183723314,-0.164871660,-0.325260015,0.100030780
-1.435020504,-0.104583002,-0.000022876,0.183619098,-0.164770766,-0.325068547,0.100034199
-1.433937208,-0.104526955,-0.000022862,0.183514412,-0.164669441,-0.324876239,0.100037446
-1.432849882,-0.104470646,-0.000022848,0.183409258,-0.164567684,-0.324683091,0.100040522
-1.431758531,-0.104414075,-0.000022834,0.183303637,-0.164465498,-0.324489106,0.100043426
-1.430663162,-0.104357243,-0.000022821,0.183197547,-0.164362882,-0.324294283,0.100046159
-1.429563780,-0.104300151,-0.000022807,0.183090992,-0.164259837,-0.324098626,0.100048722
-1.428460392,-0.104242798,-0.000022793,0.182983970,-0.164156364,-0.323902133,0.100051114
-1.427353004,-0.104185185,-0.000022779,0.182876484,-0.164052464,-0.323704808,0.100053335
-1.426241621,-0.104127312,-0.000022765,0.182768533,-0.163948137,-0.323506651,0.100055387
-1.425126250,-0.104069180,-0.000022750,0.182660118,-0.163843383,-0.323307664,0.100057268
-1.424006897,-0.104010790,-0.000022736,0.182551240,-0.163738203,-0.323107847,0.100058980
-1.422883569,-0.103952140,-0.000022722,0.182441900,-0.163632599,-0.322907202,0.100060522
-1.421756270,-0.103893233,-0.000022708,0.182332098,-0.163526570,-0.322705730,0.100061894
-1.420625007,-0.103834068,-0.000022693,0.182221835,-0.163420118,-0.322503432,0.100063098
-1.419489787,-0.103774646,-0.000022679,0.182111111,-0.163313242,-0.322300310,0.100064132
-1.418350615,-0.103714966,-0.000022664,0.181999928,-0.163205944,-0.322096364,0.100064998
-1.417207497,-0.103655031,-0.000022650,0.181888286,-0.163098224,-0.321891597,0.100065696
-1.416060440,-0.103594839,-0.000022635,0.181776186,-0.162990083,-0.321686009,0.100066225
-1.414909450,-0.103534391,-0.000022620,0.181663628,-0.162881521,-0.321479602,0.100066586
-1.413754532,-0.103473687,-0.000022606,0.181550613,-0.162772540,-0.321272376,0.100066779
-1.412595692,-0.103412729,-0.000022591,0.181437142,-0.162663139,-0.321064333,0.100066805
-1.411432938,-0.103351516,-0.000022576,0.181323216,-0.162553319,-0.320855474,0.100066663
-1.410266274,-0.103290049,-0.000022561,0.181208835,-0.162443081,-0.320645801,0.100066354
-1.409095707,-0.103228328,-0.000022546,0.181093999,-0.162332426,-0.320435315,0.100065878
-1.407921243,-0.103166353,-0.000022531,0.180978710,-0.162221354,-0.320224016,0.100065235
-1.406742889,-0.103104125,-0.000022516,0.180862968,-0.162109866,-0.320011906,0.100064425
-1.405560649,-0.103041644,-0.000022501,0.180746774,-0.161997963,-0.319798987,0.100063449
-1.404374530,-0.102978912,-0.000022486,0.180630129,-0.161885645,-0.319585260,0.100062307
-1.403184539,-0.102915927,-0.000022470,0.180513033,-0.161772912,-0.319370725,0.100060999
-1.401990681,-0.102852690,-0.000022455,0.180395487,-0.161659766,-0.319155384,0.100059526
-1.400792963,-0.102789202,-0.000022440,0.180277491,-0.161546207,-0.318939239,0.100057886
-1.399591390,-0.102725463,-0.000022424,0.180159047,-0.161432236,-0.318722290,0.100056082
-1.398385969,-0.102661474,-0.000022409,0.180040155,-0.161317852,-0.318504539,0.100054112
-1.397176705,-0.102597235,-0.000022393,0.179920816,-0.161203058,-0.318285987,0.100051978
-1.395963605,-0.102532746,-0.000022378,0.179801030,-0.161087854,-0.318066636,0.100049679
-1.394746675,-0.102468008,-0.000022362,0.179680798,-0.160972240,-0.317846485,0.100047215
-1.393525920,-0.102403021,-0.000022346,0.179560121,-0.160856216,-0.317625538,0.100044587
-1.392301348,-0.102337785,-0.000022331,0.179438999,-0.160739784,-0.317403794,0.100041795
-1.391072963,-0.102272301,-0.000022315,0.179317433,-0.160622945,-0.317181255,0.100038839
-1.389840773,-0.102206569,-0.000022299,0.179195424,-0.160505698,-0.316957923,0.100035720
-1.388604783,-0.102140590,-0.000022283,0.179072973,-0.160388044,-0.316733799,0.100032437
-1.387364999,-0.102074364,-0.000022267,0.178950080,-0.160269985,-0.316508883,0.100028991
-1.386121427,-0.102007891,-0.000022251,0.178826746,-0.160151520,-0.316283178,0.100025382
-1.384874074,-0.101941172,-0.000022235,0.178702971,-0.160032650,-0.316056684,0.100021610
-1.383622945,-0.101874207,-0.000022219,0.178578757,-0.159913377,-0.315829402,0.100017676
-1.382368047,-0.101806996,-0.000022202,0.178454103,-0.159793700,-0.315601334,0.100013579
-1.381109386,-0.101739540,-0.000022186,0.178329011,-0.159673620,-0.315372482,0.100009321
-1.379846967,-0.101671840,-0.000022170,0.178203482,-0.159553138,-0.315142845,0.100004900
-1.378580796,-0.101603895,-0.000022153,0.178077515,-0.159432255,-0.314912426,0.100000318
-1.377310881,-0.101535706,-0.000022137,0.177951112,-0.159310970,-0.314681226,0.099995574
-1.376037226,-0.101467274,-0.000022121,0.177824274,-0.159189286,-0.314449246,0.099990669
-1.374759839,-0.101398598,-0.000022104,0.177697000,-0.159067202,-0.314216487,0.099985602
-1.373478724,-0.101329680,-0.000022087,0.177569293,-0.158944719,-0.313982950,0.099980375
-1.372193889,-0.101260519,-0.000022071,0.177441151,-0.158821837,-0.313748637,0.099974988
-1.370905339,-0.101191116,-0.000022054,0.177312577,-0.158698558,-0.313513549,0.099969439
-1.369613080,-0.101121471,-0.000022037,0.177183571,-0.158574882,-0.313277688,0.099963731
-1.368317119,-0.101051585,-0.000022020,0.177054133,-0.158450809,-0.313041053,0.099957863
-1.367017460,-0.100981458,-0.000022004,0.176924264,-0.158326341,-0.312803647,0.099951835
-1.365714112,-0.100911091,-0.000021987,0.176793965,-0.158201478,-0.312565471,0.099945647
-1.364407079,-0.100840483,-0.000021970,0.176663237,-0.158076220,-0.312326526,0.099939300
-1.363096367,-0.100769635,-0.000021953,0.176532080,-0.157950568,-0.312086814,0.099932793
-1.361781984,-0.100698548,-0.000021936,0.176400495,-0.157824523,-0.311846335,0.099926128
-1.360463934,-0.100627222,-0.000021918,0.176268482,-0.157698085,-0.311605090,0.099919304
-1.359142223,-0.100555658,-0.000021901,0.176136043,-0.157571255,-0.311363082,0.099912322
-1.357816859,-0.100483855,-0.000021884,0.176003178,-0.157444034,-0.311120311,0.099905181
-1.356487847,-0.100411814,-0.000021867,0.175869887,-0.157316422,-0.310876778,0.099897882
-1.355155193,-0.100339536,-0.000021849,0.175736172,-0.157188420,-0.310632486,0.099890425
-1.353818903,-0.100267020,-0.000021832,0.175602032,-0.157060029,-0.310387434,0.099882811
-1.352478984,-0.100194268,-0.000021814,0.175467470,-0.156931249,-0.310141624,0.099875039
-1.351135440,-0.100121280,-0.000021797,0.175332485,-0.156802081,-0.309895058,0.099867110
-1.349788279,-0.100048055,-0.000021779,0.175197077,-0.156672525,-0.309647736,0.099859024
-1.348437507,-0.099974595,-0.000021762,0.175061249,-0.156542583,-0.309399660,0.099850781
-1.347083129,-0.099900900,-0.000021744,0.174925000,-0.156412254,-0.309150831,0.099842381
-1.345725151,-0.099826970,-0.000021726,0.174788332,-0.156281539,-0.308901251,0.099833825
-1.344363581,-0.099752805,-0.000021709,0.174651244,-0.156150440,-0.308650920,0.099825113
-1.342998423,-0.099678406,-0.000021691,0.174513737,-0.156018956,-0.308399840,0.099816245
-1.341629683,-0.099603774,-0.000021673,0.174375813,-0.155887088,-0.308148012,0.099807221
-1.340257369,-0.099528908,-0.000021655,0.174237472,-0.155754838,-0.307895438,0.099798042
-1.338881486,-0.099453810,-0.000021637,0.174098714,-0.155622205,-0.307642118,0.099788707
-1.337502040,-0.099378478,-0.000021619,0.173959541,-0.155489190,-0.307388053,0.099779217
-1.336119037,-0.099302915,-0.000021601,0.173819953,-0.155355794,-0.307133246,0.099769572
-1.334732483,-0.099227120,-0.000021583,0.173679950,-0.155222017,-0.306877697,0.099759773
-1.333342384,-0.099151093,-0.000021564,0.173539533,-0.155087861,-0.306621407,0.099749819
-1.331948747,-0.099074836,-0.000021546,0.173398704,-0.154953325,-0.306364378,0.099739710
-1.330551577,-0.098998348,-0.000021528,0.173257462,-0.154818411,-0.306106611,0.099729448
-1.329150880,-0.098921629,-0.000021509,0.173115809,-0.154683119,-0.305848107,0.099719032
-1.327746663,-0.098844681,-0.000021491,0.172973745,-0.154547449,-0.305588867,0.099708462
-1.326338932,-0.098767503,-0.000021473,0.172831270,-0.154411403,-0.305328893,0.099697739
-1.324927693,-0.098690096,-0.000021454,0.172688386,-0.154274980,-0.305068186,0.099686862
-1.323512951,-0.098612460,-0.000021436,0.172545093,-0.154138182,-0.304806747,0.099675833
-1.322094713,-0.098534596,-0.000021417,0.172401392,-0.154001010,-0.304544578,0.099664650
-1.320672985,-0.098456504,-0.000021398,0.172257283,-0.153863463,-0.304281678,0.099653316
-1.319247773,-0.098378184,-0.000021380,0.172112768,-0.153725542,-0.304018051,0.099641828
-1.317819083,-0.098299637,-0.000021361,0.171967846,-0.153587249,-0.303753697,0.099630189
-1.316386921,-0.098220864,-0.000021342,0.171822519,-0.153448583,-0.303488616,0.099618398
-1.314951294,-0.098141864,-0.000021323,0.171676787,-0.153309546,-0.303222812,0.099606455
-1.313512207,-0.098062637,-0.000021304,0.171530651,-0.153170138,-0.302956284,0.099594360
-1.312069666,-0.097983186,-0.000021285,0.171384112,-0.153030359,-0.302689034,0.099582114
-1.310623677,-0.097903508,-0.000021266,0.171237170,-0.152890211,-0.302421063,0.099569717
-1.309174248,-0.097823606,-0.000021247,0.171089826,-0.152749693,-0.302152373,0.099557169
-1.307721382,-0.097743479,-0.000021228,0.170942081,-0.152608808,-0.301882964,0.099544471
-1.306265088,-0.097663129,-0.000021209,0.170793935,-0.152467554,-0.301612838,0.099531622
-1.304805370,-0.097582554,-0.000021189,0.170645389,-0.152325933,-0.301341997,0.099518623
-1.303342235,-0.097501756,-0.000021170,0.170496444,-0.152183946,-0.301070440,0.099505474
-1.301875689,-0.097420735,-0.000021151,0.170347101,-0.152041592,-0.300798171,0.099492175
-1.300405738,-0.097339491,-0.000021131,0.170197359,-0.151898874,-0.300525189,0.099478726
-1.298932387,-0.097258025,-0.000021112,0.170047220,-0.151755790,-0.300251496,0.099465128
-1.297455644,-0.097176337,-0.000021093,0.169896685,-0.151612343,-0.299977093,0.099451381
-1.295975515,-0.097094428,-0.000021073,0.169745754,-0.151468533,-0.299701982,0.099437485
-1.294492004,-0.097012298,-0.000021053,0.169594428,-0.151324359,-0.299426164,0.099423440
-1.293005119,-0.096929947,-0.000021034,0.169442707,-0.151179824,-0.299149640,0.099409246
-1.291514865,-0.096847375,-0.000021014,0.169290592,-0.151034927,-0.298872410,0.099394904
-1.290021249,-0.096764584,-0.000020994,0.169138085,-0.150889669,-0.298594478,0.099380414
-1.288524276,-0.096681572,-0.000020975,0.168985185,-0.150744051,-0.298315843,0.099365777
-1.287023953,-0.096598342,-0.000020955,0.168831893,-0.150598074,-0.298036507,0.099350991
-1.285520285,-0.096514893,-0.000020935,0.168678210,-0.150451737,-0.297756471,0.099336058
-1.284013280,-0.096431226,-0.000020915,0.168524137,-0.150305042,-0.297475736,0.099320978
-1.282502942,-0.096347340,-0.000020895,0.168369675,-0.150157990,-0.297194305,0.099305750
-1.280989278,-0.096263237,-0.000020875,0.168214823,-0.150010581,-0.296912177,0.099290376
-1.279472294,-0.096178916,-0.000020855,0.168059583,-0.149862815,-0.296629354,0.099274855
-1.277951996,-0.096094379,-0.000020835,0.167903955,-0.149714694,-0.296345837,0.099259188
-1.276428391,-0.096009624,-0.000020815,0.167747941,-0.149566217,-0.296061628,0.099243375
-1.274901483,-0.095924654,-0.000020794,0.167591540,-0.149417386,-0.295776728,0.099227415
-1.273371280,-0.095839468,-0.000020774,0.167434754,-0.149268201,-0.295491138,0.099211310
-1.271837787,-0.095754067,-0.000020754,0.167277583,-0.149118663,-0.295204859,0.099195059
-1.270301011,-0.095668451,-0.000020733,0.167120028,-0.148968772,-0.294917892,0.099178663
-1.268760957,-0.095582620,-0.000020713,0.166962089,-0.148818530,-0.294630240,0.099162122
-1.267217632,-0.095496574,-0.000020693,0.166803767,-0.148667936,-0.294341902,0.099145436
-1.265671041,-0.095410315,-0.000020672,0.166645064,-0.148516991,-0.294052880,0.099128605
-1.264121191,-0.095323842,-0.000020651,0.166485979,-0.148365696,-0.293763176,0.099111629
-1.262568088,-0.095237157,-0.000020631,0.166326513,-0.148214053,-0.293472791,0.099094509
-1.261011738,-0.095150258,-0.000020610,0.166166667,-0.148062060,-0.293181725,0.099077245
-1.259452147,-0.095063147,-0.000020589,0.166006442,-0.147909719,-0.292889981,0.099059838
-1.257889321,-0.094975825,-0.000020569,0.165845838,-0.147757031,-0.292597558,0.099042286
-1.256323266,-0.094888290,-0.000020548,0.165684856,-0.147603995,-0.292304460,0.099024591
-1.254753988,-0.094800545,-0.000020527,0.165523497,-0.147450614,-0.292010686,0.099006753
-1.253181494,-0.094712588,-0.000020506,0.165361761,-0.147296887,-0.291716239,0.098988772
-1.251605789,-0.094624422,-0.000020485,0.165199649,-0.147142815,-0.291421118,0.098970648
-1.250026879,-0.094536045,-0.000020464,0.165037162,-0.146988399,-0.291125327,0.098952382
-1.248444770,-0.094447458,-0.000020443,0.164874301,-0.146833639,-0.290828865,0.098933973
-1.246859470,-0.094358662,-0.000020422,0.164711065,-0.146678536,-0.290531733,0.098915422
-1.245270982,-0.094269658,-0.000020401,0.164547457,-0.146523091,-0.290233935,0.098896729
-1.243679315,-0.094180444,-0.000020380,0.164383475,-0.146367304,-0.289935469,0.098877894
-1.242084473,-0.094091023,-0.000020359,0.164219123,-0.146211176,-0.289636339,0.098858917
-1.240486463,-0.094001394,-0.000020337,0.164054399,-0.146054707,-0.289336544,0.098839800
-1.238885291,-0.093911557,-0.000020316,0.163889304,-0.145897899,-0.289036086,0.098820541
-1.237280964,-0.093821514,-0.000020295,0.163723840,-0.145740751,-0.288734967,0.098801141
-1.235673486,-0.093731263,-0.000020273,0.163558007,-0.145583265,-0.288433188,0.098781601
-1.234062864,-0.093640807,-0.000020252,0.163391805,-0.145425440,-0.288130749,0.098761920
-1.232449105,-0.093550145,-0.000020230,0.163225235,-0.145267279,-0.287827653,0.098742099
-1.230832213,-0.093459277,-0.000020209,0.163058299,-0.145108781,-0.287523899,0.098722138
-1.229212197,-0.093368204,-0.000020187,0.162890996,-0.144949946,-0.287219491,0.098702037
-1.227589060,-0.093276926,-0.000020165,0.162723328,-0.144790777,-0.286914428,0.098681796
-1.225962810,-0.093185444,-0.000020144,0.162555295,-0.144631272,-0.286608712,0.098661416
-1.224333453,-0.093093758,-0.000020122,0.162386897,-0.144471434,-0.286302344,0.098640897
-1.222700994,-0.093001869,-0.000020100,0.162218136,-0.144311262,-0.285995326,0.098620238
-1.221065440,-0.092909776,-0.000020078,0.162049012,-0.144150757,-0.285687659,0.098599441
-1.219426797,-0.092817481,-0.000020057,0.161879526,-0.143989920,-0.285379344,0.098578506
-1.217785071,-0.092724983,-0.000020035,0.161709678,-0.143828751,-0.285070382,0.098557432
-1.216140268,-0.092632283,-0.000020013,0.161539469,-0.143667251,-0.284760774,0.098536220
-1.214492394,-0.092539381,-0.000019991,0.161368900,-0.143505421,-0.284450522,0.098514870
-1.212841455,-0.092446278,-0.000019969,0.161197972,-0.143343261,-0.284139627,0.098493382
-1.211187457,-0.092352974,-0.000019946,0.161026685,-0.143180773,-0.283828090,0.098471756
-1.209530406,-0.092259470,-0.000019924,0.160855040,-0.143017955,-0.283515912,0.098449994
-1.207870309,-0.092165766,-0.000019902,0.160683038,-0.142854810,-0.283203095,0.098428094
-1.206207171,-0.092071861,-0.000019880,0.160510679,-0.142691338,-0.282889640,0.098406058
-1.204540998,-0.091977758,-0.000019858,0.160337963,-0.142527540,-0.282575548,0.098383885
-1.202871798,-0.091883455,-0.000019835,0.160164893,-0.142363415,-0.282260820,0.098361575
-1.201199574,-0.091788954,-0.000019813,0.159991467,-0.142198966,-0.281945457,0.098339129
-1.199524335,-0.091694254,-0.000019790,0.159817688,-0.142034191,-0.281629462,0.098316547
-1.197846085,-0.091599357,-0.000019768,0.159643556,-0.141869093,-0.281312834,0.098293829
-1.196164831,-0.091504262,-0.000019745,0.159469071,-0.141703671,-0.280995576,0.098270976
-1.194480579,-0.091408970,-0.000019723,0.159294234,-0.141537927,-0.280677688,0.098247987
-1.192793335,-0.091313481,-0.000019700,0.159119045,-0.141371861,-0.280359172,0.098224864
-1.191103105,-0.091217797,-0.000019678,0.158943507,-0.141205473,-0.280040029,0.098201605
-1.189409895,-0.091121916,-0.000019655,0.158767618,-0.141038764,-0.279720260,0.098178211
-1.187713711,-0.091025839,-0.000019632,0.158591380,-0.140871736,-0.279399866,0.098154683
-1.186014560,-0.090929567,-0.000019610,0.158414794,-0.140704388,-0.279078850,0.098131021
-1.184312447,-0.090833101,-0.000019587,0.158237860,-0.140536720,-0.278757210,0.098107224
-1.182607378,-0.090736440,-0.000019564,0.158060579,-0.140368735,-0.278434950,0.098083294
-1.180899360,-0.090639585,-0.000019541,0.157882951,-0.140200432,-0.278112071,0.098059230
-1.179188399,-0.090542536,-0.000019518,0.157704978,-0.140031812,-0.277788573,0.098035032
-1.177474500,-0.090445295,-0.000019495,0.157526659,-0.139862876,-0.277464458,0.098010701
-1.175757670,-0.090347860,-0.000019472,0.157347997,-0.139693624,-0.277139726,0.097986237
-1.174037915,-0.090250232,-0.000019449,0.157168990,-0.139524057,-0.276814380,0.097961641
-1.172315241,-0.090152413,-0.000019426,0.156989641,-0.139354176,-0.276488421,0.097936911
-1.170589653,-0.090054402,-0.000019403,0.156809949,-0.139183980,-0.276161849,0.097912050
-1.168861159,-0.089956199,-0.000019379,0.156629916,-0.139013472,-0.275834667,0.097887056
-1.167129763,-0.089857806,-0.000019356,0.156449541,-0.138842651,-0.275506874,0.097861930
-1.165395473,-0.089759221,-0.000019333,0.156268827,-0.138671518,-0.275178473,0.097836672
-1.163658295,-0.089660447,-0.000019309,0.156087773,-0.138500074,-0.274849465,0.097811283
-1.161918233,-0.089561483,-0.000019286,0.155906380,-0.138328319,-0.274519850,0.097785762
-1.160175295,-0.089462329,-0.000019263,0.155724649,-0.138156255,-0.274189631,0.097760110
-1.158429486,-0.089362986,-0.000019239,0.155542580,-0.137983881,-0.273858808,0.097734327
-1.156680813,-0.089263455,-0.000019216,0.155360175,-0.137811198,-0.273527382,0.097708414
-1.154929282,-0.089163735,-0.000019192,0.155177433,-0.137638207,-0.273195356,0.097682370
-1.153174898,-0.089063827,-0.000019169,0.154994356,-0.137464909,-0.272862729,0.097656196
-1.151417668,-0.088963732,-0.000019145,0.154810944,-0.137291304,-0.272529504,0.097629892
-1.149657598,-0.088863449,-0.000019121,0.154627198,-0.137117393,-0.272195682,0.097603457
-1.147894693,-0.088762980,-0.000019098,0.154443119,-0.136943176,-0.271861263,0.097576894
-1.146128961,-0.088662324,-0.000019074,0.154258707,-0.136768655,-0.271526249,0.097550200
-1.144360407,-0.088561482,-0.000019050,0.154073963,-0.136593829,-0.271190642,0.097523378
-1.142589037,-0.088460455,-0.000019026,0.153888888,-0.136418699,-0.270854442,0.097496426
-1.140814857,-0.088359242,-0.000019002,0.153703482,-0.136243267,-0.270517650,0.097469346
-1.139037873,-0.088257844,-0.000018978,0.153517746,-0.136067532,-0.270180269,0.097442137
-1.137258092,-0.088156262,-0.000018954,0.153331681,-0.135891495,-0.269842299,0.097414800
-1.135475519,-0.088054496,-0.000018930,0.153145287,-0.135715158,-0.269503741,0.097387334
-1.133690161,-0.087952546,-0.000018906,0.152958565,-0.135538520,-0.269164597,0.097359741
-1.131902023,-0.087850413,-0.000018882,0.152771517,-0.135361582,-0.268824867,0.097332020
-1.130111112,-0.087748096,-0.000018858,0.152584141,-0.135184345,-0.268484554,0.097304171
-1.128317434,-0.087645597,-0.000018834,0.152396440,-0.135006809,-0.268143658,0.097276195
-1.126520994,-0.087542916,-0.000018810,0.152208414,-0.134828975,-0.267802181,0.097248092
-1.124721800,-0.087440053,-0.000018785,0.152020063,-0.134650845,-0.267460124,0.097219862
-1.122919856,-0.087337009,-0.000018761,0.151831388,-0.134472417,-0.267117487,0.097191505
-1.121115169,-0.087233783,-0.000018737,0.151642391,-0.134293694,-0.266774273,0.097163022
-1.119307746,-0.087130377,-0.000018712,0.151453070,-0.134114675,-0.266430483,0.097134413
-1.117497591,-0.087026790,-0.000018688,0.151263429,-0.133935362,-0.266086117,0.097105677
-1.115684712,-0.086923024,-0.000018664,0.151073466,-0.133755754,-0.265741177,0.097076816
-1.113869114,-0.086819078,-0.000018639,0.150883183,-0.133575853,-0.265395664,0.097047829
-1.112050804,-0.086714952,-0.000018614,0.150692580,-0.133395659,-0.265049580,0.097018717
-1.110229787,-0.086610648,-0.000018590,0.150501658,-0.133215173,-0.264702925,0.096989479
-1.108406069,-0.086506166,-0.000018565,0.150310418,-0.133034395,-0.264355702,0.096960117
-1.106579658,-0.086401505,-0.000018541,0.150118860,-0.132853327,-0.264007910,0.096930629
-1.104750557,-0.086296667,-0.000018516,0.149926986,-0.132671968,-0.263659552,0.096901018
-1.102918775,-0.086191652,-0.000018491,0.149734795,-0.132490320,-0.263310629,0.096871281
-1.101084317,-0.086086459,-0.000018466,0.149542288,-0.132308382,-0.262961141,0.096841421
-1.099247188,-0.085981091,-0.000018442,0.149349467,-0.132126156,-0.262611091,0.096811437
-1.097407395,-0.085875546,-0.000018417,0.149156332,-0.131943643,-0.262260479,0.096781329
-1.095564945,-0.085769825,-0.000018392,0.148962883,-0.131760842,-0.261909306,0.096751098
-1.093719842,-0.085663929,-0.000018367,0.148769121,-0.131577755,-0.261557574,0.096720743
-1.091872094,-0.085557858,-0.000018342,0.148575047,-0.131394382,-0.261205284,0.096690265
-1.090021706,-0.085451612,-0.000018317,0.148380662,-0.131210724,-0.260852438,0.096659664
-1.088168685,-0.085345193,-0.000018292,0.148185966,-0.131026781,-0.260499036,0.096628941
-1.086313035,-0.085238599,-0.000018267,0.147990960,-0.130842555,-0.260145079,0.096598095
-1.084454765,-0.085131832,-0.000018242,0.147795645,-0.130658045,-0.259790570,0.096567127
-1.082593879,-0.085024892,-0.000018216,0.147600021,-0.130473252,-0.259435509,0.096536037
-1.080730383,-0.084917779,-0.000018191,0.147404088,-0.130288178,-0.259079897,0.096504826
-1.078864284,-0.084810494,-0.000018166,0.147207849,-0.130102822,-0.258723736,0.096473492
-1.076995589,-0.084703036,-0.000018141,0.147011303,-0.129917185,-0.258367026,0.096442037
-1.075124302,-0.084595408,-0.000018115,0.146814451,-0.129731268,-0.258009770,0.096410461
-1.073250429,-0.084487608,-0.000018090,0.146617294,-0.129545072,-0.257651968,0.096378765
-1.071373978,-0.084379637,-0.000018064,0.146419832,-0.129358597,-0.257293622,0.096346947
-1.069494954,-0.084271496,-0.000018039,0.146222067,-0.129171844,-0.256934733,0.096315009
-1.067613364,-0.084163185,-0.000018014,0.146023998,-0.128984813,-0.256575302,0.096282950
-1.065729212,-0.084054704,-0.000017988,0.145825627,-0.128797505,-0.256215329,0.096250772
-1.063842506,-0.083946054,-0.000017962,0.145626953,-0.128609921,-0.255854818,0.096218473
-1.061953251,-0.083837236,-0.000017937,0.145427979,-0.128422061,-0.255493768,0.096186055
-1.060061454,-0.083728248,-0.000017911,0.145228704,-0.128233927,-0.255132181,0.096153518
-1.058167120,-0.083619093,-0.000017886,0.145029130,-0.128045517,-0.254770059,0.096120861
-1.056270255,-0.083509770,-0.000017860,0.144829256,-0.127856835,-0.254407402,0.096088085
-1.054370867,-0.083400279,-0.000017834,0.144629084,-0.127667879,-0.254044211,0.096055190
-1.052468960,-0.083290622,-0.000017808,0.144428615,-0.127478650,-0.253680489,0.096022177
-1.050564541,-0.083180797,-0.000017782,0.144227848,-0.127289150,-0.253316236,0.095989045
-1.048657616,-0.083070807,-0.000017757,0.144026785,-0.127099378,-0.252951453,0.095955795
-1.046748191,-0.082960651,-0.000017731,0.143825427,-0.126909336,-0.252586141,0.095922428
-1.044836272,-0.082850329,-0.000017705,0.143623773,-0.126719024,-0.252220303,0.095888942
-1.042921865,-0.082739843,-0.000017679,0.143421825,-0.126528443,-0.251853939,0.095855339
-1.041004976,-0.082629191,-0.000017653,0.143219584,-0.126337593,-0.251487050,0.095821618
-1.039085612,-0.082518376,-0.000017627,0.143017049,-0.126146475,-0.251119637,0.095787780
-1.037163778,-0.082407396,-0.000017601,0.142814223,-0.125955089,-0.250751702,0.095753826
-1.035239480,-0.082296253,-0.000017575,0.142611105,-0.125763437,-0.250383247,0.095719754
-1.033312725,-0.082184947,-0.000017548,0.142407696,-0.125571519,-0.250014271,0.095685567
-1.031383519,-0.082073478,-0.000017522,0.142203997,-0.125379335,-0.249644777,0.095651263
-1.029451867,-0.081961846,-0.000017496,0.142000008,-0.125186886,-0.249274766,0.095616842
-1.027517775,-0.081850053,-0.000017470,0.141795731,-0.124994173,-0.248904239,0.095582306
-1.025581251,-0.081738097,-0.000017443,0.141591166,-0.124801197,-0.248533197,0.095547655
-1.023642300,-0.081625981,-0.000017417,0.141386313,-0.124607957,-0.248161641,0.095512888
-1.021700927,-0.081513704,-0.000017391,0.141181173,-0.124414456,-0.247789574,0.095478005
-1.019757139,-0.081401266,-0.000017364,0.140975748,-0.124220692,-0.247416994,0.095443008
-1.017810943,-0.081288668,-0.000017338,0.140770037,-0.124026668,-0.247043906,0.095407896
-1.015862344,-0.081175911,-0.000017311,0.140564042,-0.123832383,-0.246670308,0.095372669
-1.013911348,-0.081062994,-0.000017285,0.140357762,-0.123637838,-0.246296203,0.095337328
-1.011957961,-0.080949918,-0.000017258,0.140151199,-0.123443035,-0.245921592,0.095301873
-1.010002189,-0.080836683,-0.000017232,0.139944354,-0.123247972,-0.245546476,0.095266304
-1.008044040,-0.080723291,-0.000017205,0.139737226,-0.123052652,-0.245170856,0.095230621
-1.006083517,-0.080609740,-0.000017178,0.139529818,-0.122857075,-0.244794734,0.095194824
-1.004120628,-0.080496032,-0.000017152,0.139322129,-0.122661241,-0.244418110,0.095158915
-1.002155379,-0.080382167,-0.000017125,0.139114160,-0.122465151,-0.244040987,0.095122892
-1.000187776,-0.080268145,-0.000017098,0.138905912,-0.122268806,-0.243663365,0.095086756
-0.998217824,-0.080153967,-0.000017071,0.138697385,-0.122072206,-0.243285245,0.095050508
-0.996245531,-0.080039634,-0.000017045,0.138488581,-0.121875352,-0.242906629,0.095014147
-0.994270901,-0.079925144,-0.000017018,0.138279499,-0.121678245,-0.242527518,0.094977674
-0.992293942,-0.079810500,-0.000016991,0.138070141,-0.121480885,-0.242147913,0.094941089
-0.990314658,-0.079695700,-0.000016964,0.137860507,-0.121283272,-0.241767815,0.094904392
-0.988333057,-0.079580746,-0.000016937,0.137650599,-0.121085409,-0.241387226,0.094867583
-0.986349144,-0.079465639,-0.000016910,0.137440415,-0.120887294,-0.241006147,0.094830663
-0.984362925,-0.079350377,-0.000016883,0.137229959,-0.120688929,-0.240624579,0.094793632
-0.982374407,-0.079234963,-0.000016856,0.137019229,-0.120490315,-0.240242524,0.094756490
-0.980383595,-0.079119395,-0.000016829,0.136808227,-0.120291451,-0.239859981,0.094719237
-0.978390496,-0.079003675,-0.000016801,0.136596953,-0.120092339,-0.239476954,0.094681873
-0.976395116,-0.078887803,-0.000016774,0.136385408,-0.119892980,-0.239093443,0.094644400
-0.974397460,-0.078771779,-0.000016747,0.136173593,-0.119693373,-0.238709449,0.094606816
-0.972397535,-0.078655604,-0.000016720,0.135961509,-0.119493520,-0.238324974,0.094569122
-0.970395347,-0.078539278,-0.000016692,0.135749155,-0.119293422,-0.237940018,0.094531318
-0.968390902,-0.078422801,-0.000016665,0.135536534,-0.119093078,-0.237554583,0.094493405
-0.966384206,-0.078306174,-0.000016638,0.135323645,-0.118892490,-0.237168670,0.094455383
-0.964375265,-0.078189397,-0.000016610,0.135110489,-0.118691657,-0.236782281,0.094417252
-0.962364085,-0.078072471,-0.000016583,0.134897067,-0.118490582,-0.236395417,0.094379011
-0.960350672,-0.077955396,-0.000016556,0.134683379,-0.118289264,-0.236008078,0.094340662
-0.958335033,-0.077838172,-0.000016528,0.134469427,-0.118087704,-0.235620267,0.094302205
-0.956317173,-0.077720800,-0.000016501,0.134255211,-0.117885902,-0.235231984,0.094263640
-0.954297098,-0.077603280,-0.000016473,0.134040731,-0.117683860,-0.234843230,0.094224966
-0.952274815,-0.077485612,-0.000016445,0.133825989,-0.117481578,-0.234454008,0.094186185
-0.950250330,-0.077367797,-0.000016418,0.133610984,-0.117279056,-0.234064317,0.094147296
-0.948223648,-0.077249836,-0.000016390,0.133395719,-0.117076296,-0.233674160,0.094108300
-0.946194776,-0.077131728,-0.000016362,0.133180192,-0.116873297,-0.233283537,0.094069196
-0.944163720,-0.077013474,-0.000016335,0.132964406,-0.116670061,-0.232892450,0.094029986
-0.942130486,-0.076895074,-0.000016307,0.132748360,-0.116466588,-0.232500900,0.093990669
-0.940095079,-0.076776530,-0.000016279,0.132532056,-0.116262879,-0.232108889,0.093951245
-0.938057507,-0.076657840,-0.000016251,0.132315494,-0.116058934,-0.231716416,0.093911715
-0.936017775,-0.076539006,-0.000016224,0.132098675,-0.115854754,-0.231323485,0.093872079
-0.933975889,-0.076420028,-0.000016196,0.131881599,-0.115650340,-0.230930095,0.093832337
-0.931931855,-0.076300906,-0.000016168,0.131664267,-0.115445692,-0.230536249,0.093792490
-0.929885680,-0.076181640,-0.000016140,0.131446680,-0.115240811,-0.230141947,0.093752537
-0.927837369,-0.076062232,-0.000016112,0.131228839,-0.115035698,-0.229747190,0.093712479
-0.925786929,-0.075942681,-0.000016084,0.131010744,-0.114830353,-0.229351981,0.093672315
-0.923734365,-0.075822988,-0.000016056,0.130792396,-0.114624776,-0.228956320,0.093632047
-0.921679684,-0.075703153,-0.000016028,0.130573795,-0.114418970,-0.228560208,0.093591675
-0.919622891,-0.075583177,-0.000016000,0.130354943,-0.114212933,-0.228163646,0.093551198
-0.917563994,-0.075463060,-0.000015971,0.130135839,-0.114006667,-0.227766636,0.093510616
-0.915502997,-0.075342802,-0.000015943,0.129916486,-0.113800172,-0.227369180,0.093469931
-0.913439907,-0.075222404,-0.000015915,0.129696882,-0.113593449,-0.226971277,0.093429142
-0.911374730,-0.075101866,-0.000015887,0.129477030,-0.113386499,-0.226572931,0.093388249
-0.909307472,-0.074981188,-0.000015859,0.129256929,-0.113179323,-0.226174141,0.093347254
-0.907238140,-0.074860371,-0.000015830,0.129036581,-0.112971920,-0.225774908,0.093306155
-0.905166738,-0.074739416,-0.000015802,0.128815986,-0.112764292,-0.225375236,0.093264953
-0.903093274,-0.074618322,-0.000015774,0.128595145,-0.112556439,-0.224975123,0.093223648
-0.901017754,-0.074497090,-0.000015745,0.128374058,-0.112348361,-0.224574572,0.093182241
-0.898940182,-0.074375720,-0.000015717,0.128152726,-0.112140061,-0.224173584,0.093140731
-0.896860567,-0.074254213,-0.000015688,0.127931150,-0.111931537,-0.223772161,0.093099120
-0.894778912,-0.074132570,-0.000015660,0.127709330,-0.111722791,-0.223370302,0.093057407
-0.892695226,-0.074010789,-0.000015631,0.127487268,-0.111513823,-0.222968011,0.093015592
-0.890609513,-0.073888873,-0.000015603,0.127264964,-0.111304635,-0.222565287,0.092973675
-0.888521780,-0.073766821,-0.000015574,0.127042418,-0.111095226,-0.222162132,0.092931658
-0.886432033,-0.073644634,-0.000015546,0.126819631,-0.110885597,-0.221758547,0.092889539
-0.884340278,-0.073522312,-0.000015517,0.126596605,-0.110675750,-0.221354534,0.092847320
-0.882246521,-0.073399855,-0.000015488,0.126373339,-0.110465683,-0.220950094,0.092805000
-0.880150769,-0.073277264,-0.000015460,0.126149834,-0.110255399,-0.220545228,0.092762580
-0.878053026,-0.073154539,-0.000015431,0.125926092,-0.110044898,-0.220139937,0.092720059
-0.875953299,-0.073031681,-0.000015402,0.125702112,-0.109834180,-0.219734223,0.092677439
-0.873851595,-0.072908690,-0.000015373,0.125477895,-0.109623247,-0.219328086,0.092634719
-0.871747920,-0.072785566,-0.000015345,0.125253442,-0.109412098,-0.218921528,0.092591899
-0.869642279,-0.072662310,-0.000015316,0.125028755,-0.109200734,-0.218514550,0.092548980
-0.867534678,-0.072538922,-0.000015287,0.124803832,-0.108989157,-0.218107154,0.092505962
-0.865425124,-0.072415402,-0.000015258,0.124578676,-0.108777366,-0.217699341,0.092462845
-0.863313623,-0.072291752,-0.000015229,0.124353287,-0.108565362,-0.217291111,0.092419630
-0.861200180,-0.072167970,-0.000015200,0.124127665,-0.108353146,-0.216882466,0.092376316
-0.859084803,-0.072044058,-0.000015171,0.123901811,-0.108140719,-0.216473408,0.092332904
-0.856967496,-0.071920016,-0.000015142,0.123675726,-0.107928081,-0.216063938,0.092289393
-0.854848266,-0.071795845,-0.000015113,0.123449411,-0.107715232,-0.215654056,0.092245785
-0.852727120,-0.071671544,-0.000015084,0.123222866,-0.107502175,-0.215243764,0.092202080
-0.850604062,-0.071547115,-0.000015055,0.122996091,-0.107288908,-0.214833063,0.092158277
-0.848479100,-0.071422557,-0.000015026,0.122769089,-0.107075433,-0.214421956,0.092114376
-0.846352239,-0.071297871,-0.000014997,0.122541859,-0.106861750,-0.214010441,0.092070379
-0.844223486,-0.071173057,-0.000014967,0.122314401,-0.106647860,-0.213598522,0.092026285
-0.842092846,-0.071048116,-0.000014938,0.122086718,-0.106433764,-0.213186199,0.091982095
-0.839960325,-0.070923048,-0.000014909,0.121858808,-0.106219463,-0.212773473,0.091937808
-0.837825930,-0.070797853,-0.000014880,0.121630674,-0.106004956,-0.212360347,0.091893425
-0.835689667,-0.070672533,-0.000014850,0.121402316,-0.105790244,-0.211946820,0.091848946
-0.833551541,-0.070547086,-0.000014821,0.121173734,-0.105575329,-0.211532894,0.091804371
-0.831411559,-0.070421514,-0.000014792,0.120944929,-0.105360211,-0.211118570,0.091759701
-0.829269728,-0.070295817,-0.000014762,0.120715901,-0.105144890,-0.210703851,0.091714936
-0.827126052,-0.070169995,-0.000014733,0.120486653,-0.104929367,-0.210288736,0.091670076
-0.824980538,-0.070044049,-0.000014703,0.120257183,-0.104713642,-0.209873227,0.091625120
-0.822833192,-0.069917980,-0.000014674,0.120027493,-0.104497718,-0.209457325,0.091580071
-0.820684021,-0.069791786,-0.000014644,0.119797584,-0.104281593,-0.209041032,0.091534926
-0.818533029,-0.069665470,-0.000014615,0.119567456,-0.104065268,-0.208624349,0.091489688
-0.816380224,-0.069539031,-0.000014585,0.119337110,-0.103848745,-0.208207277,0.091444355
-0.814225612,-0.069412469,-0.000014556,0.119106547,-0.103632024,-0.207789817,0.091398929
-0.812069198,-0.069285785,-0.000014526,0.118875766,-0.103415105,-0.207371970,0.091353409
-0.809910988,-0.069158980,-0.000014497,0.118644770,-0.103197990,-0.206953739,0.091307796
-0.807750990,-0.069032054,-0.000014467,0.118413558,-0.102980678,-0.206535123,0.091262090
-0.805589207,-0.068905007,-0.000014437,0.118182132,-0.102763171,-0.206116124,0.091216291
-0.803425648,-0.068777839,-0.000014408,0.117950492,-0.102545469,-0.205696744,0.091170399
-0.801260318,-0.068650551,-0.000014378,0.117718638,-0.102327572,-0.205276983,0.091124414
-0.799093222,-0.068523144,-0.000014348,0.117486572,-0.102109482,-0.204856844,0.091078337
-0.796924367,-0.068395617,-0.000014318,0.117254294,-0.101891199,-0.204436326,0.091032169
-0.794753760,-0.068267971,-0.000014288,0.117021805,-0.101672723,-0.204015432,0.090985908
-0.792581405,-0.068140207,-0.000014259,0.116789105,-0.101454056,-0.203594163,0.090939555
-0.790407310,-0.068012324,-0.000014229,0.116556195,-0.101235198,-0.203172519,0.090893112
-0.788231481,-0.067884324,-0.000014199,0.116323076,-0.101016149,-0.202750502,0.090846576
-0.786053922,-0.067756207,-0.000014169,0.116089749,-0.100796910,-0.202328114,0.090799950
-0.783874641,-0.067627972,-0.000014139,0.115856214,-0.100577482,-0.201905355,0.090753233
-0.781693644,-0.067499621,-0.000014109,0.115622471,-0.100357865,-0.201482227,0.090706426
-0.779510936,-0.067371153,-0.000014079,0.115388523,-0.100138061,-0.201058731,0.090659528
-0.777326523,-0.067242569,-0.000014049,0.115154368,-0.099918069,-0.200634868,0.090612540
-0.775140413,-0.067113870,-0.000014019,0.114920009,-0.099697890,-0.200210639,0.090565462
-0.772952610,-0.066985056,-0.000013989,0.114685445,-0.099477525,-0.199786047,0.090518294
-0.770763121,-0.066856128,-0.000013959,0.114450677,-0.099256975,-0.199361091,0.090471037
-0.768571953,-0.066727084,-0.000013928,0.114215707,-0.099036241,-0.198935773,0.090423690
-0.766379110,-0.066597927,-0.000013898,0.113980534,-0.098815322,-0.198510095,0.090376254
-0.764184599,-0.066468656,-0.000013868,0.113745159,-0.098594219,-0.198084057,0.090328730
-0.761988427,-0.066339272,-0.000013838,0.113509584,-0.098372934,-0.197657661,0.090281116
-0.759790598,-0.066209776,-0.000013808,0.113273808,-0.098151467,-0.197230909,0.090233415
-0.757591120,-0.066080166,-0.000013777,0.113037833,-0.097929818,-0.196803800,0.090185624
-0.755389999,-0.065950445,-0.000013747,0.112801658,-0.097707988,-0.196376337,0.090137746
-0.753187240,-0.065820612,-0.000013717,0.112565286,-0.097485977,-0.195948521,0.090089780
-0.750982849,-0.065690668,-0.000013687,0.112328716,-0.097263787,-0.195520353,0.090041727
-0.748776834,-0.065560612,-0.000013656,0.112091949,-0.097041418,-0.195091835,0.089993586
-0.746569198,-0.065430447,-0.000013626,0.111854987,-0.096818871,-0.194662966,0.089945357
-0.744359950,-0.065300171,-0.000013595,0.111617828,-0.096596145,-0.194233750,0.089897042
-0.742149095,-0.065169785,-0.000013565,0.111380475,-0.096373243,-0.193804186,0.089848640
-0.739936638,-0.065039290,-0.000013534,0.111142928,-0.096150164,-0.193374277,0.089800152
-0.737722586,-0.064908685,-0.000013504,0.110905187,-0.095926909,-0.192944023,0.089751577
-0.735506946,-0.064777973,-0.000013473,0.110667254,-0.095703479,-0.192513426,0.089702916
-0.733289722,-0.064647151,-0.000013443,0.110429129,-0.095479875,-0.192082486,0.089654169
-0.731070922,-0.064516222,-0.000013412,0.110190812,-0.095256096,-0.191651206,0.089605336
-0.728850551,-0.064385186,-0.000013382,0.109952305,-0.095032144,-0.191219586,0.089556418
-0.726628616,-0.064254042,-0.000013351,0.109713608,-0.094808020,-0.190787628,0.089507414
-0.724405122,-0.064122792,-0.000013321,0.109474721,-0.094583723,-0.190355332,0.089458326
-0.722180075,-0.063991435,-0.000013290,0.109235646,-0.094359255,-0.189922701,0.089409152
-0.719953482,-0.063859973,-0.000013259,0.108996383,-0.094134616,-0.189489735,0.089359894
-0.717725349,-0.063728405,-0.000013229,0.108756933,-0.093909807,-0.189056435,0.089310552
-0.715495682,-0.063596731,-0.000013198,0.108517296,-0.093684829,-0.188622804,0.089261125
-0.713264486,-0.063464953,-0.000013167,0.108277474,-0.093459681,-0.188188841,0.089211614
-0.711031768,-0.063333070,-0.000013136,0.108037466,-0.093234366,-0.187754548,0.089162019
-0.708797534,-0.063201083,-0.000013106,0.107797274,-0.093008882,-0.187319927,0.089112341
-0.706561790,-0.063068993,-0.000013075,0.107556898,-0.092783232,-0.186884979,0.089062580
-0.704324542,-0.062936799,-0.000013044,0.107316339,-0.092557416,-0.186449704,0.089012735
-0.702085797,-0.062804502,-0.000013013,0.107075597,-0.092331433,-0.186014105,0.088962807
-0.699845560,-0.062672103,-0.000012982,0.106834674,-0.092105286,-0.185578182,0.088912797
-0.697603837,-0.062539602,-0.000012951,0.106593570,-0.091878974,-0.185141937,0.088862704
-0.695360634,-0.062406999,-0.000012920,0.106352285,-0.091652499,-0.184705370,0.088812528
-0.693115958,-0.062274294,-0.000012889,0.106110821,-0.091425860,-0.184268484,0.088762271
-0.690869814,-0.062141489,-0.000012858,0.105869178,-0.091199059,-0.183831279,0.088711932
-0.688622209,-0.062008582,-0.000012827,0.105627356,-0.090972096,-0.183393757,0.088661510
-0.686373149,-0.061875576,-0.000012796,0.105385357,-0.090744971,-0.182955918,0.088611008
-0.684122640,-0.061742470,-0.000012765,0.105143181,-0.090517686,-0.182517764,0.088560424
-0.681870687,-0.061609264,-0.000012734,0.104900828,-0.090290241,-0.182079297,0.088509759
-0.679617297,-0.061475959,-0.000012703,0.104658300,-0.090062637,-0.181640517,0.088459014
-0.677362477,-0.061342555,-0.000012672,0.104415598,-0.089834874,-0.181201426,0.088408188
-0.675106231,-0.061209053,-0.000012641,0.104172721,-0.089606953,-0.180762025,0.088357281
-0.672848566,-0.061075453,-0.000012610,0.103929670,-0.089378874,-0.180322315,0.088306294
-0.670589489,-0.060941756,-0.000012579,0.103686447,-0.089150639,-0.179882298,0.088255227
-0.668329005,-0.060807961,-0.000012547,0.103443052,-0.088922248,-0.179441974,0.088204081
-0.666067121,-0.060674069,-0.000012516,0.103199485,-0.088693701,-0.179001345,0.088152854
-0.663803841,-0.060540081,-0.000012485,0.102955748,-0.088464999,-0.178560412,0.088101549
-0.661539174,-0.060405997,-0.000012454,0.102711840,-0.088236143,-0.178119177,0.088050164
-0.659273124,-0.060271817,-0.000012423,0.102467763,-0.088007133,-0.177677640,0.087998701
-0.657005697,-0.060137542,-0.000012391,0.102223517,-0.087777970,-0.177235803,0.087947158
-0.654736900,-0.060003172,-0.000012360,0.101979104,-0.087548655,-0.176793667,0.087895538
-0.652466740,-0.059868708,-0.000012329,0.101734523,-0.087319188,-0.176351234,0.087843839
-0.650195221,-0.059734149,-0.000012297,0.101489775,-0.087089570,-0.175908504,0.087792061
-0.647922349,-0.059599497,-0.000012266,0.101244862,-0.086859802,-0.175465479,0.087740206
-0.645648132,-0.059464751,-0.000012234,0.100999783,-0.086629883,-0.175022159,0.087688274
-0.643372576,-0.059329912,-0.000012203,0.100754539,-0.086399816,-0.174578547,0.087636264
-0.641095685,-0.059194981,-0.000012172,0.100509132,-0.086169600,-0.174134644,0.087584176
-0.638817466,-0.059059957,-0.000012140,0.100263562,-0.085939236,-0.173690450,0.087532012
-0.636537926,-0.058924841,-0.000012109,0.100017829,-0.085708725,-0.173245967,0.087479771
-0.634257070,-0.058789634,-0.000012077,0.099771934,-0.085478068,-0.172801196,0.087427453
-0.631974905,-0.058654336,-0.000012046,0.099525878,-0.085247264,-0.172356139,0.087375059
-0.629691436,-0.058518947,-0.000012014,0.099279662,-0.085016315,-0.171910796,0.087322588
-0.627406670,-0.058383468,-0.000011982,0.099033285,-0.084785221,-0.171465170,0.087270042
-0.625120613,-0.058247899,-0.000011951,0.098786750,-0.084553983,-0.171019260,0.087217420
-0.622833270,-0.058112240,-0.000011919,0.098540057,-0.084322602,-0.170573069,0.087164723
-0.620544648,-0.057976492,-0.000011888,0.098293205,-0.084091078,-0.170126597,0.087111950
-0.618254753,-0.057840656,-0.000011856,0.098046197,-0.083859411,-0.169679846,0.087059102
-0.615963591,-0.057704730,-0.000011824,0.097799032,-0.083627603,-0.169232817,0.087006179
-0.613671168,-0.057568717,-0.000011793,0.097551712,-0.083395655,-0.168785511,0.086953182
-0.611377491,-0.057432616,-0.000011761,0.097304237,-0.083163566,-0.168337930,0.086900110
-0.609082564,-0.057296428,-0.000011729,0.097056607,-0.082931337,-0.167890075,0.086846963
-0.606786395,-0.057160153,-0.000011697,0.096808824,-0.082698969,-0.167441946,0.086793743
-0.604488989,-0.057023791,-0.000011666,0.096560888,-0.082466463,-0.166993546,0.086740449
-0.602190353,-0.056887344,-0.000011634,0.096312799,-0.082233819,-0.166544875,0.086687081
-0.599890492,-0.056750810,-0.000011602,0.096064560,-0.082001038,-0.166095935,0.086633640
-0.597589412,-0.056614191,-0.000011570,0.095816169,-0.081768121,-0.165646727,0.086580126
-0.595287121,-0.056477487,-0.000011538,0.095567628,-0.081535068,-0.165197252,0.086526538
-0.592983623,-0.056340699,-0.000011507,0.095318938,-0.081301879,-0.164747511,0.086472878
-0.590678925,-0.056203826,-0.000011475,0.095070099,-0.081068556,-0.164297506,0.086419146
-0.588373032,-0.056066869,-0.000011443,0.094821112,-0.080835100,-0.163847238,0.086365341
-0.586065952,-0.055929829,-0.000011411,0.094571977,-0.080601509,-0.163396708,0.086311464
-0.583757690,-0.055792706,-0.000011379,0.094322696,-0.080367787,-0.162945917,0.086257515
-0.581448252,-0.055655500,-0.000011347,0.094073268,-0.080133932,-0.162494867,0.086203494
-0.579137643,-0.055518212,-0.000011315,0.093823695,-0.079899946,-0.162043558,0.086149402
-0.576825872,-0.055380841,-0.000011283,0.093573978,-0.079665829,-0.161591993,0.086095238
-0.574512942,-0.055243390,-0.000011251,0.093324117,-0.079431582,-0.161140172,0.086041003
-0.572198861,-0.055105857,-0.000011219,0.093074112,-0.079197205,-0.160688096,0.085986698
-0.569883635,-0.054968243,-0.000011187,0.092823965,-0.078962700,-0.160235767,0.085932322
-0.567567269,-0.054830549,-0.000011155,0.092573675,-0.078728066,-0.159783186,0.085877875
-0.565249769,-0.054692774,-0.000011123,0.092323245,-0.078493305,-0.159330354,0.085823359
-0.562931142,-0.054554920,-0.000011091,0.092072674,-0.078258417,-0.158877272,0.085768772
-0.560611394,-0.054416987,-0.000011059,0.091821963,-0.078023403,-0.158423943,0.085714115
-0.558290531,-0.054278975,-0.000011027,0.091571113,-0.077788263,-0.157970366,0.085659389
-0.555968559,-0.054140885,-0.000010994,0.091320124,-0.077552997,-0.157516543,0.085604594
-0.553645484,-0.054002716,-0.000010962,0.091068998,-0.077317608,-0.157062475,0.085549729
-0.551321312,-0.053864469,-0.000010930,0.090817735,-0.077082095,-0.156608164,0.085494795
-0.548996048,-0.053726145,-0.000010898,0.090566335,-0.076846459,-0.156153611,0.085439793
-0.546669701,-0.053587744,-0.000010866,0.090314799,-0.076610700,-0.155698817,0.085384722
-0.544342274,-0.053449267,-0.000010834,0.090063128,-0.076374819,-0.155243783,0.085329583
-0.542013775,-0.053310713,-0.000010801,0.089811323,-0.076138817,-0.154788511,0.085274375
-0.539684209,-0.053172084,-0.000010769,0.089559384,-0.075902695,-0.154333002,0.085219100
-0.537353583,-0.053033379,-0.000010737,0.089307313,-0.075666453,-0.153877256,0.085163757
-0.535021902,-0.052894598,-0.000010704,0.089055108,-0.075430091,-0.153421276,0.085108347
-0.532689173,-0.052755744,-0.000010672,0.088802773,-0.075193611,-0.152965062,0.085052869
-0.530355402,-0.052616814,-0.000010640,0.088550306,-0.074957013,-0.152508616,0.084997325
-0.528020594,-0.052477811,-0.000010607,0.088297709,-0.074720297,-0.152051939,0.084941713
-0.525684757,-0.052338734,-0.000010575,0.088044983,-0.074483464,-0.151595032,0.084886035
-0.523347895,-0.052199585,-0.000010543,0.087792127,-0.074246516,-0.151137896,0.084830291
-0.521010015,-0.052060362,-0.000010510,0.087539144,-0.074009452,-0.150680533,0.084774480
-0.518671124,-0.051921067,-0.000010478,0.087286032,-0.073772273,-0.150222944,0.084718603
-0.516331226,-0.051781700,-0.000010445,0.087032794,-0.073534980,-0.149765129,0.084662661
-0.513990329,-0.051642261,-0.000010413,0.086779430,-0.073297573,-0.149307092,0.084606653
-0.511648438,-0.051502751,-0.000010381,0.086525941,-0.073060053,-0.148848831,0.084550580
-0.509305560,-0.051363170,-0.000010348,0.086272326,-0.072822421,-0.148390350,0.084494441
-0.506961700,-0.051223518,-0.000010316,0.086018588,-0.072584677,-0.147931648,0.084438238
-0.504616864,-0.051083797,-0.000010283,0.085764726,-0.072346823,-0.147472728,0.084381970
-0.502271059,-0.050944005,-0.000010251,0.085510742,-0.072108858,-0.147013590,0.084325637
-0.499924291,-0.050804145,-0.000010218,0.085256635,-0.071870783,-0.146554236,0.084269241
-0.497576566,-0.050664215,-0.000010186,0.085002407,-0.071632599,-0.146094667,0.084212780
-0.495227889,-0.050524216,-0.000010153,0.084748059,-0.071394306,-0.145634884,0.084156255
-0.492878268,-0.050384150,-0.000010120,0.084493590,-0.071155906,-0.145174889,0.084099667
-0.490527707,-0.050244016,-0.000010088,0.084239003,-0.070917398,-0.144714682,0.084043015
-0.488176213,-0.050103814,-0.000010055,0.083984296,-0.070678784,-0.144254265,0.083986300
-0.485823793,-0.049963545,-0.000010023,0.083729472,-0.070440064,-0.143793639,0.083929522
-0.483470452,-0.049823209,-0.000009990,0.083474530,-0.070201238,-0.143332806,0.083872681
-0.481116196,-0.049682807,-0.000009957,0.083219472,-0.069962308,-0.142871766,0.083815777
-0.478761031,-0.049542339,-0.000009925,0.082964299,-0.069723274,-0.142410521,0.083758812
-0.476404964,-0.049401806,-0.000009892,0.082709009,-0.069484137,-0.141949072,0.083701784
-0.474048000,-0.049261207,-0.000009859,0.082453606,-0.069244896,-0.141487421,0.083644694
-0.471690146,-0.049120544,-0.000009827,0.082198089,-0.069005554,-0.141025567,0.083587542
-0.469331407,-0.048979816,-0.000009794,0.081942458,-0.068766110,-0.140563514,0.083530329
-0.466971791,-0.048839024,-0.000009761,0.081686715,-0.068526565,-0.140101262,0.083473055
-0.464611302,-0.048698168,-0.000009728,0.081430861,-0.068286920,-0.139638812,0.083415719
-0.462249947,-0.048557249,-0.000009696,0.081174895,-0.068047175,-0.139176165,0.083358323
-0.459887731,-0.048416268,-0.000009663,0.080918819,-0.067807331,-0.138713323,0.083300866
-0.457524662,-0.048275224,-0.000009630,0.080662634,-0.067567389,-0.138250287,0.083243348
-0.455160745,-0.048134117,-0.000009597,0.080406339,-0.067327349,-0.137787058,0.083185770
-0.452795986,-0.047992949,-0.000009564,0.080149936,-0.067087213,-0.137323637,0.083128132
-0.450430392,-0.047851720,-0.000009532,0.079893426,-0.066846980,-0.136860026,0.083070435
-0.448063967,-0.047710429,-0.000009499,0.079636808,-0.066606651,-0.136396226,0.083012677
-0.445696719,-0.047569078,-0.000009466,0.079380085,-0.066366226,-0.135932238,0.082954861
-0.443328654,-0.047427667,-0.000009433,0.079123255,-0.066125708,-0.135468064,0.082896985
-0.440959777,-0.047286196,-0.000009400,0.078866321,-0.065885095,-0.135003704,0.082839050
-0.438590095,-0.047144665,-0.000009367,0.078609283,-0.065644390,-0.134539159,0.082781057
-0.436219613,-0.047003076,-0.000009334,0.078352141,-0.065403591,-0.134074432,0.082723004
-0.433848338,-0.046861427,-0.000009301,0.078094896,-0.065162701,-0.133609523,0.082664894
-0.431476276,-0.046719721,-0.000009268,0.077837550,-0.064921719,-0.133144434,0.082606725
-0.429103433,-0.046577956,-0.000009235,0.077580102,-0.064680647,-0.132679165,0.082548499
-0.426729814,-0.046436134,-0.000009203,0.077322553,-0.064439484,-0.132213718,0.082490215
-0.424355427,-0.046294255,-0.000009170,0.077064904,-0.064198233,-0.131748094,0.082431873
-0.421980277,-0.046152319,-0.000009137,0.076807155,-0.063956892,-0.131282295,0.082373474
-0.419604371,-0.046010326,-0.000009104,0.076549308,-0.063715463,-0.130816322,0.082315018
-0.417227713,-0.045868278,-0.000009071,0.076291363,-0.063473947,-0.130350175,0.082256505
-0.414850311,-0.045726174,-0.000009038,0.076033321,-0.063232344,-0.129883857,0.082197935
-0.412472170,-0.045584014,-0.000009004,0.075775182,-0.062990654,-0.129417368,0.082139310
-0.410093297,-0.045441800,-0.000008971,0.075516947,-0.062748879,-0.128950709,0.082080627
-0.407713697,-0.045299531,-0.000008938,0.075258617,-0.062507019,-0.128483882,0.082021889
-0.405333377,-0.045157208,-0.000008905,0.075000192,-0.062265075,-0.128016889,0.081963095
-0.402952343,-0.045014832,-0.000008872,0.074741673,-0.062023046,-0.127549729,0.081904246
-0.400570600,-0.044872402,-0.000008839,0.074483061,-0.061780935,-0.127082406,0.081845341
-0.398188155,-0.044729919,-0.000008806,0.074224357,-0.061538742,-0.126614919,0.081786381
-0.395805015,-0.044587383,-0.000008773,0.073965561,-0.061296466,-0.126147269,0.081727366
-0.393421184,-0.044444795,-0.000008740,0.073706673,-0.061054110,-0.125679460,0.081668296
-0.391036669,-0.044302156,-0.000008707,0.073447696,-0.060811672,-0.125211490,0.081609172
-0.388651477,-0.044159464,-0.000008674,0.073188628,-0.060569155,-0.124743363,0.081549993
-0.386265613,-0.044016722,-0.000008640,0.072929471,-0.060326559,-0.124275078,0.081490761
-0.383879083,-0.043873929,-0.000008607,0.072670226,-0.060083884,-0.123806637,0.081431474
-0.381491893,-0.043731086,-0.000008574,0.072410893,-0.059841131,-0.123338042,0.081372134
-0.379104050,-0.043588193,-0.000008541,0.072151474,-0.059598301,-0.122869294,0.081312740
-0.376715559,-0.043445251,-0.000008508,0.071891967,-0.059355394,-0.122400393,0.081253293
-0.374326427,-0.043302259,-0.000008474,0.071632376,-0.059112411,-0.121931342,0.081193794
-0.371936660,-0.043159218,-0.000008441,0.071372699,-0.058869353,-0.121462140,0.081134241
-0.369546264,-0.043016129,-0.000008408,0.071112938,-0.058626219,-0.120992791,0.081074636
-0.367155244,-0.042872992,-0.000008375,0.070853093,-0.058383012,-0.120523294,0.081014978
-0.364763607,-0.042729808,-0.000008341,0.070593165,-0.058139731,-0.120053651,0.080955268
-0.362371359,-0.042586576,-0.000008308,0.070333156,-0.057896377,-0.119583864,0.080895506
-0.359978507,-0.042443297,-0.000008275,0.070073064,-0.057652951,-0.119113933,0.080835692
-0.357585055,-0.042299972,-0.000008242,0.069812892,-0.057409453,-0.118643859,0.080775827
-0.355191010,-0.042156601,-0.000008208,0.069552640,-0.057165884,-0.118173645,0.080715911
-0.352796379,-0.042013183,-0.000008175,0.069292308,-0.056922245,-0.117703291,0.080655943
-0.350401167,-0.041869721,-0.000008142,0.069031897,-0.056678536,-0.117232798,0.080595925
-0.348005381,-0.041726214,-0.000008108,0.068771409,-0.056434758,-0.116762168,0.080535855
-0.345609026,-0.041582662,-0.000008075,0.068510843,-0.056190912,-0.116291402,0.080475736
-0.343212109,-0.041439065,-0.000008042,0.068250200,-0.055946997,-0.115820501,0.080415566
-0.340814635,-0.041295425,-0.000008008,0.067989481,-0.055703016,-0.115349466,0.080355346
-0.338416611,-0.041151742,-0.000007975,0.067728687,-0.055458968,-0.114878299,0.080295076
-0.336018043,-0.041008015,-0.000007942,0.067467818,-0.055214854,-0.114407001,0.080234756
-0.333618936,-0.040864246,-0.000007908,0.067206875,-0.054970675,-0.113935573,0.080174387
-0.331219298,-0.040720435,-0.000007875,0.066945858,-0.054726431,-0.113464016,0.080113969
-0.328819133,-0.040576581,-0.000007841,0.066684770,-0.054482123,-0.112992332,0.080053502
-0.326418449,-0.040432686,-0.000007808,0.066423609,-0.054237752,-0.112520522,0.079992986
-0.324017251,-0.040288750,-0.000007775,0.066162377,-0.053993318,-0.112048586,0.079932422
-0.321615545,-0.040144773,-0.000007741,0.065901074,-0.053748822,-0.111576527,0.079871809
-0.319213337,-0.040000756,-0.000007708,0.065639702,-0.053504265,-0.111104345,0.079811148
-0.316810634,-0.039856699,-0.000007674,0.065378260,-0.053259646,-0.110632042,0.079750439
-0.314407441,-0.039712602,-0.000007641,0.065116750,-0.053014968,-0.110159619,0.079689682
-0.312003765,-0.039568465,-0.000007607,0.064855172,-0.052770230,-0.109687077,0.079628878
-0.309599611,-0.039424290,-0.000007574,0.064593527,-0.052525433,-0.109214418,0.079568026
-0.307194986,-0.039280077,-0.000007540,0.064331815,-0.052280578,-0.108741642,0.079507128
-0.304789896,-0.039135825,-0.000007507,0.064070038,-0.052035665,-0.108268751,0.079446182
-0.302384347,-0.038991536,-0.000007473,0.063808196,-0.051790695,-0.107795746,0.079385190
-0.299978344,-0.038847209,-0.000007440,0.063546289,-0.051545668,-0.107322628,0.079324152
-0.297571895,-0.038702845,-0.000007406,0.063284319,-0.051300586,-0.106849399,0.079263067
-0.295165004,-0.038558445,-0.000007373,0.063022285,-0.051055449,-0.106376060,0.079201936
-0.292757679,-0.038414009,-0.000007339,0.062760190,-0.050810258,-0.105902612,0.079140759
-0.290349925,-0.038269536,-0.000007306,0.062498032,-0.050565012,-0.105429056,0.079079537
-0.287941748,-0.038125029,-0.000007272,0.062235814,-0.050319713,-0.104955394,0.079018270
-0.285533154,-0.037980486,-0.000007239,0.061973535,-0.050074362,-0.104481626,0.078956957
-0.283124150,-0.037835908,-0.000007205,0.061711197,-0.049828959,-0.104007755,0.078895599
-0.280714741,-0.037691297,-0.000007172,0.061448800,-0.049583505,-0.103533780,0.078834196
-0.278304934,-0.037546651,-0.000007138,0.061186345,-0.049338000,-0.103059704,0.078772749
-0.275894735,-0.037401972,-0.000007105,0.060923832,-0.049092444,-0.102585528,0.078711258
-0.273484149,-0.037257259,-0.000007071,0.060661263,-0.048846840,-0.102111253,0.078649723
-0.271073183,-0.037112514,-0.000007037,0.060398637,-0.048601187,-0.101636879,0.078588143
-0.268661843,-0.036967737,-0.000007004,0.060135956,-0.048355485,-0.101162410,0.078526520
-0.266250134,-0.036822927,-0.000006970,0.059873220,-0.048109736,-0.100687844,0.078464853
-0.263838064,-0.036678086,-0.000006937,0.059610430,-0.047863941,-0.100213185,0.078403144
-0.261425638,-0.036533214,-0.000006903,0.059347586,-0.047618099,-0.099738433,0.078341391
-0.259012862,-0.036388310,-0.000006869,0.059084690,-0.047372211,-0.099263589,0.078279595
-0.256599742,-0.036243377,-0.000006836,0.058821742,-0.047126279,-0.098788654,0.078217757
-0.254186285,-0.036098413,-0.000006802,0.058558742,-0.046880302,-0.098313630,0.078155876
-0.251772496,-0.035953419,-0.000006768,0.058295692,-0.046634282,-0.097838519,0.078093953
-0.249358381,-0.035808396,-0.000006735,0.058032592,-0.046388218,-0.097363320,0.078031988
-0.246943947,-0.035663345,-0.000006701,0.057769442,-0.046142113,-0.096888036,0.077969981
-0.244529200,-0.035518264,-0.000006667,0.057506244,-0.045895965,-0.096412668,0.077907933
-0.242114145,-0.035373156,-0.000006634,0.057242998,-0.045649776,-0.095937217,0.077845843
-0.239698789,-0.035228019,-0.000006600,0.056979705,-0.045403547,-0.095461684,0.077783712
-0.237283138,-0.035082855,-0.000006566,0.056716365,-0.045157278,-0.094986070,0.077721540
-0.234867197,-0.034937664,-0.000006533,0.056452980,-0.044910970,-0.094510377,0.077659328
-0.232450974,-0.034792447,-0.000006499,0.056189549,-0.044664623,-0.094034606,0.077597075
-0.230034473,-0.034647203,-0.000006465,0.055926074,-0.044418238,-0.093558758,0.077534782
-0.227617702,-0.034501933,-0.000006432,0.055662555,-0.044171816,-0.093082834,0.077472448
-0.225200666,-0.034356638,-0.000006398,0.055398993,-0.043925357,-0.092606836,0.077410075
-0.222783371,-0.034211318,-0.000006364,0.055135388,-0.043678863,-0.092130765,0.077347662
-0.220365824,-0.034065972,-0.000006331,0.054871742,-0.043432332,-0.091654622,0.077285210
-0.217948030,-0.033920603,-0.000006297,0.054608055,-0.043185767,-0.091178408,0.077222718
-0.215529995,-0.033775209,-0.000006263,0.054344327,-0.042939168,-0.090702124,0.077160188
-0.213111726,-0.033629792,-0.000006229,0.054080560,-0.042692536,-0.090225773,0.077097618
-0.210693229,-0.033484352,-0.000006196,0.053816753,-0.042445870,-0.089749354,0.077035010
-0.208274509,-0.033338888,-0.000006162,0.053552909,-0.042199173,-0.089272869,0.076972364
-0.205855573,-0.033193403,-0.000006128,0.053289026,-0.041952443,-0.088796320,0.076909679
-0.203436427,-0.033047895,-0.000006095,0.053025107,-0.041705683,-0.088319708,0.076846957
-0.201017077,-0.032902365,-0.000006061,0.052761152,-0.041458892,-0.087843034,0.076784197
-0.198597529,-0.032756814,-0.000006027,0.052497161,-0.041212072,-0.087366298,0.076721399
-0.196177789,-0.032611242,-0.000005993,0.052233135,-0.040965223,-0.086889503,0.076658564
-0.193757863,-0.032465650,-0.000005959,0.051969075,-0.040718345,-0.086412650,0.076595691
-0.191337758,-0.032320037,-0.000005926,0.051704981,-0.040471440,-0.085935740,0.076532782
-0.188917478,-0.032174405,-0.000005892,0.051440855,-0.040224507,-0.085458773,0.076469836
-0.186497031,-0.032028753,-0.000005858,0.051176696,-0.039977548,-0.084981752,0.076406854
-0.184076423,-0.031883082,-0.000005824,0.050912506,-0.039730563,-0.084504678,0.076343836
-0.181655659,-0.031737393,-0.000005791,0.050648286,-0.039483553,-0.084027551,0.076280781
-0.179234745,-0.031591685,-0.000005757,0.050384035,-0.039236518,-0.083550374,0.076217690
-0.176813689,-0.031445959,-0.000005723,0.050119755,-0.038989459,-0.083073146,0.076154564
-0.174392495,-0.031300216,-0.000005689,0.049855446,-0.038742377,-0.082595870,0.076091403
-0.171971170,-0.031154456,-0.000005655,0.049591109,-0.038495272,-0.082118547,0.076028206
-0.169549719,-0.031008678,-0.000005622,0.049326745,-0.038248146,-0.081641178,0.075964975
-0.167128150,-0.030862885,-0.000005588,0.049062354,-0.038000997,-0.081163764,0.075901708
-0.164706468,-0.030717075,-0.000005554,0.048797937,-0.037753828,-0.080686306,0.075838407
-0.162284678,-0.030571250,-0.000005520,0.048533495,-0.037506639,-0.080208806,0.075775072
-0.159862788,-0.030425410,-0.000005486,0.048269028,-0.037259430,-0.079731265,0.075711702
-0.157440804,-0.030279555,-0.000005453,0.048004538,-0.037012203,-0.079253684,0.075648299
-0.155018730,-0.030133685,-0.000005419,0.047740024,-0.036764957,-0.078776065,0.075584862
-0.152596574,-0.029987801,-0.000005385,0.047475488,-0.036517693,-0.078298408,0.075521391
-0.150174342,-0.029841904,-0.000005351,0.047210930,-0.036270413,-0.077820715,0.075457887
-0.147752039,-0.029695993,-0.000005317,0.046946351,-0.036023116,-0.077342986,0.075394350
-0.145329672,-0.029550069,-0.000005284,0.046681751,-0.035775804,-0.076865225,0.075330780
-0.142907246,-0.029404133,-0.000005250,0.046417132,-0.035528476,-0.076387430,0.075267178
-0.140484768,-0.029258185,-0.000005216,0.046152493,-0.035281134,-0.075909605,0.075203543
-0.138062244,-0.029112224,-0.000005182,0.045887836,-0.035033779,-0.075431749,0.075139875
-0.135639680,-0.028966253,-0.000005148,0.045623161,-0.034786410,-0.074953865,0.075076176
-0.133217082,-0.028820270,-0.000005114,0.045358470,-0.034539028,-0.074475953,0.075012445
-0.130794456,-0.028674277,-0.000005081,0.045093762,-0.034291635,-0.073998015,0.074948682
-0.128371808,-0.028528273,-0.000005047,0.044829038,-0.034044230,-0.073520052,0.074884888
-0.125949144,-0.028382259,-0.000005013,0.044564299,-0.033796815,-0.073042065,0.074821063
-0.123526471,-0.028236236,-0.000004979,0.044299546,-0.033549390,-0.072564055,0.074757207
-0.121103794,-0.028090204,-0.000004945,0.044034780,-0.033301956,-0.072086024,0.074693320
-0.118681120,-0.027944163,-0.000004911,0.043770000,-0.033054512,-0.071607973,0.074629403
-0.116258453,-0.027798114,-0.000004878,0.043505209,-0.032807061,-0.071129902,0.074565455
-0.113835802,-0.027652057,-0.000004844,0.043240405,-0.032559602,-0.070651815,0.074501477
-0.111413171,-0.027505992,-0.000004810,0.042975591,-0.032312137,-0.070173710,0.074437470
-0.108990567,-0.027359920,-0.000004776,0.042710767,-0.032064665,-0.069695591,0.074373432
-0.106567996,-0.027213841,-0.000004742,0.042445933,-0.031817188,-0.069217458,0.074309365
-0.104145464,-0.027067755,-0.000004708,0.042181091,-0.031569706,-0.068739312,0.074245269
-0.101722976,-0.026921664,-0.000004674,0.041916240,-0.031322220,-0.068261154,0.074181144
-0.099300540,-0.026775567,-0.000004641,0.041651382,-0.031074730,-0.067782986,0.074116990
-0.096878161,-0.026629464,-0.000004607,0.041386517,-0.030827237,-0.067304809,0.074052807
-0.094455845,-0.026483357,-0.000004573,0.041121646,-0.030579741,-0.066826624,0.073988596
-0.092033598,-0.026337245,-0.000004539,0.040856770,-0.030332244,-0.066348433,0.073924357
-0.089611426,-0.026191128,-0.000004505,0.040591889,-0.030084746,-0.065870236,0.073860090
-0.087189336,-0.026045008,-0.000004471,0.040327004,-0.029837248,-0.065392036,0.073795795
-0.084767334,-0.025898885,-0.000004437,0.040062116,-0.029589749,-0.064913832,0.073731472
-0.082345425,-0.025752759,-0.000004404,0.039797225,-0.029342252,-0.064435627,0.073667122
-0.079923615,-0.025606630,-0.000004370,0.039532333,-0.029094756,-0.063957421,0.073602745
-0.077501912,-0.025460498,-0.000004336,0.039267439,-0.028847262,-0.063479216,0.073538341
-0.075080320,-0.025314365,-0.000004302,0.039002544,-0.028599770,-0.063001013,0.073473911
-0.072658846,-0.025168230,-0.000004268,0.038737650,-0.028352282,-0.062522814,0.073409453
-0.070237495,-0.025022094,-0.000004234,0.038472756,-0.028104799,-0.062044619,0.073344970
-0.067816275,-0.024875958,-0.000004200,0.038207864,-0.027857319,-0.061566430,0.073280460
-0.065395191,-0.024729821,-0.000004167,0.037942974,-0.027609845,-0.061088248,0.073215925
-0.062974249,-0.024583684,-0.000004133,0.037678087,-0.027362377,-0.060610074,0.073151364
-0.060553455,-0.024437547,-0.000004099,0.037413204,-0.027114916,-0.060131909,0.073086777
-0.058132816,-0.024291412,-0.000004065,0.037148324,-0.026867461,-0.059653755,0.073022166
-0.055712337,-0.024145277,-0.000004031,0.036883450,-0.026620015,-0.059175614,0.072957529
-0.053292024,-0.023999144,-0.000003997,0.036618581,-0.026372577,-0.058697485,0.072892868
-0.050871884,-0.023853013,-0.000003964,0.036353719,-0.026125148,-0.058219371,0.072828181
-0.048451923,-0.023706884,-0.000003930,0.036088863,-0.025877729,-0.057741272,0.072763471
-0.046032146,-0.023560758,-0.000003896,0.035824016,-0.025630320,-0.057263190,0.072698736
-0.043612560,-0.023414635,-0.000003862,0.035559176,-0.025382922,-0.056785127,0.072633978
-0.041193170,-0.023268515,-0.000003828,0.035294346,-0.025135536,-0.056307082,0.072569195
-0.038773984,-0.023122399,-0.000003794,0.035029525,-0.024888162,-0.055829058,0.072504389
-0.036355006,-0.022976288,-0.000003760,0.034764715,-0.024640801,-0.055351056,0.072439560
-0.033936244,-0.022830181,-0.000003727,0.034499916,-0.024393453,-0.054873078,0.072374708
-0.031517702,-0.022684079,-0.000003693,0.034235129,-0.024146120,-0.054395123,0.072309833
-0.029099388,-0.022537982,-0.000003659,0.033970354,-0.023898801,-0.053917194,0.072244935
-0.026681307,-0.022391891,-0.000003625,0.033705592,-0.023651498,-0.053439291,0.072180015
-0.024263466,-0.022245807,-0.000003591,0.033440845,-0.023404211,-0.052961417,0.072115072
-0.021845869,-0.022099728,-0.000003558,0.033176111,-0.023156940,-0.052483572,0.072050108
-0.019428525,-0.021953657,-0.000003524,0.032911393,-0.022909687,-0.052005757,0.071985121
-0.017011437,-0.021807593,-0.000003490,0.032646691,-0.022662452,-0.051527974,0.071920113
-0.014594614,-0.021661536,-0.000003456,0.032382006,-0.022415236,-0.051050223,0.071855084
-0.012178060,-0.021515488,-0.000003422,0.032117337,-0.022168039,-0.050572507,0.071790033
-0.009761782,-0.021369448,-0.000003388,0.031852687,-0.021920862,-0.050094827,0.071724961
-0.007345785,-0.021223417,-0.000003355,0.031588055,-0.021673705,-0.049617182,0.071659869
-0.004930077,-0.021077395,-0.000003321,0.031323443,-0.021426570,-0.049139576,0.071594756
-0.002514663,-0.020931382,-0.000003287,0.031058851,-0.021179456,-0.048662009,0.071529623
-0.000099548,-0.020785379,-0.000003253,0.030794279,-0.020932365,-0.048184482,0.071464469
0.002315260,-0.020639387,-0.000003219,0.030529729,-0.020685296,-0.047706997,0.071399296
0.004729756,-0.020493406,-0.000003186,0.030265201,-0.020438252,-0.047229554,0.071334103
0.007143933,-0.020347435,-0.000003152,0.030000696,-0.020191232,-0.046752156,0.071268890
0.009557787,-0.020201476,-0.000003118,0.029736214,-0.019944236,-0.046274802,0.071203658
0.011971310,-0.020055529,-0.000003084,0.029471756,-0.019697267,-0.045797495,0.071138407
0.014384496,-0.019909594,-0.000003050,0.029207323,-0.019450323,-0.045320236,0.071073138
0.016797340,-0.019763671,-0.000003017,0.028942916,-0.019203407,-0.044843026,0.071007849
0.019209835,-0.019617762,-0.000002983,0.028678535,-0.018956518,-0.044365866,0.070942542
0.021621975,-0.019471866,-0.000002949,0.028414181,-0.018709657,-0.043888757,0.070877217
0.024033755,-0.019325984,-0.000002915,0.028149854,-0.018462825,-0.043411701,0.070811874
0.026445168,-0.019180115,-0.000002882,0.027885556,-0.018216023,-0.042934699,0.070746513
0.028856207,-0.019034262,-0.000002848,0.027621286,-0.017969250,-0.042457752,0.070681135
0.031266868,-0.018888423,-0.000002814,0.027357046,-0.017722509,-0.041980862,0.070615739
0.033677144,-0.018742600,-0.000002780,0.027092837,-0.017475798,-0.041504028,0.070550326
0.036087028,-0.018596792,-0.000002747,0.026828658,-0.017229120,-0.041027254,0.070484896
0.038496515,-0.018451000,-0.000002713,0.026564511,-0.016982474,-0.040550540,0.070419450
0.040905599,-0.018305224,-0.000002679,0.026300397,-0.016735861,-0.040073887,0.070353986
0.043314274,-0.018159466,-0.000002645,0.026036316,-0.016489282,-0.039597297,0.070288507
0.045722533,-0.018013724,-0.000002612,0.025772268,-0.016242738,-0.039120770,0.070223011
0.048130370,-0.017868001,-0.000002578,0.025508255,-0.015996229,-0.038644308,0.070157500
0.050537780,-0.017722295,-0.000002544,0.025244277,-0.015749756,-0.038167913,0.070091973
0.052944756,-0.017576607,-0.000002510,0.024980335,-0.015503319,-0.037691585,0.070026430
0.055351293,-0.017430938,-0.000002477,0.024716429,-0.015256919,-0.037215325,0.069960872
0.057757383,-0.017285288,-0.000002443,0.024452560,-0.015010557,-0.036739136,0.069895299
0.060163022,-0.017139658,-0.000002409,0.024188730,-0.014764233,-0.036263017,0.069829712
0.062568203,-0.016994047,-0.000002376,0.023924937,-0.014517948,-0.035786971,0.069764109
0.064972919,-0.016848457,-0.000002342,0.023661184,-0.014271703,-0.035310999,0.069698493
0.067377166,-0.016702887,-0.000002308,0.023397472,-0.014025498,-0.034835102,0.069632862
0.069780936,-0.016557339,-0.000002275,0.023133799,-0.013779334,-0.034359280,0.069567217
0.072184224,-0.016411811,-0.000002241,0.022870168,-0.013533211,-0.033883536,0.069501558
0.074587024,-0.016266306,-0.000002207,0.022606579,-0.013287130,-0.033407870,0.069435886
0.076989329,-0.016120822,-0.000002174,0.022343033,-0.013041093,-0.032932285,0.069370200
0.079391134,-0.015975361,-0.000002140,0.022079530,-0.012795098,-0.032456780,0.069304502
0.081792432,-0.015829923,-0.000002106,0.021816071,-0.012549148,-0.031981357,0.069238790
0.084193217,-0.015684508,-0.000002073,0.021552656,-0.012303242,-0.031506018,0.069173066
0.086593484,-0.015539117,-0.000002039,0.021289287,-0.012057382,-0.031030764,0.069107329
0.088993226,-0.015393750,-0.000002005,0.021025965,-0.011811568,-0.030555596,0.069041580
0.091392437,-0.015248408,-0.000001972,0.020762689,-0.011565800,-0.030080515,0.068975819
0.093791111,-0.015103090,-0.000001938,0.020499460,-0.011320079,-0.029605522,0.068910046
0.096189242,-0.014957797,-0.000001904,0.020236280,-0.011074407,-0.029130619,0.068844261
0.098586824,-0.014812530,-0.000001871,0.019973148,-0.010828783,-0.028655806,0.068778465
0.100983851,-0.014667289,-0.000001837,0.019710066,-0.010583208,-0.028181086,0.068712658
0.103380316,-0.014522074,-0.000001804,0.019447035,-0.010337682,-0.027706459,0.068646840
0.105776215,-0.014376886,-0.000001770,0.019184054,-0.010092207,-0.027231927,0.068581011
0.108171540,-0.014231725,-0.000001736,0.018921125,-0.009846784,-0.026757491,0.068515171
0.110566285,-0.014086591,-0.000001703,0.018658248,-0.009601411,-0.026283152,0.068449321
0.112960445,-0.013941486,-0.000001669,0.018395424,-0.009356092,-0.025808911,0.068383461
0.115354013,-0.013796408,-0.000001636,0.018132654,-0.009110825,-0.025334769,0.068317591
0.117746984,-0.013651359,-0.000001602,0.017869938,-0.008865611,-0.024860728,0.068251711
0.120139350,-0.013506340,-0.000001569,0.017607277,-0.008620452,-0.024386790,0.068185822
0.122531107,-0.013361349,-0.000001535,0.017344671,-0.008375348,-0.023912954,0.068119923
0.124922248,-0.013216388,-0.000001502,0.017082122,-0.008130299,-0.023439223,0.068054015
0.127312768,-0.013071458,-0.000001468,0.016819631,-0.007885306,-0.022965597,0.067988098
0.129702659,-0.012926558,-0.000001435,0.016557197,-0.007640371,-0.022492079,0.067922173
0.132091915,-0.012781689,-0.000001401,0.016294821,-0.007395492,-0.022018669,0.067856239
0.134480532,-0.012636851,-0.000001368,0.016032505,-0.007150672,-0.021545368,0.067790297
0.136868503,-0.012492044,-0.000001334,0.015770248,-0.006905910,-0.021072177,0.067724347
0.139255821,-0.012347270,-0.000001301,0.015508052,-0.006661207,-0.020599099,0.067658390
0.141642480,-0.012202529,-0.000001267,0.015245917,-0.006416565,-0.020126133,0.067592424
0.144028475,-0.012057820,-0.000001234,0.014983844,-0.006171983,-0.019653282,0.067526451
0.146413800,-0.011913144,-0.000001200,0.014721834,-0.005927462,-0.019180547,0.067460471
0.148798448,-0.011768502,-0.000001167,0.014459887,-0.005683003,-0.018707928,0.067394484
0.151182413,-0.011623894,-0.000001133,0.014198004,-0.005438607,-0.018235427,0.067328490
0.153565689,-0.011479320,-0.000001100,0.013936185,-0.005194273,-0.017763046,0.067262490
0.155948271,-0.011334780,-0.000001066,0.013674432,-0.004950004,-0.017290785,0.067196483
0.158330151,-0.011190276,-0.000001033,0.013412745,-0.004705798,-0.016818646,0.067130471
0.160711325,-0.011045808,-0.000001000,0.013151124,-0.004461658,-0.016346629,0.067064452
0.163091785,-0.010901375,-0.000000966,0.012889571,-0.004217584,-0.015874737,0.066998428
0.165471527,-0.010756979,-0.000000933,0.012628086,-0.003973575,-0.015402971,0.066932398
0.167850543,-0.010612619,-0.000000899,0.012366669,-0.003729634,-0.014931331,0.066866362
0.170228827,-0.010468296,-0.000000866,0.012105322,-0.003485760,-0.014459818,0.066800322
0.172606375,-0.010324010,-0.000000833,0.011844046,-0.003241955,-0.013988435,0.066734277
0.174983179,-0.010179763,-0.000000799,0.011582840,-0.002998218,-0.013517183,0.066668228
0.177359233,-0.010035553,-0.000000766,0.011321705,-0.002754551,-0.013046062,0.066602173
0.179734532,-0.009891382,-0.000000733,0.011060643,-0.002510954,-0.012575073,0.066536115
0.182109069,-0.009747250,-0.000000699,0.010799653,-0.002267427,-0.012104219,0.066470053
0.184482838,-0.009603157,-0.000000666,0.010538738,-0.002023972,-0.011633500,0.066403987
0.186855834,-0.009459104,-0.000000633,0.010277896,-0.001780589,-0.011162918,0.066337917
0.189228049,-0.009315091,-0.000000599,0.010017129,-0.001537279,-0.010692473,0.066271844
0.191599479,-0.009171118,-0.000000566,0.009756438,-0.001294042,-0.010222168,0.066205768
0.193970116,-0.009027186,-0.000000533,0.009495823,-0.001050878,-0.009752002,0.066139689
0.196339956,-0.008883295,-0.000000500,0.009235285,-0.000807790,-0.009281979,0.066073607
0.198708991,-0.008739446,-0.000000466,0.008974825,-0.000564776,-0.008812097,0.066007522
0.201077216,-0.008595639,-0.000000433,0.008714443,-0.000321839,-0.008342360,0.065941436
0.203444624,-0.008451874,-0.000000400,0.008454141,-0.000078978,-0.007872768,0.065875347
0.205811211,-0.008308152,-0.000000367,0.008193918,0.000163806,-0.007403322,0.065809256
0.208176968,-0.008164473,-0.000000333,0.007933775,0.000406513,-0.006934024,0.065743164
0.210541891,-0.008020838,-0.000000300,0.007673713,0.000649141,-0.006464875,0.065677070
0.212905974,-0.007877246,-0.000000267,0.007413734,0.000891690,-0.005995876,0.065610975
0.215269209,-0.007733699,-0.000000234,0.007153836,0.001134159,-0.005527028,0.065544879
0.217631592,-0.007590196,-0.000000201,0.006894022,0.001376548,-0.005058332,0.065478782
0.219993116,-0.007446738,-0.000000167,0.006634292,0.001618856,-0.004589791,0.065412685
0.222353776,-0.007303326,-0.000000134,0.006374646,0.001861083,-0.004121405,0.065346587
0.224713564,-0.007159959,-0.000000101,0.006115086,0.002103227,-0.003653174,0.065280489
0.227072475,-0.007016639,-0.000000068,0.005855611,0.002345289,-0.003185102,0.065214391
0.229430503,-0.006873365,-0.000000035,0.005596223,0.002587267,-0.002717188,0.065148293
0.231787641,-0.006730138,-0.000000002,0.005336922,0.002829161,-0.002249434,0.065082196
0.234143884,-0.006586958,0.000000031,0.005077710,0.003070970,-0.001781841,0.065016099
0.236499226,-0.006443826,0.000000064,0.004818586,0.003312694,-0.001314411,0.064950004
0.238853661,-0.006300742,0.000000097,0.004559551,0.003554332,-0.000847144,0.064883909
0.241207182,-0.006157707,0.000000131,0.004300606,0.003795883,-0.000380042,0.064817816
0.243559783,-0.006014720,0.000000164,0.004041752,0.004037347,0.000086894,0.064751724
0.245911459,-0.005871783,0.000000197,0.003782989,0.004278723,0.000553662,0.064685634
0.248262203,-0.005728895,0.000000230,0.003524319,0.004520011,0.001020262,0.064619546
0.250612009,-0.005586057,0.000000263,0.003265741,0.004761209,0.001486692,0.064553460
0.252960871,-0.005443269,0.000000296,0.003007257,0.005002318,0.001952950,0.064487376
0.255308783,-0.005300532,0.000000329,0.002748866,0.005243336,0.002419037,0.064421295
0.257655739,-0.005157847,0.000000362,0.002490571,0.005484263,0.002884950,0.064355217
0.260001733,-0.005015212,0.000000395,0.002232371,0.005725099,0.003350688,0.064289141
0.262346759,-0.004872630,0.000000427,0.001974268,0.005965842,0.003816250,0.064223069
0.264690811,-0.004730100,0.000000460,0.001716261,0.006206492,0.004281635,0.064157001
0.267033882,-0.004587622,0.000000493,0.001458352,0.006447048,0.004746842,0.064090936
0.269375967,-0.004445198,0.000000526,0.001200541,0.006687510,0.005211869,0.064024875
0.271717059,-0.004302827,0.000000559,0.000942829,0.006927878,0.005676714,0.063958818
0.274057153,-0.004160509,0.000000592,0.000685216,0.007168149,0.006141378,0.063892765
0.276396242,-0.004018246,0.000000625,0.000427704,0.007408325,0.006605859,0.063826717
0.278734320,-0.003876038,0.000000658,0.000170293,0.007648404,0.007070154,0.063760673
0.281071382,-0.003733884,0.000000691,-0.000087016,0.007888385,0.007534264,0.063694634
0.283407420,-0.003591785,0.000000723,-0.000344223,0.008128268,0.007998187,0.063628601
0.285742430,-0.003449743,0.000000756,-0.000601327,0.008368053,0.008461921,0.063562573
0.288076405,-0.003307756,0.000000789,-0.000858328,0.008607738,0.008925466,0.063496550
0.290409339,-0.003165826,0.000000822,-0.001115223,0.008847323,0.009388820,0.063430533
0.292741225,-0.003023953,0.000000855,-0.001372014,0.009086808,0.009851982,0.063364522
0.295072058,-0.002882136,0.000000887,-0.001628699,0.009326191,0.010314951,0.063298518
0.297401832,-0.002740378,0.000000920,-0.001885277,0.009565473,0.010777725,0.063232519
0.299730541,-0.002598677,0.000000953,-0.002141748,0.009804652,0.011240303,0.063166528
0.302058178,-0.002457035,0.000000986,-0.002398112,0.010043728,0.011702685,0.063100543
0.304384738,-0.002315451,0.000001018,-0.002654366,0.010282700,0.012164868,0.063034565
0.306710214,-0.002173927,0.000001051,-0.002910512,0.010521567,0.012626852,0.062968594
0.309034600,-0.002032462,0.000001084,-0.003166547,0.010760330,0.013088635,0.062902631
0.311357891,-0.001891057,0.000001116,-0.003422472,0.010998987,0.013550216,0.062836676
0.313680080,-0.001749712,0.000001149,-0.003678286,0.011237537,0.014011594,0.062770728
0.316001160,-0.001608428,0.000001182,-0.003933988,0.011475981,0.014472768,0.062704789
0.318321127,-0.001467205,0.000001214,-0.004189577,0.011714317,0.014933736,0.062638858
0.320639974,-0.001326044,0.000001247,-0.004445052,0.011952544,0.015394497,0.062572935
0.322957695,-0.001184944,0.000001280,-0.004700414,0.012190663,0.015855051,0.062507021
0.325274283,-0.001043906,0.000001312,-0.004955661,0.012428672,0.016315395,0.062441116
0.327589734,-0.000902931,0.000001345,-0.005210793,0.012666572,0.016775528,0.062375221
0.329904040,-0.000762018,0.000001377,-0.005465808,0.012904360,0.017235450,0.062309334
0.332217195,-0.000621169,0.000001410,-0.005720707,0.013142037,0.017695158,0.062243457
0.334529194,-0.000480384,0.000001442,-0.005975488,0.013379602,0.018154652,0.062177590
0.336840031,-0.000339663,0.000001475,-0.006230151,0.013617054,0.018613931,0.062111733
0.339149699,-0.000199006,0.000001507,-0.006484695,0.013854393,0.019072994,0.062045887
0.341458192,-0.000058414,0.000001540,-0.006739119,0.014091618,0.019531838,0.061980050
0.343765504,0.000082112,0.000001572,-0.006993424,0.014328728,0.019990463,0.061914224
0.346071629,0.000222573,0.000001605,-0.007247607,0.014565723,0.020448867,0.061848410
0.348376562,0.000362969,0.000001637,-0.007501669,0.014802602,0.020907050,0.061782606
0.350680296,0.000503297,0.000001669,-0.007755609,0.015039365,0.021365011,0.061716813
0.352982824,0.000643559,0.000001702,-0.008009425,0.015276011,0.021822747,0.061651032
0.355284141,0.000783754,0.000001734,-0.008263118,0.015512538,0.022280257,0.061585263
0.357584241,0.000923882,0.000001767,-0.008516687,0.015748948,0.022737541,0.061519506
0.359883118,0.001063941,0.000001799,-0.008770131,0.015985238,0.023194598,0.061453760
0.362180766,0.001203932,0.000001831,-0.009023449,0.016221409,0.023651425,0.061388027
0.364477177,0.001343855,0.000001864,-0.009276640,0.016457459,0.024108022,0.061322307
0.366772348,0.001483709,0.000001896,-0.009529705,0.016693388,0.024564387,0.061256600
0.369066271,0.001623493,0.000001928,-0.009782641,0.016929196,0.025020520,0.061190905
0.371358940,0.001763207,0.000001960,-0.010035450,0.017164882,0.025476419,0.061125224
0.373650349,0.001902851,0.000001993,-0.010288129,0.017400445,0.025932082,0.061059556
0.375940493,0.002042425,0.000002025,-0.010540678,0.017635884,0.026387509,0.060993901
0.378229365,0.002181928,0.000002057,-0.010793097,0.017871199,0.026842699,0.060928261
0.380516958,0.002321359,0.000002089,-0.011045385,0.018106389,0.027297649,0.060862634
0.382803268,0.002460719,0.000002121,-0.011297540,0.018341454,0.027752360,0.060797022
0.385088287,0.002600006,0.000002154,-0.011549563,0.018576393,0.028206829,0.060731424
0.387372011,0.002739221,0.000002186,-0.011801453,0.018811205,0.028661055,0.060665841
0.389654432,0.002878364,0.000002218,-0.012053209,0.019045890,0.029115037,0.060600273
0.391935545,0.003017433,0.000002250,-0.012304831,0.019280447,0.029568775,0.060534720
0.394215343,0.003156428,0.000002282,-0.012556317,0.019514875,0.030022266,0.060469182
0.396493821,0.003295350,0.000002314,-0.012807667,0.019749174,0.030475509,0.060403660
0.398770972,0.003434197,0.000002346,-0.013058880,0.019983344,0.030928504,0.060338153
0.401046791,0.003572969,0.000002378,-0.013309956,0.020217383,0.031381249,0.060272662
0.403321271,0.003711667,0.000002410,-0.013560894,0.020451290,0.031833742,0.060207188
0.405594406,0.003850288,0.000002442,-0.013811693,0.020685066,0.032285983,0.060141730
0.407866190,0.003988834,0.000002474,-0.014062352,0.020918710,0.032737971,0.060076288
0.410136618,0.004127304,0.000002506,-0.014312872,0.021152220,0.033189703,0.060010864
0.412405682,0.004265697,0.000002538,-0.014563251,0.021385597,0.033641179,0.059945456
0.414673378,0.004404013,0.000002570,-0.014813488,0.021618840,0.034092398,0.059880066
0.416939698,0.004542251,0.000002602,-0.015063583,0.021851947,0.034543358,0.059814693
0.419204637,0.004680412,0.000002634,-0.015313536,0.022084919,0.034994058,0.059749337
0.421468188,0.004818494,0.000002666,-0.015563344,0.022317755,0.035444498,0.059684000
0.423730347,0.004956498,0.000002698,-0.015813009,0.022550454,0.035894674,0.059618681
0.425991105,0.005094423,0.000002730,-0.016062528,0.022783016,0.036344587,0.059553380
0.428250459,0.005232269,0.000002761,-0.016311902,0.023015439,0.036794236,0.059488097
0.430508401,0.005370035,0.000002793,-0.016561130,0.023247724,0.037243618,0.059422833
0.432764925,0.005507721,0.000002825,-0.016810210,0.023479869,0.037692733,0.059357588
0.435020025,0.005645326,0.000002857,-0.017059143,0.023711874,0.038141580,0.059292362
0.437273695,0.005782851,0.000002888,-0.017307928,0.023943739,0.038590156,0.059227156
0.439525930,0.005920294,0.000002920,-0.017556564,0.024175462,0.039038462,0.059161969
0.441776723,0.006057656,0.000002952,-0.017805050,0.024407043,0.039486496,0.059096802
0.444026067,0.006194936,0.000002984,-0.018053385,0.024638482,0.039934256,0.059031655
0.446273958,0.006332133,0.000003015,-0.018301569,0.024869778,0.040381741,0.058966528
0.448520388,0.006469248,0.000003047,-0.018549602,0.025100929,0.040828951,0.058901421
0.450765352,0.006606279,0.000003079,-0.018797482,0.025331937,0.041275883,0.058836335
0.453008844,0.006743227,0.000003110,-0.019045209,0.025562799,0.041722537,0.058771270
0.455250857,0.006880091,0.000003142,-0.019292782,0.025793515,0.042168911,0.058706226
0.457491386,0.007016871,0.000003173,-0.019540201,0.026024085,0.042615005,0.058641203
0.459730424,0.007153566,0.000003205,-0.019787464,0.026254508,0.043060816,0.058576202
0.461967966,0.007290176,0.000003236,-0.020034572,0.026484784,0.043506344,0.058511222
0.464204005,0.007426701,0.000003268,-0.020281523,0.026714911,0.043951588,0.058446264
0.466438535,0.007563140,0.000003299,-0.020528316,0.026944889,0.044396545,0.058381329
0.468671550,0.007699492,0.000003331,-0.020774952,0.027174718,0.044841216,0.058316415
0.470903044,0.007835758,0.000003362,-0.021021429,0.027404396,0.045285599,0.058251525
0.473133012,0.007971938,0.000003394,-0.021267747,0.027633924,0.045729691,0.058186657
0.475361446,0.008108029,0.000003425,-0.021513904,0.027863300,0.046173494,0.058121811
0.477588341,0.008244033,0.000003456,-0.021759901,0.028092524,0.046617004,0.058056990
0.479813691,0.008379949,0.000003488,-0.022005737,0.028321596,0.047060221,0.057992191
0.482037490,0.008515777,0.000003519,-0.022251410,0.028550513,0.047503144,0.057927416
0.484259731,0.008651516,0.000003551,-0.022496921,0.028779277,0.047945771,0.057862665
0.486480409,0.008787165,0.000003582,-0.022742268,0.029007887,0.048388101,0.057797938
0.488699517,0.008922725,0.000003613,-0.022987451,0.029236341,0.048830133,0.057733235
0.490917050,0.009058195,0.000003644,-0.023232470,0.029464639,0.049271865,0.057668556
0.493133001,0.009193574,0.000003676,-0.023477322,0.029692781,0.049713297,0.057603903
0.495347364,0.009328863,0.000003707,-0.023722009,0.029920765,0.050154428,0.057539274
0.497560134,0.009464061,0.000003738,-0.023966529,0.030148592,0.050595255,0.057474670
0.499771304,0.009599167,0.000003769,-0.024210881,0.030376260,0.051035778,0.057410091
0.501980867,0.009734181,0.000003800,-0.024455065,0.030603769,0.051475995,0.057345538
0.504188819,0.009869103,0.000003831,-0.024699080,0.030831118,0.051915905,0.057281011
0.506395152,0.010003932,0.000003863,-0.024942925,0.031058307,0.052355508,0.057216510
0.508599862,0.010138668,0.000003894,-0.025186600,0.031285335,0.052794801,0.057152034
0.510802941,0.010273311,0.000003925,-0.025430104,0.031512201,0.053233784,0.057087585
0.513004383,0.010407860,0.000003956,-0.025673437,0.031738905,0.053672455,0.057023163
0.515204184,0.010542314,0.000003987,-0.025916597,0.031965447,0.054110814,0.056958767
0.517402336,0.010676674,0.000004018,-0.026159583,0.032191824,0.054548858,0.056894399
0.519598833,0.010810940,0.000004049,-0.026402397,0.032418038,0.054986586,0.056830057
0.521793670,0.010945110,0.000004080,-0.026645035,0.032644086,0.055423999,0.056765743
0.523986840,0.011079184,0.000004111,-0.026887499,0.032869970,0.055861093,0.056701457
0.526178337,0.011213162,0.000004142,-0.027129787,0.033095687,0.056297868,0.056637199
0.528368155,0.011347043,0.000004172,-0.027371898,0.033321237,0.056734323,0.056572968
0.530556289,0.011480828,0.000004203,-0.027613832,0.033546620,0.057170456,0.056508766
0.532742731,0.011614515,0.000004234,-0.027855589,0.033771835,0.057606266,0.056444592
0.534927477,0.011748105,0.000004265,-0.028097166,0.033996882,0.058041753,0.056380447
0.537110519,0.011881597,0.000004296,-0.028338565,0.034221759,0.058476914,0.056316331
0.539291852,0.012014990,0.000004326,-0.028579784,0.034446466,0.058911749,0.056252244
0.541471470,0.012148285,0.000004357,-0.028820822,0.034671003,0.059346255,0.056188186
0.543649366,0.012281481,0.000004388,-0.029061678,0.034895368,0.059780433,0.056124158
0.545825535,0.012414577,0.000004419,-0.029302353,0.035119562,0.060214281,0.056060160
0.547999970,0.012547573,0.000004449,-0.029542845,0.035343584,0.060647797,0.055996191
0.550172666,0.012680468,0.000004480,-0.029783154,0.035567432,0.061080981,0.055932253
0.552343616,0.012813264,0.000004511,-0.030023278,0.035791107,0.061513831,0.055868345
0.554512815,0.012945958,0.000004541,-0.030263218,0.036014607,0.061946345,0.055804468
0.556680255,0.013078550,0.000004572,-0.030502973,0.036237932,0.062378524,0.055740621
0.558845932,0.013211041,0.000004602,-0.030742541,0.036461082,0.062810364,0.055676806
0.561009839,0.013343430,0.000004633,-0.030981923,0.036684055,0.063241866,0.055613022
0.563171970,0.013475716,0.000004663,-0.031221117,0.036906852,0.063673028,0.055549269
0.565332318,0.013607899,0.000004694,-0.031460123,0.037129471,0.064103848,0.055485548
0.567490879,0.013739979,0.000004724,-0.031698940,0.037351911,0.064534326,0.055421859
0.569647645,0.013871955,0.000004755,-0.031937568,0.037574173,0.064964460,0.055358201
0.571802611,0.014003826,0.000004785,-0.032176006,0.037796256,0.065394250,0.055294577
0.573955770,0.014135594,0.000004816,-0.032414252,0.038018159,0.065823693,0.055230984
0.576107117,0.014267256,0.000004846,-0.032652307,0.038239880,0.066252788,0.055167425
0.578256646,0.014398814,0.000004876,-0.032890170,0.038461421,0.066681535,0.055103898
0.580404350,0.014530265,0.000004907,-0.033127840,0.038682779,0.067109932,0.055040404
0.582550223,0.014661611,0.000004937,-0.033365316,0.038903955,0.067537977,0.054976944
0.584694259,0.014792850,0.000004967,-0.033602598,0.039124948,0.067965670,0.054913517
0.586836453,0.014923983,0.000004997,-0.033839684,0.039345757,0.068393010,0.054850125
0.588976797,0.015055008,0.000005028,-0.034076575,0.039566381,0.068819995,0.054786766
0.591115287,0.015185926,0.000005058,-0.034313270,0.039786820,0.069246623,0.054723441
0.593251915,0.015316736,0.000005088,-0.034549768,0.040007074,0.069672895,0.054660151
0.595386677,0.015447437,0.000005118,-0.034786067,0.040227141,0.070098807,0.054596895
0.597519565,0.015578030,0.000005148,-0.035022169,0.040447021,0.070524360,0.054533674
0.599650574,0.015708514,0.000005178,-0.035258071,0.040666713,0.070949552,0.054470489
0.601779698,0.015838888,0.000005208,-0.035493774,0.040886217,0.071374382,0.054407338
0.603906930,0.015969153,0.000005238,-0.035729275,0.041105532,0.071798848,0.054344223
0.606032264,0.016099307,0.000005268,-0.035964576,0.041324657,0.072222949,0.054281144
0.608155695,0.016229351,0.000005298,-0.036199675,0.041543592,0.072646685,0.054218101
0.610277217,0.016359284,0.000005328,-0.036434571,0.041762336,0.073070053,0.054155093
0.612396822,0.016489105,0.000005358,-0.036669264,0.041980889,0.073493053,0.054092122
0.614514506,0.016618815,0.000005388,-0.036903753,0.042199250,0.073915683,0.054029188
0.616630262,0.016748413,0.000005418,-0.037138038,0.042417417,0.074337942,0.053966290
0.618744084,0.016877898,0.000005448,-0.037372117,0.042635392,0.074759829,0.053903430
0.620855966,0.017007270,0.000005478,-0.037605990,0.042853172,0.075181343,0.053840606
0.622965902,0.017136529,0.000005508,-0.037839657,0.043070758,0.075602482,0.053777820
0.625073886,0.017265675,0.000005537,-0.038073116,0.043288148,0.076023245,0.053715072
0.627179911,0.017394706,0.000005567,-0.038306367,0.043505343,0.076443631,0.053652361
0.629283972,0.017523623,0.000005597,-0.038539409,0.043722340,0.076863639,0.053589688
0.631386063,0.017652425,0.000005626,-0.038772242,0.043939141,0.077283267,0.053527054
0.633486177,0.017781112,0.000005656,-0.039004865,0.044155744,0.077702515,0.053464458
0.635584309,0.017909684,0.000005686,-0.039237277,0.044372148,0.078121380,0.053401901
0.637680452,0.018038139,0.000005715,-0.039469477,0.044588353,0.078539863,0.053339382
0.639774601,0.018166478,0.000005745,-0.039701466,0.044804358,0.078957960,0.053276903
0.641866748,0.018294701,0.000005775,-0.039933241,0.045020163,0.079375672,0.053214463
0.643956889,0.018422806,0.000005804,-0.040164803,0.045235767,0.079792998,0.053152062
0.646045017,0.018550794,0.000005834,-0.040396151,0.045451169,0.080209935,0.053089701
0.648131126,0.018678665,0.000005863,-0.040627283,0.045666369,0.080626482,0.053027381
0.650215210,0.018806417,0.000005892,-0.040858201,0.045881366,0.081042639,0.052965100
0.652297262,0.018934050,0.000005922,-0.041088902,0.046096160,0.081458404,0.052902859
0.654377278,0.019061564,0.000005951,-0.041319385,0.046310749,0.081873776,0.052840660
0.656455250,0.019188959,0.000005981,-0.041549652,0.046525133,0.082288754,0.052778501
0.658531173,0.019316235,0.000006010,-0.041779700,0.046739312,0.082703336,0.052716383
0.660605040,0.019443390,0.000006039,-0.042009528,0.046953284,0.083117521,0.052654306
0.662676846,0.019570425,0.000006069,-0.042239138,0.047167050,0.083531308,0.052592271
0.664746585,0.019697339,0.000006098,-0.042468526,0.047380609,0.083944696,0.052530277
0.666814249,0.019824131,0.000006127,-0.042697694,0.047593959,0.084357683,0.052468325
0.668879834,0.019950802,0.000006156,-0.042926640,0.047807101,0.084770269,0.052406415
0.670943333,0.020077351,0.000006185,-0.043155363,0.048020034,0.085182451,0.052344548
0.673004741,0.020203777,0.000006215,-0.043383863,0.048232756,0.085594230,0.052282722
0.675064050,0.020330081,0.000006244,-0.043612140,0.048445269,0.086005603,0.052220940
0.677121255,0.020456262,0.000006273,-0.043840192,0.048657569,0.086416569,0.052159201
0.679176351,0.020582319,0.000006302,-0.044068018,0.048869658,0.086827128,0.052097504
0.681229330,0.020708252,0.000006331,-0.044295619,0.049081535,0.087237277,0.052035851
0.683280186,0.020834061,0.000006360,-0.044522993,0.049293198,0.087647016,0.051974242
0.685328915,0.020959745,0.000006389,-0.044750140,0.049504648,0.088056343,0.051912676
0.687375509,0.021085304,0.000006418,-0.044977059,0.049715883,0.088465257,0.051851154
0.689419963,0.021210737,0.000006447,-0.045203749,0.049926903,0.088873758,0.051789677
0.691462270,0.021336045,0.000006475,-0.045430210,0.050137708,0.089281843,0.051728244
0.693502424,0.021461226,0.000006504,-0.045656441,0.050348296,0.089689511,0.051666855
0.695540420,0.021586281,0.000006533,-0.045882442,0.050558668,0.090096762,0.051605511
0.697576251,0.021711209,0.000006562,-0.046108210,0.050768821,0.090503593,0.051544213
0.699609911,0.021836010,0.000006591,-0.046333747,0.050978757,0.090910005,0.051482959
0.701641394,0.021960682,0.000006619,-0.046559051,0.051188474,0.091315995,0.051421751
0.703670695,0.022085227,0.000006648,-0.046784122,0.051397971,0.091721562,0.051360589
0.705697806,0.022209643,0.000006677,-0.047008958,0.051607248,0.092126705,0.051299472
0.707722722,0.022333931,0.000006705,-0.047233560,0.051816305,0.092531423,0.051238402
0.709745437,0.022458089,0.000006734,-0.047457926,0.052025140,0.092935715,0.051177378
0.711765945,0.022582117,0.000006763,-0.047682056,0.052233753,0.093339579,0.051116400
0.713784239,0.022706015,0.000006791,-0.047905949,0.052442143,0.093743014,0.051055469
0.715800314,0.022829783,0.000006820,-0.048129605,0.052650310,0.094146019,0.050994586
0.717814163,0.022953420,0.000006848,-0.048353022,0.052858254,0.094548593,0.050933749
0.719825781,0.023076926,0.000006877,-0.048576200,0.053065972,0.094950734,0.050872959
0.721835161,0.023200301,0.000006905,-0.048799139,0.053273466,0.095352441,0.050812218
0.723842297,0.023323543,0.000006933,-0.049021837,0.053480733,0.095753713,0.050751524
0.725847184,0.023446653,0.000006962,-0.049244295,0.053687774,0.096154549,0.050690878
0.727849815,0.023569631,0.000006990,-0.049466511,0.053894589,0.096554947,0.050630280
0.729850183,0.023692475,0.000007018,-0.049688484,0.054101175,0.096954907,0.050569731
0.731848284,0.023815186,0.000007047,-0.049910214,0.054307533,0.097354427,0.050509230
0.733844111,0.023937763,0.000007075,-0.050131701,0.054513662,0.097753505,0.050448778
0.735837657,0.024060206,0.000007103,-0.050352943,0.054719561,0.098152141,0.050388375
0.737828918,0.024182514,0.000007131,-0.050573940,0.054925230,0.098550333,0.050328022
0.739817885,0.024304687,0.000007159,-0.050794691,0.055130668,0.098948081,0.050267718
0.741804555,0.024426725,0.000007187,-0.051015196,0.055335875,0.099345382,0.050207463
0.743788920,0.024548627,0.000007216,-0.051235453,0.055540849,0.099742236,0.050147259
0.745770975,0.024670393,0.000007244,-0.051455463,0.055745591,0.100138641,0.050087105
0.747750713,0.024792023,0.000007272,-0.051675224,0.055950099,0.100534596,0.050027001
0.749728128,0.024913515,0.000007300,-0.051894736,0.056154373,0.100930101,0.049966947
0.751703214,0.025034871,0.000007328,-0.052113998,0.056358412,0.101325152,0.049906945
0.753675966,0.025156088,0.000007355,-0.052333010,0.056562216,0.101719751,0.049846993
0.755646377,0.025277168,0.000007383,-0.052551770,0.056765784,0.102113894,0.049787092
0.757614441,0.025398109,0.000007411,-0.052770278,0.056969116,0.102507582,0.049727243
0.759580151,0.025518911,0.000007439,-0.052988534,0.057172210,0.102900812,0.049667446
0.761543503,0.025639575,0.000007467,-0.053206536,0.057375066,0.103293584,0.049607700
0.763504489,0.025760098,0.000007495,-0.053424284,0.057577684,0.103685896,0.049548007
0.765463104,0.025880482,0.000007522,-0.053641777,0.057780062,0.104077747,0.049488365
0.767419342,0.026000725,0.000007550,-0.053859015,0.057982201,0.104469136,0.049428776
0.769373196,0.026120828,0.000007578,-0.054075997,0.058184099,0.104860062,0.049369240
0.771324661,0.026240790,0.000007605,-0.054292722,0.058385756,0.105250523,0.049309757
0.773273731,0.026360610,0.000007633,-0.054509190,0.058587171,0.105640518,0.049250326
0.775220398,0.026480288,0.000007660,-0.054725399,0.058788344,0.106030045,0.049190949
0.777164658,0.026599824,0.000007688,-0.054941350,0.058989274,0.106419105,0.049131626
0.779106504,0.026719218,0.000007715,-0.055157041,0.059189961,0.106807695,0.049072356
0.781045930,0.026838468,0.000007743,-0.055372472,0.059390403,0.107195814,0.049013141
0.782982931,0.026957575,0.000007770,-0.055587642,0.059590600,0.107583461,0.048953979
0.784917499,0.027076538,0.000007798,-0.055802551,0.059790552,0.107970635,0.048894872
0.786849629,0.027195357,0.000007825,-0.056017197,0.059990258,0.108357334,0.048835819
0.788779315,0.027314032,0.000007852,-0.056231580,0.060189717,0.108743557,0.048776821
0.790706551,0.027432562,0.000007880,-0.056445700,0.060388928,0.109129304,0.048717878
0.792631331,0.027550946,0.000007907,-0.056659555,0.060587891,0.109514572,0.048658991
0.794553648,0.027669185,0.000007934,-0.056873145,0.060786606,0.109899361,0.048600159
0.796473496,0.027787278,0.000007961,-0.057086470,0.060985071,0.110283669,0.048541382
0.798390870,0.027905224,0.000007988,-0.057299528,0.061183286,0.110667495,0.048482661
0.800305764,0.028023024,0.000008016,-0.057512319,0.061381251,0.111050838,0.048423997
0.802218171,0.028140676,0.000008043,-0.057724843,0.061578964,0.111433696,0.048365388
0.804128085,0.028258181,0.000008070,-0.057937098,0.061776426,0.111816069,0.048306837
0.806035500,0.028375538,0.000008097,-0.058149083,0.061973635,0.112197955,0.048248341
0.807940410,0.028492746,0.000008124,-0.058360799,0.062170591,0.112579353,0.048189903
0.809842810,0.028609806,0.000008151,-0.058572245,0.062367293,0.112960262,0.048131522
0.811742692,0.028726717,0.000008178,-0.058783419,0.062563740,0.113340680,0.048073198
0.813640051,0.028843478,0.000008204,-0.058994321,0.062759933,0.113720606,0.048014932
0.815534881,0.028960089,0.000008231,-0.059204951,0.062955870,0.114100040,0.047956724
0.817427176,0.029076550,0.000008258,-0.059415308,0.063151550,0.114478979,0.047898573
0.819316929,0.029192861,0.000008285,-0.059625391,0.063346974,0.114857422,0.047840481
0.821204135,0.029309020,0.000008312,-0.059835199,0.063542140,0.115235369,0.047782447
0.823088788,0.029425028,0.000008338,-0.060044731,0.063737047,0.115612818,0.047724472
0.824970881,0.029540885,0.000008365,-0.060253988,0.063931696,0.115989767,0.047666555
0.826850408,0.029656589,0.000008392,-0.060462968,0.064126085,0.116366216,0.047608698
0.828727364,0.029772141,0.000008418,-0.060671671,0.064320214,0.116742164,0.047550900
0.830601741,0.029887539,0.000008445,-0.060880095,0.064514083,0.117117608,0.047493161
0.832473535,0.030002785,0.000008471,-0.061088241,0.064707690,0.117492549,0.047435482
0.834342739,0.030117877,0.000008498,-0.061296108,0.064901035,0.117866984,0.047377863
0.836209347,0.030232815,0.000008524,-0.061503694,0.065094117,0.118240912,0.047320304
0.838073353,0.030347598,0.000008551,-0.061711000,0.065286936,0.118614333,0.047262805
0.839934751,0.030462226,0.000008577,-0.061918024,0.065479491,0.118987245,0.047205367
0.841793534,0.030576700,0.000008603,-0.062124766,0.065671781,0.119359646,0.047147990
0.843649697,0.030691017,0.000008630,-0.062331225,0.065863806,0.119731536,0.047090673
0.845503234,0.030805179,0.000008656,-0.062537400,0.066055565,0.120102913,0.047033418
0.847354138,0.030919185,0.000008682,-0.062743292,0.066247058,0.120473776,0.046976224
0.849202404,0.031033033,0.000008708,-0.062948898,0.066438284,0.120844124,0.046919092
0.851048025,0.031146725,0.000008735,-0.063154219,0.066629241,0.121213955,0.046862021
0.852890996,0.031260259,0.000008761,-0.063359253,0.066819931,0.121583268,0.046805013
0.854731310,0.031373636,0.000008787,-0.063564001,0.067010351,0.121952063,0.046748066
0.856568960,0.031486854,0.000008813,-0.063768461,0.067200502,0.122320338,0.046691182
0.858403942,0.031599913,0.000008839,-0.063972632,0.067390382,0.122688091,0.046634361
0.860236250,0.031712813,0.000008865,-0.064176515,0.067579991,0.123055321,0.046577603
0.862065876,0.031825554,0.000008891,-0.064380108,0.067769329,0.123422028,0.046520908
0.863892814,0.031938136,0.000008917,-0.064583410,0.067958395,0.123788209,0.046464275
0.865717060,0.032050557,0.000008943,-0.064786421,0.068147187,0.124153864,0.046407707
0.867538607,0.032162817,0.000008968,-0.064989141,0.068335707,0.124518992,0.046351202
0.869357448,0.032274917,0.000008994,-0.065191568,0.068523952,0.124883591,0.046294761
0.871173577,0.032386855,0.000009020,-0.065393702,0.068711922,0.125247659,0.046238384
0.872986989,0.032498632,0.000009046,-0.065595542,0.068899617,0.125611197,0.046182072
0.874797678,0.032610247,0.000009071,-0.065797087,0.069087036,0.125974202,0.046125824
0.876605637,0.032721699,0.000009097,-0.065998338,0.069274178,0.126336673,0.046069641
0.878410860,0.032832988,0.000009123,-0.066199292,0.069461043,0.126698609,0.046013523
0.880213342,0.032944115,0.000009148,-0.066399950,0.069647630,0.127060009,0.045957470
0.882013075,0.033055077,0.000009174,-0.066600311,0.069833938,0.127420872,0.045901483
0.883810055,0.033165876,0.000009199,-0.066800373,0.070019967,0.127781196,0.045845561
0.885604275,0.033276510,0.000009225,-0.067000137,0.070205717,0.128140980,0.045789705
0.887395728,0.033386980,0.000009250,-0.067199602,0.070391185,0.128500223,0.045733915
0.889184410,0.033497284,0.000009275,-0.067398767,0.070576373,0.128858923,0.045678191
0.890970313,0.033607423,0.000009301,-0.067597631,0.070761279,0.129217080,0.045622534
0.892753432,0.033717396,0.000009326,-0.067796193,0.070945903,0.129574692,0.045566943
0.894533761,0.033827203,0.000009351,-0.067994454,0.071130243,0.129931758,0.045511419
0.896311293,0.033936843,0.000009377,-0.068192412,0.071314300,0.130288277,0.045455963
0.898086022,0.034046317,0.000009402,-0.068390066,0.071498072,0.130644247,0.045400573
0.899857943,0.034155622,0.000009427,-0.068587416,0.071681560,0.130999667,0.045345252
0.901627049,0.034264760,0.000009452,-0.068784462,0.071864762,0.131354536,0.045289998
0.903393335,0.034373730,0.000009477,-0.068981202,0.072047678,0.131708853,0.045234812
0.905156794,0.034482532,0.000009502,-0.069177635,0.072230307,0.132062617,0.045179694
0.906917419,0.034591164,0.000009527,-0.069373762,0.072412648,0.132415826,0.045124644
0.908675206,0.034699627,0.000009552,-0.069569581,0.072594702,0.132768479,0.045069663
0.910430148,0.034807921,0.000009577,-0.069765092,0.072776466,0.133120575,0.045014751
0.912182239,0.034916044,0.000009602,-0.069960294,0.072957941,0.133472112,0.044959908
0.913931472,0.035023997,0.000009627,-0.070155187,0.073139127,0.133823090,0.044905134
0.915677843,0.035131779,0.000009651,-0.070349769,0.073320021,0.134173507,0.044850430
0.917421343,0.035239390,0.000009676,-0.070544040,0.073500625,0.134523361,0.044795795
0.919161969,0.035346829,0.000009701,-0.070738000,0.073680936,0.134872653,0.044741230
0.920899713,0.035454097,0.000009726,-0.070931647,0.073860955,0.135221380,0.044686735
0.922634569,0.035561192,0.000009750,-0.071124981,0.074040680,0.135569541,0.044632311
0.924366532,0.035668114,0.000009775,-0.071318001,0.074220112,0.135917135,0.044577957
0.926095595,0.035774863,0.000009799,-0.071510707,0.074399249,0.136264160,0.044523673
0.927821753,0.035881439,0.000009824,-0.071703098,0.074578091,0.136610616,0.044469461
0.929544998,0.035987840,0.000009848,-0.071895173,0.074756638,0.136956502,0.044415320
0.931265326,0.036094068,0.000009873,-0.072086932,0.074934888,0.137301815,0.044361250
0.932982729,0.036200121,0.000009897,-0.072278373,0.075112841,0.137646556,0.044307251
0.934697203,0.036305999,0.000009921,-0.072469497,0.075290496,0.137990721,0.044253325
0.936408740,0.036411701,0.000009946,-0.072660302,0.075467853,0.138334311,0.044199470
0.938117335,0.036517228,0.000009970,-0.072850787,0.075644912,0.138677325,0.044145688
0.939822982,0.036622578,0.000009994,-0.073040953,0.075821670,0.139019760,0.044091978
0.941525674,0.036727752,0.000010018,-0.073230799,0.075998129,0.139361615,0.044038340
0.943225406,0.036832749,0.000010043,-0.073420323,0.076174286,0.139702890,0.043984776
0.944922172,0.036937569,0.000010067,-0.073609525,0.076350142,0.140043584,0.043931284
0.946615964,0.037042211,0.000010091,-0.073798404,0.076525696,0.140383694,0.043877866
0.948306779,0.037146675,0.000010115,-0.073986960,0.076700948,0.140723219,0.043824521
0.949994608,0.037250960,0.000010139,-0.074175192,0.076875896,0.141062160,0.043771250
0.951679447,0.037355067,0.000010163,-0.074363099,0.077050540,0.141400513,0.043718053
0.953361288,0.037458995,0.000010187,-0.074550681,0.077224879,0.141738279,0.043664930
0.955040127,0.037562743,0.000010210,-0.074737937,0.077398913,0.142075455,0.043611881
0.956715957,0.037666310,0.000010234,-0.074924866,0.077572641,0.142412040,0.043558907
0.958388771,0.037769698,0.000010258,-0.075111467,0.077746063,0.142748034,0.043506008
0.960058565,0.037872905,0.000010282,-0.075297741,0.077919177,0.143083436,0.043453183
0.961725331,0.037975930,0.000010305,-0.075483685,0.078091984,0.143418242,0.043400434
0.963389064,0.038078775,0.000010329,-0.075669300,0.078264482,0.143752454,0.043347760
0.965049757,0.038181437,0.000010353,-0.075854585,0.078436671,0.144086069,0.043295161
0.966707405,0.038283917,0.000010376,-0.076039539,0.078608550,0.144419086,0.043242639
0.968362001,0.038386214,0.000010400,-0.076224161,0.078780119,0.144751503,0.043190192
0.970013540,0.038488329,0.000010423,-0.076408452,0.078951377,0.145083321,0.043137822
0.971662015,0.038590260,0.000010447,-0.076592409,0.079122323,0.145414537,0.043085528
0.973307420,0.038692007,0.000010470,-0.076776032,0.079292957,0.145745150,0.043033311
0.974949750,0.038793570,0.000010493,-0.076959321,0.079463278,0.146075159,0.042981171
0.976588997,0.038894948,0.000010517,-0.077142276,0.079633286,0.146404562,0.042929107
0.978225157,0.038996142,0.000010540,-0.077324894,0.079802979,0.146733359,0.042877122
0.979858222,0.039097150,0.000010563,-0.077507176,0.079972358,0.147061549,0.042825213
0.981488187,0.039197973,0.000010586,-0.077689121,0.080141421,0.147389129,0.042773382
0.983115047,0.039298609,0.000010609,-0.077870729,0.080310168,0.147716100,0.042721630
0.984738793,0.039399059,0.000010632,-0.078051997,0.080478599,0.148042458,0.042669955
0.986359422,0.039499322,0.000010655,-0.078232927,0.080646712,0.148368204,0.042618359
0.987976926,0.039599398,0.000010678,-0.078413517,0.080814507,0.148693337,0.042566841
0.989591299,0.039699286,0.000010701,-0.078593767,0.080981983,0.149017853,0.042515402
0.991202536,0.039798987,0.000010724,-0.078773675,0.081149140,0.149341754,0.042464042
0.992810630,0.039898499,0.000010747,-0.078953241,0.081315977,0.149665037,0.042412761
0.994415575,0.039997822,0.000010770,-0.079132465,0.081482494,0.149987701,0.042361560
0.996017366,0.040096956,0.000010793,-0.079311345,0.081648690,0.150309745,0.042310438
0.997615996,0.040195901,0.000010816,-0.079489882,0.081814564,0.150631168,0.042259396
0.999211458,0.040294655,0.000010838,-0.079668074,0.081980115,0.150951968,0.042208434
1.000803748,0.040393220,0.000010861,-0.079845921,0.082145343,0.151272144,0.042157553
1.002392859,0.040491593,0.000010883,-0.080023422,0.082310248,0.151591696,0.042106752
1.003978784,0.040589776,0.000010906,-0.080200576,0.082474828,0.151910621,0.042056031
1.005561518,0.040687768,0.000010929,-0.080377382,0.082639083,0.152228918,0.042005392
1.007141055,0.040785567,0.000010951,-0.080553841,0.082803013,0.152546587,0.041954834
1.008717389,0.040883174,0.000010973,-0.080729951,0.082966616,0.152863626,0.041904357
1.010290513,0.040980589,0.000010996,-0.080905711,0.083129892,0.153180034,0.041853961
1.011860421,0.041077811,0.000011018,-0.081081122,0.083292841,0.153495809,0.041803647
1.013427108,0.041174840,0.000011040,-0.081256181,0.083455462,0.153810951,0.041753415
1.014990567,0.041271674,0.000011063,-0.081430889,0.083617754,0.154125458,0.041703266
1.016550792,0.041368315,0.000011085,-0.081605245,0.083779717,0.154439328,0.041653199
1.018107778,0.041464762,0.000011107,-0.081779248,0.083941349,0.154752561,0.041603214
1.019661517,0.041561013,0.000011129,-0.081952898,0.084102651,0.155065156,0.041553312
1.021212005,0.041657069,0.000011151,-0.082126193,0.084263622,0.155377111,0.041503493
1.022759234,0.041752930,0.000011173,-0.082299134,0.084424260,0.155688425,0.041453758
1.024303199,0.041848594,0.000011195,-0.082471719,0.084584566,0.155999096,0.041404106
1.025843895,0.041944063,0.000011217,-0.082643947,0.084744539,0.156309124,0.041354537
1.027381313,0.042039334,0.000011239,-0.082815819,0.084904177,0.156618507,0.041305053
1.028915450,0.042134409,0.000011261,-0.082987333,0.085063482,0.156927245,0.041255652
1.030446298,0.042229285,0.000011283,-0.083158488,0.085222451,0.157235335,0.041206336
1.031973851,0.042323964,0.000011304,-0.083329285,0.085381084,0.157542776,0.041157104
1.033498104,0.042418445,0.000011326,-0.083499722,0.085539381,0.157849568,0.041107957
1.035019050,0.042512727,0.000011348,-0.083669798,0.085697341,0.158155709,0.041058895
1.036536684,0.042606810,0.000011369,-0.083839513,0.085854963,0.158461197,0.041009918
1.038050999,0.042700694,0.000011391,-0.084008867,0.086012247,0.158766033,0.040961027
1.039561988,0.042794377,0.000011412,-0.084177858,0.086169192,0.159070213,0.040912221
1.041069647,0.042887861,0.000011434,-0.084346486,0.086325797,0.159373738,0.040863501
1.042573969,0.042981144,0.000011455,-0.084514750,0.086482062,0.159676606,0.040814867
1.044074948,0.043074226,0.000011477,-0.084682650,0.086637986,0.159978815,0.040766319
1.045572577,0.043167107,0.000011498,-0.084850184,0.086793569,0.160280365,0.040717857
1.047066852,0.043259786,0.000011519,-0.085017353,0.086948809,0.160581254,0.040669482
1.048557765,0.043352263,0.000011541,-0.085184155,0.087103707,0.160881481,0.040621194
1.050045310,0.043444537,0.000011562,-0.085350590,0.087258261,0.161181045,0.040572993
1.051529482,0.043536609,0.000011583,-0.085516656,0.087412472,0.161479944,0.040524879
1.053010275,0.043628477,0.000011604,-0.085682355,0.087566337,0.161778178,0.040476853
1.054487682,0.043720142,0.000011625,-0.085847683,0.087719858,0.162075744,0.040428915
1.055961697,0.043811603,0.000011646,-0.086012642,0.087873032,0.162372643,0.040381064
1.057432314,0.043902859,0.000011667,-0.086177230,0.088025860,0.162668872,0.040333301
1.058899528,0.043993911,0.000011688,-0.086341447,0.088178340,0.162964430,0.040285627
1.060363332,0.044084757,0.000011709,-0.086505292,0.088330473,0.163259316,0.040238041
1.061823719,0.044175398,0.000011730,-0.086668764,0.088482257,0.163553529,0.040190545
1.063280685,0.044265833,0.000011750,-0.086831862,0.088633692,0.163847068,0.040143137
1.064734222,0.044356062,0.000011771,-0.086994586,0.088784777,0.164139931,0.040095818
1.066184326,0.044446084,0.000011792,-0.087156936,0.088935512,0.164432118,0.040048588
1.067630989,0.044535899,0.000011812,-0.087318910,0.089085896,0.164723626,0.040001449
1.069074205,0.044625507,0.000011833,-0.087480508,0.089235928,0.165014455,0.039954399
1.070513970,0.044714907,0.000011853,-0.087641729,0.089385608,0.165304604,0.039907439
1.071950275,0.044804099,0.000011874,-0.087802572,0.089534935,0.165594071,0.039860569
1.073383116,0.044893082,0.000011894,-0.087963037,0.089683908,0.165882854,0.039813790
1.074812487,0.044981856,0.000011915,-0.088123124,0.089832527,0.166170954,0.039767101
1.076238380,0.045070421,0.000011935,-0.088282830,0.089980792,0.166458368,0.039720504
1.077660791,0.045158776,0.000011955,-0.088442157,0.090128700,0.166745095,0.039673997
1.079079713,0.045246921,0.000011976,-0.088601102,0.090276253,0.167031134,0.039627582
1.080495140,0.045334855,0.000011996,-0.088759666,0.090423449,0.167316485,0.039581258
1.081907066,0.045422579,0.000012016,-0.088917847,0.090570287,0.167601145,0.039535026
1.083315485,0.045510091,0.000012036,-0.089075645,0.090716768,0.167885113,0.039488886
1.084720391,0.045597392,0.000012056,-0.089233060,0.090862890,0.168168388,0.039442838
1.086121778,0.045684481,0.000012076,-0.089390090,0.091008652,0.168450969,0.039396882
1.087519639,0.045771357,0.000012096,-0.089546735,0.091154055,0.168732855,0.039351019
1.088913969,0.045858021,0.000012116,-0.089702994,0.091299097,0.169014044,0.039305249
1.090304761,0.045944471,0.000012136,-0.089858867,0.091443777,0.169294536,0.039259572
1.091692010,0.046030708,0.000012155,-0.090014353,0.091588096,0.169574328,0.039213988
1.093075709,0.046116731,0.000012175,-0.090169451,0.091732053,0.169853420,0.039168497
1.094455852,0.046202540,0.000012195,-0.090324160,0.091875646,0.170131811,0.039123100
1.095832434,0.046288134,0.000012214,-0.090478480,0.092018876,0.170409499,0.039077797
1.097205448,0.046373513,0.000012234,-0.090632410,0.092161741,0.170686483,0.039032588
1.098574888,0.046458677,0.000012254,-0.090785949,0.092304241,0.170962762,0.038987473
1.099940748,0.046543625,0.000012273,-0.090939098,0.092446375,0.171238334,0.038942453
1.101303022,0.046628356,0.000012293,-0.091091854,0.092588144,0.171513199,0.038897527
1.102661703,0.046712871,0.000012312,-0.091244217,0.092729545,0.171787354,0.038852696
1.104016787,0.046797169,0.000012331,-0.091396188,0.092870579,0.172060800,0.038807961
1.105368266,0.046881250,0.000012351,-0.091547764,0.093011244,0.172333534,0.038763321
1.106716135,0.046965113,0.000012370,-0.091698945,0.093151541,0.172605556,0.038718776
1.108060388,0.047048758,0.000012389,-0.091849732,0.093291468,0.172876864,0.038674327
1.109401018,0.047132184,0.000012408,-0.092000122,0.093431025,0.173147456,0.038629974
1.110738019,0.047215392,0.000012427,-0.092150115,0.093570212,0.173417333,0.038585717
1.112071386,0.047298380,0.000012446,-0.092299711,0.093709027,0.173686492,0.038541557
1.113401112,0.047381149,0.000012465,-0.092448908,0.093847470,0.173954932,0.038497493
1.114727191,0.047463698,0.000012484,-0.092597707,0.093985540,0.174222652,0.038453526
1.116049617,0.047546026,0.000012503,-0.092746107,0.094123237,0.174489650,0.038409656
1.117368385,0.047628133,0.000012522,-0.092894106,0.094260560,0.174755927,0.038365884
1.118683487,0.047710020,0.000012541,-0.093041704,0.094397509,0.175021479,0.038322208
1.119994918,0.047791685,0.000012559,-0.093188901,0.094534082,0.175286307,0.038278631
1.121302672,0.047873128,0.000012578,-0.093335695,0.094670280,0.175550409,0.038235151
1.122606743,0.047954348,0.000012597,-0.093482087,0.094806101,0.175813783,0.038191770
1.123907125,0.048035346,0.000012615,-0.093628074,0.094941545,0.176076428,0.038148486
1.125203811,0.048116121,0.000012634,-0.093773658,0.095076611,0.176338344,0.038105302
1.126496795,0.048196672,0.000012652,-0.093918836,0.095211299,0.176599528,0.038062216
1.127786072,0.048277000,0.000012671,-0.094063609,0.095345608,0.176859980,0.038019229
1.129071636,0.048357103,0.000012689,-0.094207976,0.095479537,0.177119699,0.037976341
1.130353480,0.048436982,0.000012707,-0.094351935,0.095613086,0.177378683,0.037933552
1.131631598,0.048516636,0.000012726,-0.094495487,0.095746254,0.177636930,0.037890863
1.132905984,0.048596065,0.000012744,-0.094638630,0.095879041,0.177894441,0.037848274
1.134176632,0.048675267,0.000012762,-0.094781364,0.096011445,0.178151212,0.037805785
1.135443537,0.048754244,0.000012780,-0.094923688,0.096143466,0.178407245,0.037763396
1.136706691,0.048832994,0.000012798,-0.095065602,0.096275104,0.178662536,0.037721107
1.137966089,0.048911518,0.000012816,-0.095207105,0.096406358,0.178917085,0.037678919
1.139221725,0.048989814,0.000012834,-0.095348195,0.096537228,0.179170890,0.037636832
1.140473593,0.049067882,0.000012852,-0.095488874,0.096667712,0.179423951,0.037594846
1.141721686,0.049145722,0.000012870,-0.095629138,0.096797809,0.179676266,0.037552962
1.142965999,0.049223334,0.000012888,-0.095768989,0.096927521,0.179927834,0.037511179
1.144206525,0.049300718,0.000012905,-0.095908426,0.097056845,0.180178653,0.037469497
1.145443259,0.049377872,0.000012923,-0.096047447,0.097185781,0.180428723,0.037427918
1.146676194,0.049454796,0.000012941,-0.096186052,0.097314328,0.180678042,0.037386440
1.147905324,0.049531491,0.000012958,-0.096324241,0.097442487,0.180926608,0.037345065
1.149130644,0.049607955,0.000012976,-0.096462012,0.097570255,0.181174422,0.037303792
1.150352147,0.049684189,0.000012993,-0.096599365,0.097697633,0.181421481,0.037262623
1.151569826,0.049760191,0.000013011,-0.096736299,0.097824620,0.181667784,0.037221556
1.152783677,0.049835963,0.000013028,-0.096872814,0.097951216,0.181913330,0.037180592
1.153993693,0.049911502,0.000013045,-0.097008909,0.098077419,0.182158118,0.037139732
1.155199867,0.049986809,0.000013063,-0.097144583,0.098203229,0.182402146,0.037098975
1.156402195,0.050061883,0.000013080,-0.097279835,0.098328645,0.182645414,0.037058323
1.157600669,0.050136725,0.000013097,-0.097414666,0.098453667,0.182887920,0.037017774
1.158795283,0.050211333,0.000013114,-0.097549073,0.098578294,0.183129662,0.036977329
1.159986032,0.050285707,0.000013131,-0.097683057,0.098702526,0.183370641,0.036936989
1.161172910,0.050359848,0.000013148,-0.097816617,0.098826361,0.183610853,0.036896754
1.162355910,0.050433754,0.000013165,-0.097949752,0.098949800,0.183850299,0.036856623
1.163535026,0.050507425,0.000013182,-0.098082461,0.099072841,0.184088976,0.036816598
1.164710253,0.050580860,0.000013199,-0.098214744,0.099195485,0.184326884,0.036776678
1.165881583,0.050654060,0.000013215,-0.098346600,0.099317729,0.184564022,0.036736863
1.167049012,0.050727024,0.000013232,-0.098478028,0.099439574,0.184800388,0.036697155
1.168212533,0.050799752,0.000013249,-0.098609028,0.099561019,0.185035980,0.036657552
1.169372139,0.050872243,0.000013265,-0.098739599,0.099682064,0.185270799,0.036618055
1.170527826,0.050944496,0.000013282,-0.098869741,0.099802707,0.185504841,0.036578665
1.171679586,0.051016512,0.000013298,-0.098999452,0.099922949,0.185738108,0.036539381
1.172827415,0.051088291,0.000013315,-0.099128732,0.100042787,0.185970596,0.036500204
1.173971304,0.051159831,0.000013331,-0.099257580,0.100162223,0.186202305,0.036461134
1.175111250,0.051231132,0.000013348,-0.099385995,0.100281255,0.186433233,0.036422171
1.176247245,0.051302194,0.000013364,-0.099513978,0.100399883,0.186663380,0.036383316
1.177379283,0.051373017,0.000013380,-0.099641526,0.100518105,0.186892744,0.036344568
1.178507358,0.051443599,0.000013396,-0.099768641,0.100635922,0.187121323,0.036305929
1.179631465,0.051513942,0.000013412,-0.099895319,0.100753332,0.187349118,0.036267397
1.180751597,0.051584044,0.000013428,-0.100021562,0.100870336,0.187576125,0.036228973
1.181867749,0.051653905,0.000013444,-0.100147369,0.100986931,0.187802345,0.036190658
1.182979913,0.051723525,0.000013460,-0.100272738,0.101103119,0.188027776,0.036152452
1.184088084,0.051792903,0.000013476,-0.100397669,0.101218898,0.188252416,0.036114355
1.185192256,0.051862038,0.000013492,-0.100522162,0.101334267,0.188476265,0.036076367
1.186292424,0.051930932,0.000013508,-0.100646215,0.101449226,0.188699321,0.036038488
1.187388579,0.051999582,0.000013524,-0.100769829,0.101563774,0.188921583,0.036000719
1.188480718,0.052067989,0.000013539,-0.100893001,0.101677911,0.189143050,0.035963059
1.189568833,0.052136153,0.000013555,-0.101015733,0.101791636,0.189363720,0.035925509
1.190652919,0.052204072,0.000013570,-0.101138022,0.101904948,0.189583593,0.035888070
1.191732969,0.052271747,0.000013586,-0.101259868,0.102017847,0.189802666,0.035850741
1.192808977,0.052339178,0.000013601,-0.101381271,0.102130332,0.190020940,0.035813523
1.193880938,0.052406363,0.000013617,-0.101502230,0.102242402,0.190238411,0.035776415
1.194948845,0.052473302,0.000013632,-0.101622744,0.102354057,0.190455081,0.035739419
1.196012692,0.052539996,0.000013647,-0.101742813,0.102465296,0.190670946,0.035702534
1.197072474,0.052606443,0.000013662,-0.101862435,0.102576118,0.190886006,0.035665760
1.198128183,0.052672644,0.000013678,-0.101981611,0.102686524,0.191100260,0.035629098
1.199179814,0.052738597,0.000013693,-0.102100339,0.102796512,0.191313707,0.035592548
1.200227361,0.052804303,0.000013708,-0.102218619,0.102906081,0.191526344,0.035556110
1.201270818,0.052869762,0.000013723,-0.102336450,0.103015231,0.191738172,0.035519784
1.202310179,0.052934972,0.000013738,-0.102453831,0.103123962,0.191949188,0.035483571
1.203345437,0.052999933,0.000013752,-0.102570762,0.103232272,0.192159391,0.035447470
1.204376587,0.053064645,0.000013767,-0.102687242,0.103340161,0.192368781,0.035411483
1.205403623,0.053129109,0.000013782,-0.102803270,0.103447629,0.192577356,0.035375608
1.206426538,0.053193322,0.000013797,-0.102918846,0.103554674,0.192785115,0.035339847
1.207445326,0.053257285,0.000013811,-0.103033969,0.103661297,0.192992056,0.035304200
1.208459981,0.053320998,0.000013826,-0.103148638,0.103767496,0.193198178,0.035268666
1.209470498,0.053384459,0.000013840,-0.103262853,0.103873271,0.193403481,0.035233247
1.210476870,0.053447670,0.000013855,-0.103376612,0.103978621,0.193607962,0.035197941
1.211479091,0.053510629,0.000013869,-0.103489916,0.104083546,0.193811621,0.035162750
1.212477155,0.053573336,0.000013884,-0.103602764,0.104188045,0.194014457,0.035127674
1.213471056,0.053635790,0.000013898,-0.103715154,0.104292117,0.194216467,0.035092713
1.214460787,0.053697992,0.000013912,-0.103827086,0.104395762,0.194417652,0.035057866
1.215446344,0.053759940,0.000013926,-0.103938560,0.104498978,0.194618009,0.035023135
1.216427719,0.053821635,0.000013940,-0.104049575,0.104601767,0.194817537,0.034988520
1.217404907,0.053883076,0.000013954,-0.104160130,0.104704126,0.195016236,0.034954020
1.218377901,0.053944262,0.000013968,-0.104270224,0.104806055,0.195214103,0.034919636
1.219346696,0.054005194,0.000013982,-0.104379857,0.104907553,0.195411139,0.034885368
1.220311285,0.054065871,0.000013996,-0.104489028,0.105008621,0.195607341,0.034851217
1.221271662,0.054126292,0.000014010,-0.104597736,0.105109257,0.195802708,0.034817182
1.222227822,0.054186458,0.000014024,-0.104705981,0.105209460,0.195997239,0.034783264
1.223179758,0.054246367,0.000014037,-0.104813762,0.105309231,0.196190933,0.034749463
1.224127464,0.054306020,0.000014051,-0.104921078,0.105408567,0.196383789,0.034715779
1.225070934,0.054365415,0.000014065,-0.105027929,0.105507470,0.196575805,0.034682212
1.226010162,0.054424554,0.000014078,-0.105134313,0.105605937,0.196766980,0.034648763
1.226945142,0.054483434,0.000014092,-0.105240231,0.105703969,0.196957312,0.034615432
1.227875867,0.054542057,0.000014105,-0.105345682,0.105801565,0.197146802,0.034582219
1.228802333,0.054600421,0.000014118,-0.105450664,0.105898724,0.197335447,0.034549125
1.229724532,0.054658526,0.000014132,-0.105555178,0.105995445,0.197523246,0.034516148
1.230642458,0.054716371,0.000014145,-0.105659222,0.106091728,0.197710198,0.034483291
1.231556107,0.054773957,0.000014158,-0.105762796,0.106187573,0.197896301,0.034450552
1.232465470,0.054831283,0.000014171,-0.105865899,0.106282978,0.198081556,0.034417932
1.233370543,0.054888349,0.000014184,-0.105968530,0.106377943,0.198265959,0.034385432
1.234271319,0.054945154,0.000014197,-0.106070689,0.106472467,0.198449510,0.034353051
1.235167793,0.055001697,0.000014210,-0.106172375,0.106566551,0.198632209,0.034320790
1.236059957,0.055057979,0.000014223,-0.106273588,0.106660192,0.198814052,0.034288649
1.236947807,0.055113999,0.000014236,-0.106374326,0.106753390,0.198995040,0.034256628
1.237831336,0.055169757,0.000014248,-0.106474589,0.106846146,0.199175171,0.034224728
1.238710537,0.055225252,0.000014261,-0.106574377,0.106938458,0.199354444,0.034192948
1.239585406,0.055280484,0.000014274,-0.106673688,0.107030325,0.199532858,0.034161289
1.240455935,0.055335453,0.000014286,-0.106772522,0.107121747,0.199710410,0.034129751
1.241322119,0.055390157,0.000014299,-0.106870879,0.107212723,0.199887101,0.034098334
1.242183951,0.055444598,0.000014311,-0.106968757,0.107303253,0.200062929,0.034067039
1.243041426,0.055498773,0.000014324,-0.107066155,0.107393336,0.200237893,0.034035865
1.243894538,0.055552684,0.000014336,-0.107163074,0.107482971,0.200411991,0.034004813
1.244743279,0.055606329,0.000014348,-0.107259513,0.107572158,0.200585222,0.033973883
1.245587646,0.055659709,0.000014360,-0.107355470,0.107660896,0.200757585,0.033943076
1.246427630,0.055712823,0.000014372,-0.107450946,0.107749185,0.200929079,0.033912391
1.247263227,0.055765670,0.000014384,-0.107545939,0.107837023,0.201099702,0.033881828
1.248094430,0.055818250,0.000014396,-0.107640448,0.107924410,0.201269453,0.033851389
1.248921232,0.055870562,0.000014408,-0.107734474,0.108011346,0.201438332,0.033821073
1.249743629,0.055922607,0.000014420,-0.107828015,0.108097830,0.201606336,0.033790880
1.250561614,0.055974385,0.000014432,-0.107921071,0.108183862,0.201773465,0.033760811
1.251375180,0.056025893,0.000014444,-0.108013641,0.108269439,0.201939718,0.033730865
1.252184322,0.056077133,0.000014456,-0.108105724,0.108354563,0.202105092,0.033701043
1.252989034,0.056128104,0.000014467,-0.108197320,0.108439232,0.202269587,0.033671346
1.253789310,0.056178805,0.000014479,-0.108288428,0.108523446,0.202433202,0.033641773
1.254585143,0.056229236,0.000014490,-0.108379047,0.108607204,0.202595935,0.033612325
1.255376527,0.056279397,0.000014502,-0.108469177,0.108690506,0.202757786,0.033583001
1.256163457,0.056329287,0.000014513,-0.108558817,0.108773350,0.202918752,0.033553803
1.256945926,0.056378906,0.000014524,-0.108647965,0.108855736,0.203078833,0.033524730
1.257723928,0.056428253,0.000014536,-0.108736623,0.108937664,0.203238027,0.033495782
1.258497457,0.056477329,0.000014547,-0.108824788,0.109019133,0.203396334,0.033466960
1.259266508,0.056526132,0.000014558,-0.108912460,0.109100142,0.203553752,0.033438264
1.260031073,0.056574663,0.000014569,-0.108999639,0.109180691,0.203710279,0.033409694
1.260791148,0.056622920,0.000014580,-0.109086324,0.109260779,0.203865915,0.033381250
1.261546725,0.056670905,0.000014591,-0.109172514,0.109340405,0.204020658,0.033352933
1.262297799,0.056718615,0.000014602,-0.109258208,0.109419569,0.204174508,0.033324743
1.263044364,0.056766052,0.000014613,-0.109343406,0.109498270,0.204327462,0.033296679
1.263786413,0.056813214,0.000014623,-0.109428106,0.109576507,0.204479519,0.033268743
1.264523941,0.056860101,0.000014634,-0.109512310,0.109654281,0.204630680,0.033240934
1.265256941,0.056906712,0.000014645,-0.109596015,0.109731589,0.204780941,0.033213253
1.265985408,0.056953048,0.000014655,-0.109679220,0.109808432,0.204930302,0.033185700
1.266709335,0.056999108,0.000014666,-0.109761927,0.109884809,0.205078762,0.033158274
1.267428716,0.057044892,0.000014676,-0.109844132,0.109960719,0.205226319,0.033130977
1.268143546,0.057090399,0.000014687,-0.109925837,0.110036162,0.205372972,0.033103808
1.268853818,0.057135628,0.000014697,-0.110007040,0.110111137,0.205518720,0.033076768
1.269559525,0.057180580,0.000014707,-0.110087741,0.110185643,0.205663562,0.033049857
1.270260663,0.057225254,0.000014717,-0.110167938,0.110259680,0.205807497,0.033023075
1.270957224,0.057269650,0.000014727,-0.110247632,0.110333248,0.205950522,0.032996422
1.271649204,0.057313767,0.000014737,-0.110326821,0.110406344,0.206092638,0.032969899
1.272336595,0.057357605,0.000014747,-0.110405504,0.110478970,0.206233843,0.032943505
1.273019392,0.057401163,0.000014757,-0.110483682,0.110551123,0.206374135,0.032917241
1.273697588,0.057444441,0.000014767,-0.110561354,0.110622804,0.206513513,0.032891108
1.274371178,0.057487440,0.000014777,-0.110638518,0.110694012,0.206651977,0.032865105
1.275040155,0.057530157,0.000014787,-0.110715174,0.110764747,0.206789524,0.032839232
1.275704514,0.057572594,0.000014796,-0.110791322,0.110835007,0.206926154,0.032813490
1.276364248,0.057614749,0.000014806,-0.110866960,0.110904792,0.207061865,0.032787879
1.277019351,0.057656622,0.000014815,-0.110942088,0.110974101,0.207196657,0.032762400
1.277669817,0.057698214,0.000014825,-0.111016706,0.111042935,0.207330527,0.032737051
1.278315641,0.057739522,0.000014834,-0.111090812,0.111111291,0.207463475,0.032711835
1.278956815,0.057780548,0.000014844,-0.111164406,0.111179170,0.207595500,0.032686750
1.279593334,0.057821291,0.000014853,-0.111237488,0.111246570,0.207726600,0.032661797
1.280225192,0.057861749,0.000014862,-0.111310056,0.111313492,0.207856774,0.032636977
1.280852383,0.057901924,0.000014871,-0.111382109,0.111379935,0.207986020,0.032612289
1.281474901,0.057941814,0.000014880,-0.111453649,0.111445897,0.208114338,0.032587734
1.282092739,0.057981420,0.000014889,-0.111524672,0.111511379,0.208241726,0.032563311
1.282705892,0.058020740,0.000014898,-0.111595179,0.111576379,0.208368184,0.032539022
1.283314354,0.058059775,0.000014907,-0.111665170,0.111640897,0.208493709,0.032514866
1.283918117,0.058098524,0.000014916,-0.111734643,0.111704933,0.208618301,0.032490844
1.284517177,0.058136986,0.000014925,-0.111803598,0.111768486,0.208741958,0.032466955
1.285111528,0.058175162,0.000014933,-0.111872034,0.111831554,0.208864679,0.032443201
1.285701162,0.058213050,0.000014942,-0.111939950,0.111894138,0.208986463,0.032419580
1.286286075,0.058250651,0.000014950,-0.112007346,0.111956237,0.209107309,0.032396094
1.286866259,0.058287964,0.000014959,-0.112074221,0.112017850,0.209227215,0.032372743
1.287441710,0.058324989,0.000014967,-0.112140574,0.112078977,0.209346180,0.032349526
1.288012421,0.058361726,0.000014976,-0.112206405,0.112139617,0.209464203,0.032326444
1.288578385,0.058398173,0.000014984,-0.112271713,0.112199769,0.209581283,0.032303498
1.289139597,0.058434331,0.000014992,-0.112336497,0.112259433,0.209697419,0.032280687
1.289696051,0.058470199,0.000015000,-0.112400757,0.112318607,0.209812608,0.032258012
1.290247740,0.058505777,0.000015008,-0.112464491,0.112377292,0.209926851,0.032235472
1.290794659,0.058541064,0.000015016,-0.112527700,0.112435487,0.210040146,0.032213069
1.291336801,0.058576061,0.000015024,-0.112590383,0.112493191,0.210152491,0.032190802
1.291874161,0.058610766,0.000015032,-0.112652538,0.112550404,0.210263885,0.032168671
1.292406732,0.058645179,0.000015040,-0.112714165,0.112607124,0.210374327,0.032146678
1.292934508,0.058679301,0.000015048,-0.112775264,0.112663352,0.210483817,0.032124821
1.293457483,0.058713130,0.000015055,-0.112835834,0.112719086,0.210592351,0.032103101
1.293975652,0.058746666,0.000015063,-0.112895874,0.112774326,0.210699931,0.032081519
1.294489007,0.058779909,0.000015070,-0.112955383,0.112829072,0.210806553,0.032060074
1.294997544,0.058812858,0.000015078,-0.113014361,0.112883322,0.210912217,0.032038767
1.295501255,0.058845513,0.000015085,-0.113072807,0.112937076,0.211016922,0.032017598
1.296000135,0.058877874,0.000015093,-0.113130720,0.112990333,0.211120667,0.031996567
1.296494177,0.058909940,0.000015100,-0.113188100,0.113043094,0.211223449,0.031975675
1.296983377,0.058941712,0.000015107,-0.113244946,0.113095356,0.211325269,0.031954921
1.297467727,0.058973187,0.000015114,-0.113301258,0.113147120,0.211426124,0.031934306
1.297947221,0.059004367,0.000015121,-0.113357033,0.113198385,0.211526014,0.031913830
1.298421854,0.059035250,0.000015128,-0.113412273,0.113249150,0.211624937,0.031893494
1.298891619,0.059065837,0.000015135,-0.113466976,0.113299415,0.211722892,0.031873297
1.299356510,0.059096127,0.000015142,-0.113521142,0.113349179,0.211819878,0.031853239
1.299816522,0.059126120,0.000015149,-0.113574769,0.113398441,0.211915894,0.031833322
1.300271648,0.059155814,0.000015155,-0.113627858,0.113447200,0.212010938,0.031813545
1.300721881,0.059185211,0.000015162,-0.113680407,0.113495457,0.212105009,0.031793908
1.301167217,0.059214309,0.000015169,-0.113732416,0.113543210,0.212198106,0.031774411
1.301607649,0.059243108,0.000015175,-0.113783884,0.113590459,0.212290227,0.031755056
1.302043170,0.059271607,0.000015182,-0.113834811,0.113637203,0.212381372,0.031735841
1.302473775,0.059299807,0.000015188,-0.113885195,0.113683442,0.212471539,0.031716767
1.302899458,0.059327707,0.000015194,-0.113935036,0.113729174,0.212560727,0.031697835
1.303320213,0.059355307,0.000015201,-0.113984334,0.113774400,0.212648935,0.031679045
1.303736033,0.059382605,0.000015207,-0.114033087,0.113819118,0.212736161,0.031660396
1.304146912,0.059409603,0.000015213,-0.114081296,0.113863329,0.212822404,0.031641889
1.304552845,0.059436298,0.000015219,-0.114128958,0.113907030,0.212907664,0.031623525
1.304953825,0.059462692,0.000015225,-0.114176075,0.113950222,0.212991938,0.031605303
1.305349846,0.059488784,0.000015231,-0.114222644,0.113992905,0.213075226,0.031587223
1.305740903,0.059514572,0.000015236,-0.114268666,0.114035077,0.213157526,0.031569287
1.306126988,0.059540058,0.000015242,-0.114314139,0.114076737,0.213238837,0.031551493
1.306508097,0.059565240,0.000015248,-0.114359063,0.114117886,0.213319158,0.031533843
1.306884222,0.059590118,0.000015253,-0.114403437,0.114158522,0.213398487,0.031516337
1.307255359,0.059614692,0.000015259,-0.114447261,0.114198645,0.213476824,0.031498974
1.307621500,0.059638961,0.000015264,-0.114490533,0.114238255,0.213554167,0.031481755
1.307982640,0.059662926,0.000015270,-0.114533254,0.114277350,0.213630515,0.031464680
1.308338772,0.059686584,0.000015275,-0.114575422,0.114315930,0.213705867,0.031447750
1.308689891,0.059709938,0.000015280,-0.114617037,0.114353994,0.213780221,0.031430964
1.309035991,0.059732984,0.000015286,-0.114658098,0.114391542,0.213853576,0.031414323
1.309377065,0.059755725,0.000015291,-0.114698604,0.114428573,0.213925931,0.031397827
1.309713107,0.059778158,0.000015296,-0.114738555,0.114465087,0.213997285,0.031381477
1.310044112,0.059800284,0.000015301,-0.114777950,0.114501082,0.214067637,0.031365271
1.310370072,0.059822102,0.000015306,-0.114816789,0.114536559,0.214136984,0.031349211
1.310690983,0.059843613,0.000015310,-0.114855070,0.114571516,0.214205327,0.031333298
1.311006838,0.059864815,0.000015315,-0.114892793,0.114605953,0.214272664,0.031317530
1.311317631,0.059885708,0.000015320,-0.114929957,0.114639869,0.214338993,0.031301908
1.311623356,0.059906291,0.000015324,-0.114966562,0.114673264,0.214404313,0.031286433
1.311924006,0.059926565,0.000015329,-0.115002607,0.114706137,0.214468624,0.031271105
1.312219577,0.059946530,0.000015333,-0.115038091,0.114738487,0.214531923,0.031255924
1.312510061,0.059966183,0.000015338,-0.115073014,0.114770314,0.214594210,0.031240889
1.312795452,0.059985526,0.000015342,-0.115107374,0.114801617,0.214655484,0.031226002
1.313075746,0.060004558,0.000015346,-0.115141172,0.114832395,0.214715742,0.031211263
1.313350934,0.060023279,0.000015351,-0.115174406,0.114862648,0.214774985,0.031196671
1.313621012,0.060041687,0.000015355,-0.115207076,0.114892375,0.214833210,0.031182228
1.313885974,0.060059783,0.000015359,-0.115239181,0.114921576,0.214890417,0.031167932
1.314145812,0.060077567,0.000015363,-0.115270720,0.114950250,0.214946604,0.031153785
1.314400522,0.060095037,0.000015367,-0.115301693,0.114978396,0.215001770,0.031139786
1.314650097,0.060112195,0.000015370,-0.115332099,0.115006014,0.215055913,0.031125937
1.314894530,0.060129038,0.000015374,-0.115361938,0.115033103,0.215109034,0.031112236
1.315133817,0.060145567,0.000015378,-0.115391208,0.115059662,0.215161129,0.031098685
1.315367951,0.060161782,0.000015381,-0.115419909,0.115085691,0.215212199,0.031085283
1.315596925,0.060177681,0.000015385,-0.115448041,0.115111188,0.215262241,0.031072031
1.315820734,0.060193266,0.000015388,-0.115475602,0.115136155,0.215311255,0.031058928
1.316039372,0.060208534,0.000015392,-0.115502592,0.115160589,0.215359239,0.031045976
1.316252832,0.060223487,0.000015395,-0.115529010,0.115184490,0.215406193,0.031033174
1.316461109,0.060238123,0.000015398,-0.115554856,0.115207858,0.215452114,0.031020523
1.316664196,0.060252442,0.000015401,-0.115580129,0.115230692,0.215497002,0.031008022
1.316862088,0.060266444,0.000015405,-0.115604827,0.115252991,0.215540856,0.030995672
1.317054778,0.060280128,0.000015408,-0.115628952,0.115274755,0.215583673,0.030983474
1.317242260,0.060293494,0.000015410,-0.115652501,0.115295982,0.215625454,0.030971426
1.317424528,0.060306542,0.000015413,-0.115675474,0.115316673,0.215666196,0.030959531
1.317601576,0.060319272,0.000015416,-0.115697871,0.115336827,0.215705899,0.030947787
1.317773398,0.060331682,0.000015419,-0.115719690,0.115356443,0.215744561,0.030936195
1.317939989,0.060343772,0.000015422,-0.115740932,0.115375520,0.215782181,0.030924755
1.318101340,0.060355543,0.000015424,-0.115761595,0.115394059,0.215818758,0.030913468
1.318257448,0.060366993,0.000015427,-0.115781678,0.115412057,0.215854291,0.030902334
1.318408306,0.060378123,0.000015429,-0.115801182,0.115429515,0.215888778,0.030891352
1.318553906,0.060388932,0.000015431,-0.115820105,0.115446432,0.215922217,0.030880523
1.318694245,0.060399419,0.000015434,-0.115838446,0.115462807,0.215954609,0.030869848
1.318829315,0.060409584,0.000015436,-0.115856206,0.115478640,0.215985952,0.030859326
1.318959110,0.060419428,0.000015438,-0.115873383,0.115493929,0.216016243,0.030848958
1.319083625,0.060428948,0.000015440,-0.115889976,0.115508676,0.216045483,0.030838744
1.319202853,0.060438146,0.000015442,-0.115905985,0.115522877,0.216073670,0.030828684
1.319316788,0.060447021,0.000015444,-0.115921410,0.115536534,0.216100803,0.030818778
1.319425424,0.060455571,0.000015446,-0.115936249,0.115549646,0.216126880,0.030809027
1.319528755,0.060463798,0.000015448,-0.115950501,0.115562211,0.216151900,0.030799430
1.319626775,0.060471700,0.000015449,-0.115964167,0.115574230,0.216175862,0.030789989
1.319719478,0.060479277,0.000015451,-0.115977246,0.115585701,0.216198765,0.030780702
1.319806858,0.060486529,0.000015452,-0.115989736,0.115596624,0.216220607,0.030771571
1.319888908,0.060493456,0.000015454,-0.116001637,0.115606998,0.216241388,0.030762596
1.319965623,0.060500056,0.000015455,-0.116012949,0.115616823,0.216261106,0.030753777
1.320036997,0.060506330,0.000015456,-0.116023670,0.115626098,0.216279760,0.030745113
1.320103023,0.060512277,0.000015458,-0.116033800,0.115634822,0.216297348,0.030736606
1.320163696,0.060517897,0.000015459,-0.116043339,0.115642995,0.216313869,0.030728256
1.320219009,0.060523190,0.000015460,-0.116052286,0.115650617,0.216329323,0.030720062
1.320268956,0.060528155,0.000015461,-0.116060639,0.115657685,0.216343708,0.030712024
1.320313532,0.060532791,0.000015462,-0.116068398,0.115664201,0.216357022,0.030704144
1.320352729,0.060537099,0.000015463,-0.116075564,0.115670163,0.216369265,0.030696422
1.320386543,0.060541078,0.000015463,-0.116082134,0.115675570,0.216380434,0.030688857
1.320414966,0.060544727,0.000015464,-0.116088108,0.115680422,0.216390530,0.030681449
1.320437994,0.060548046,0.000015465,-0.116093486,0.115684719,0.216399551,0.030674200
1.320455619,0.060551036,0.000015465,-0.116098267,0.115688459,0.216407495,0.030667108
1.320467836,0.060553694,0.000015466,-0.116102450,0.115691642,0.216414361,0.030660175
1.320474639,0.060556022,0.000015466,-0.116106034,0.115694268,0.216420148,0.030653401
1.320476021,0.060558018,0.000015467,-0.116109019,0.115696335,0.216424855,0.030646785
1.320471977,0.060559683,0.000015467,-0.116111404,0.115697844,0.216428481,0.030640329
1.320462501,0.060561015,0.000015467,-0.116113189,0.115698793,0.216431024,0.030634031
1.320447585,0.060562016,0.000015467,-0.116114372,0.115699181,0.216432483,0.030627894
1.320427225,0.060562683,0.000015467,-0.116114954,0.115699010,0.216432857,0.030621915
1.320401415,0.060563017,0.000015467,-0.116114933,0.115698276,0.216432144,0.030616097
1.320370147,0.060563017,0.000015467,-0.116114308,0.115696981,0.216430344,0.030610439
1.320333417,0.060562683,0.000015467,-0.116113080,0.115695123,0.216427455,0.030604941
1.320291217,0.060562015,0.000015466,-0.116111246,0.115692701,0.216423476,0.030599603
1.320243543,0.060561013,0.000015466,-0.116108808,0.115689716,0.216418405,0.030594426
1.320190387,0.060559675,0.000015466,-0.116105763,0.115686166,0.216412243,0.030589410
1.320131745,0.060558001,0.000015465,-0.116102112,0.115682051,0.216404986,0.030584555
1.320067609,0.060555992,0.000015464,-0.116097853,0.115677369,0.216396634,0.030579862
1.319997973,0.060553646,0.000015464,-0.116092986,0.115672122,0.216387186,0.030575330
1.319922832,0.060550964,0.000015463,-0.116087510,0.115666307,0.216376641,0.030570960
1.319842180,0.060547944,0.000015462,-0.116081424,0.115659925,0.216364996,0.030566752
1.319756010,0.060544587,0.000015461,-0.116074729,0.115652974,0.216352252,0.030562706
1.319664316,0.060540893,0.000015460,-0.116067422,0.115645454,0.216338407,0.030558822
1.319567093,0.060536860,0.000015459,-0.116059504,0.115637364,0.216323459,0.030555102
1.319464334,0.060532488,0.000015458,-0.116050974,0.115628704,0.216307408,0.030551543
1.319356033,0.060527778,0.000015457,-0.116041831,0.115619473,0.216290251,0.030548148
1.319242184,0.060522728,0.000015455,-0.116032074,0.115609671,0.216271989,0.030544917
1.319122781,0.060517338,0.000015454,-0.116021703,0.115599296,0.216252619,0.030541848
1.318997818,0.060511609,0.000015453,-0.116010717,0.115588348,0.216232141,0.030538944
1.318867289,0.060505539,0.000015451,-0.115999115,0.115576827,0.216210552,0.030536203
1.318731188,0.060499128,0.000015449,-0.115986897,0.115564732,0.216187853,0.030533626
1.318589508,0.060492375,0.000015448,-0.115974062,0.115552062,0.216164042,0.030531214
1.318442244,0.060485282,0.000015446,-0.115960609,0.115538816,0.216139117,0.030528966
1.318289389,0.060477846,0.000015444,-0.115946538,0.115524995,0.216113077,0.030526883
1.318130938,0.060470067,0.000015442,-0.115931848,0.115510597,0.216085921,0.030524965
1.317966885,0.060461946,0.000015440,-0.115916537,0.115495621,0.216057648,0.030523212
1.317797222,0.060453482,0.000015438,-0.115900607,0.115480068,0.216028256,0.030521625
1.317621945,0.060444674,0.000015436,-0.115884055,0.115463936,0.215997745,0.030520203
1.317441047,0.060435523,0.000015434,-0.115866881,0.115447225,0.215966113,0.030518947
1.317254522,0.060426027,0.000015431,-0.115849085,0.115429934,0.215933359,0.030517856
1.317062364,0.060416186,0.000015429,-0.115830665,0.115412062,0.215899481,0.030516933
1.316864567,0.060406000,0.000015426,-0.115811622,0.115393609,0.215864479,0.030516175
1.316661125,0.060395469,0.000015424,-0.115791954,0.115374575,0.215828351,0.030515584
1.316452032,0.060384592,0.000015421,-0.115771660,0.115354958,0.215791096,0.030515160
1.316237282,0.060373369,0.000015418,-0.115750741,0.115334758,0.215752712,0.030514903
1.316016868,0.060361799,0.000015416,-0.115729195,0.115313975,0.215713199,0.030514814
1.315790784,0.060349883,0.000015413,-0.115707022,0.115292607,0.215672555,0.030514892
1.315559026,0.060337618,0.000015410,-0.115684221,0.115270654,0.215630779,0.030515137
1.315321585,0.060325007,0.000015407,-0.115660791,0.115248116,0.215587870,0.030515551
1.315078457,0.060312047,0.000015404,-0.115636731,0.115224991,0.215543826,0.030516133
1.314829636,0.060298738,0.000015400,-0.115612042,0.115201280,0.215498647,0.030516883
1.314575114,0.060285081,0.000015397,-0.115586721,0.115176981,0.215452330,0.030517801
1.314314887,0.060271074,0.000015394,-0.115560769,0.115152094,0.215404876,0.030518889
1.314048948,0.060256718,0.000015390,-0.115534186,0.115126619,0.215356282,0.030520145
1.313777290,0.060242012,0.000015387,-0.115506969,0.115100553,0.215306547,0.030521571
1.313499909,0.060226955,0.000015383,-0.115479119,0.115073898,0.215255671,0.030523166
1.313216797,0.060211548,0.000015379,-0.115450634,0.115046653,0.215203651,0.030524930
1.312927949,0.060195789,0.000015376,-0.115421515,0.115018815,0.215150487,0.030526865
1.312633359,0.060179679,0.000015372,-0.115391760,0.114990386,0.215096177,0.030528969
1.312333021,0.060163217,0.000015368,-0.115361369,0.114961365,0.215040721,0.030531244
1.312026928,0.060146403,0.000015364,-0.115330340,0.114931750,0.214984116,0.030533689
1.311715074,0.060129236,0.000015360,-0.115298675,0.114901541,0.214926363,0.030536305
1.311397454,0.060111716,0.000015356,-0.115266370,0.114870738,0.214867458,0.030539092
1.311074062,0.060093842,0.000015351,-0.115233427,0.114839340,0.214807402,0.030542050
1.310744890,0.060075615,0.000015347,-0.115199844,0.114807346,0.214746193,0.030545179
1.310409934,0.060057033,0.000015342,-0.115165621,0.114774756,0.214683830,0.030548480
1.310069187,0.060038097,0.000015338,-0.115130757,0.114741569,0.214620311,0.030551952
1.309722642,0.060018806,0.000015333,-0.115095251,0.114707784,0.214555635,0.030555597
1.309370295,0.059999159,0.000015329,-0.115059102,0.114673400,0.214489802,0.030559413
1.309012139,0.059979157,0.000015324,-0.115022311,0.114638418,0.214422809,0.030563402
1.308648167,0.059958798,0.000015319,-0.114984875,0.114602836,0.214354656,0.030567564
1.308278374,0.059938084,0.000015314,-0.114946795,0.114566655,0.214285342,0.030571898
1.307902754,0.059917012,0.000015309,-0.114908070,0.114529872,0.214214864,0.030576406
1.307521301,0.059895583,0.000015304,-0.114868699,0.114492488,0.214143223,0.030581086
1.307134007,0.059873796,0.000015299,-0.114828682,0.114454501,0.214070416,0.030585940
1.306740869,0.059851651,0.000015294,-0.114788017,0.114415912,0.213996442,0.030590968
1.306341879,0.059829148,0.000015288,-0.114746704,0.114376720,0.213921301,0.030596170
1.305937030,0.059806286,0.000015283,-0.114704743,0.114336923,0.213844991,0.030601546
1.305526319,0.059783065,0.000015277,-0.114662132,0.114296522,0.213767510,0.030607096
1.305109737,0.059759485,0.000015272,-0.114618872,0.114255516,0.213688858,0.030612820
1.304687279,0.059735544,0.000015266,-0.114574960,0.114213904,0.213609033,0.030618719
1.304258940,0.059711243,0.000015260,-0.114530398,0.114171685,0.213528034,0.030624793
1.303824712,0.059686582,0.000015255,-0.114485183,0.114128859,0.213445860,0.030631043
1.303384590,0.059661559,0.000015249,-0.114439315,0.114085425,0.213362510,0.030637467
1.302938568,0.059636175,0.000015243,-0.114392794,0.114041383,0.213277982,0.030644068
1.302486640,0.059610429,0.000015237,-0.114345619,0.113996731,0.213192275,0.030650844
1.302028799,0.059584321,0.000015231,-0.114297790,0.113951470,0.213105388,0.030657796
1.301565040,0.059557850,0.000015224,-0.114249304,0.113905599,0.213017319,0.030664924
1.301095356,0.059531016,0.000015218,-0.114200163,0.113859117,0.212928068,0.030672228
1.300619742,0.059503819,0.000015212,-0.114150365,0.113812022,0.212837633,0.030679710
1.300138191,0.059476258,0.000015205,-0.114099909,0.113764316,0.212746013,0.030687368
1.299650697,0.059448333,0.000015198,-0.114048795,0.113715997,0.212653207,0.030695203
1.299157254,0.059420044,0.000015192,-0.113997022,0.113667064,0.212559213,0.030703215
1.298657857,0.059391389,0.000015185,-0.113944589,0.113617517,0.212464030,0.030711405
1.298152499,0.059362370,0.000015178,-0.113891496,0.113567355,0.212367657,0.030719773
1.297641173,0.059332984,0.000015171,-0.113837742,0.113516578,0.212270094,0.030728318
1.297123874,0.059303233,0.000015164,-0.113783327,0.113465185,0.212171337,0.030737042
1.296600597,0.059273115,0.000015157,-0.113728249,0.113413175,0.212071387,0.030745944
1.296071334,0.059242631,0.000015150,-0.113672508,0.113360547,0.211970242,0.030755024
1.295536079,0.059211779,0.000015143,-0.113616104,0.113307302,0.211867901,0.030764283
1.294994827,0.059180560,0.000015135,-0.113559035,0.113253438,0.211764362,0.030773722
1.294447572,0.059148972,0.000015128,-0.113501301,0.113198955,0.211659625,0.030783339
1.293894307,0.059117017,0.000015120,-0.113442901,0.113143852,0.211553688,0.030793136
1.293335027,0.059084693,0.000015113,-0.113383835,0.113088128,0.211446550,0.030803112
1.292769724,0.059051999,0.000015105,-0.113324101,0.113031783,0.211338209,0.030813268
1.292198394,0.059018937,0.000015097,-0.113263700,0.112974817,0.211228665,0.030823604
1.291621031,0.058985504,0.000015090,-0.113202630,0.112917228,0.211117916,0.030834121
1.291037627,0.058951701,0.000015082,-0.113140891,0.112859015,0.211005962,0.030844817
1.290448177,0.058917528,0.000015074,-0.113078482,0.112800180,0.210892799,0.030855695
1.289852675,0.058882983,0.000015066,-0.113015403,0.112740719,0.210778429,0.030866753
1.289251115,0.058848067,0.000015057,-0.112951652,0.112680634,0.210662848,0.030877993
1.288643491,0.058812780,0.000015049,-0.112887229,0.112619923,0.210546057,0.030889413
1.288029796,0.058777120,0.000015041,-0.112822134,0.112558586,0.210428053,0.030901016
1.287410025,0.058741088,0.000015032,-0.112756365,0.112496622,0.210308836,0.030912800
1.286784172,0.058704683,0.000015024,-0.112689923,0.112434031,0.210188404,0.030924766
1.286152230,0.058667904,0.000015015,-0.112622805,0.112370811,0.210066756,0.030936914
1.285514194,0.058630752,0.000015006,-0.112555013,0.112306963,0.209943892,0.030949244
1.284870056,0.058593226,0.000014998,-0.112486544,0.112242485,0.209819808,0.030961757
1.284219812,0.058555325,0.000014989,-0.112417398,0.112177377,0.209694506,0.030974453
1.283563456,0.058517050,0.000014980,-0.112347575,0.112111639,0.209567982,0.030987332
1.282900980,0.058478400,0.000014971,-0.112277074,0.112045269,0.209440236,0.031000394
1.282232379,0.058439374,0.000014962,-0.112205894,0.111978267,0.209311267,0.031013639
1.281557648,0.058399972,0.000014952,-0.112134035,0.111910632,0.209181074,0.031027068
1.280876779,0.058360193,0.000014943,-0.112061495,0.111842365,0.209049654,0.031040681
1.280189767,0.058320038,0.000014934,-0.111988275,0.111773463,0.208917008,0.031054478
1.279496606,0.058279506,0.000014924,-0.111914373,0.111703927,0.208783133,0.031068459
1.278797289,0.058238596,0.000014915,-0.111839788,0.111633755,0.208648029,0.031082625
1.278091812,0.058197309,0.000014905,-0.111764521,0.111562948,0.208511694,0.031096975
1.277380166,0.058155643,0.000014895,-0.111688570,0.111491505,0.208374127,0.031111510
1.276662347,0.058113599,0.000014885,-0.111611935,0.111419424,0.208235327,0.031126231
1.275938348,0.058071176,0.000014875,-0.111534615,0.111346706,0.208095293,0.031141137
1.275208164,0.058028373,0.000014865,-0.111456609,0.111273349,0.207954023,0.031156228
1.274471788,0.057985190,0.000014855,-0.111377917,0.111199354,0.207811516,0.031171505
1.273729214,0.057941628,0.000014845,-0.111298538,0.111124719,0.207667771,0.031186968
1.272980436,0.057897685,0.000014835,-0.111218471,0.111049443,0.207522787,0.031202617
1.272225448,0.057853361,0.000014824,-0.111137716,0.110973527,0.207376562,0.031218453
1.271464244,0.057808655,0.000014814,-0.111056271,0.110896969,0.207229095,0.031234475
1.270696818,0.057763569,0.000014803,-0.110974137,0.110819769,0.207080385,0.031250684
1.269923164,0.057718100,0.000014793,-0.110891312,0.110741927,0.206930431,0.031267080
1.269143275,0.057672248,0.000014782,-0.110807796,0.110663441,0.206779232,0.031283663
1.268357146,0.057626014,0.000014771,-0.110723589,0.110584311,0.206626785,0.031300434
1.267564771,0.057579396,0.000014760,-0.110638688,0.110504536,0.206473091,0.031317392
1.266766143,0.057532395,0.000014749,-0.110553095,0.110424116,0.206318148,0.031334538
1.265961256,0.057485010,0.000014738,-0.110466807,0.110343050,0.206161954,0.031351873
1.265150105,0.057437241,0.000014727,-0.110379825,0.110261337,0.206004508,0.031369395
1.264332683,0.057389087,0.000014716,-0.110292148,0.110178977,0.205845809,0.031387106
1.263508984,0.057340548,0.000014705,-0.110203775,0.110095969,0.205685857,0.031405006
1.262679003,0.057291624,0.000014693,-0.110114705,0.110012313,0.205524648,0.031423095
1.261842732,0.057242313,0.000014682,-0.110024938,0.109928008,0.205362184,0.031441373
1.261000166,0.057192616,0.000014670,-0.109934472,0.109843052,0.205198461,0.031459840
1.260151300,0.057142533,0.000014658,-0.109843308,0.109757447,0.205033479,0.031478497
1.259296126,0.057092063,0.000014647,-0.109751445,0.109671190,0.204867237,0.031497344
1.258434638,0.057041205,0.000014635,-0.109658881,0.109584282,0.204699734,0.031516381
1.257566832,0.056989960,0.000014623,-0.109565617,0.109496721,0.204530968,0.031535608
1.256692700,0.056938326,0.000014611,-0.109471651,0.109408508,0.204360937,0.031555025
1.255812236,0.056886304,0.000014599,-0.109376984,0.109319641,0.204189642,0.031574633
1.254925436,0.056833893,0.000014586,-0.109281613,0.109230119,0.204017079,0.031594432
1.254032291,0.056781093,0.000014574,-0.109185539,0.109139943,0.203843250,0.031614422
1.253132797,0.056727903,0.000014562,-0.109088760,0.109049111,0.203668151,0.031634603
1.252226946,0.056674323,0.000014549,-0.108991277,0.108957624,0.203491782,0.031654975
1.251314735,0.056620352,0.000014537,-0.108893088,0.108865479,0.203314142,0.031675540
1.250396155,0.056565991,0.000014524,-0.108794193,0.108772677,0.203135229,0.031696296
1.249471201,0.056511238,0.000014511,-0.108694591,0.108679217,0.202955042,0.031717244
1.248539867,0.056456094,0.000014498,-0.108594281,0.108585098,0.202773580,0.031738385
1.247602147,0.056400558,0.000014485,-0.108493263,0.108490321,0.202590841,0.031759718
1.246658034,0.056344630,0.000014472,-0.108391536,0.108394883,0.202406825,0.031781244
1.245707524,0.056288309,0.000014459,-0.108289099,0.108298784,0.202221530,0.031802963
1.244750609,0.056231595,0.000014446,-0.108185952,0.108202024,0.202034955,0.031824875
1.243787283,0.056174487,0.000014433,-0.108082094,0.108104603,0.201847099,0.031846981
1.242817542,0.056116985,0.000014419,-0.107977524,0.108006519,0.201657961,0.031869280
1.241841377,0.056059090,0.000014406,-0.107872242,0.107907772,0.201467538,0.031891773
1.240858784,0.056000799,0.000014392,-0.107766246,0.107808361,0.201275831,0.031914460
1.239869756,0.055942114,0.000014379,-0.107659537,0.107708286,0.201082837,0.031937341
1.238874287,0.055883033,0.000014365,-0.107552113,0.107607545,0.200888556,0.031960417
1.237872372,0.055823556,0.000014351,-0.107443974,0.107506139,0.200692986,0.031983687
1.236864003,0.055763684,0.000014337,-0.107335119,0.107404067,0.200496127,0.032007153
1.235849175,0.055703414,0.000014323,-0.107225548,0.107301328,0.200297976,0.032030813
1.234827883,0.055642748,0.000014309,-0.107115259,0.107197921,0.200098532,0.032054669
1.233800119,0.055581685,0.000014295,-0.107004253,0.107093846,0.199897796,0.032078720
1.232765878,0.055520224,0.000014280,-0.106892527,0.106989103,0.199695764,0.032102967
1.231725153,0.055458364,0.000014266,-0.106780083,0.106883689,0.199492436,0.032127410
1.230677939,0.055396107,0.000014251,-0.106666918,0.106777606,0.199287811,0.032152049
1.229624230,0.055333450,0.000014237,-0.106553033,0.106670852,0.199081887,0.032176884
1.228564019,0.055270395,0.000014222,-0.106438427,0.106563427,0.198874663,0.032201916
1.227497301,0.055206939,0.000014207,-0.106323098,0.106455329,0.198666139,0.032227145
1.226424068,0.055143084,0.000014193,-0.106207047,0.106346559,0.198456312,0.032252571
1.225344316,0.055078829,0.000014178,-0.106090272,0.106237115,0.198245182,0.032278194
1.224258039,0.055014172,0.000014163,-0.105972773,0.106126998,0.198032747,0.032304014
1.223165229,0.054949115,0.000014147,-0.105854550,0.106016206,0.197819006,0.032330032
1.222065881,0.054883656,0.000014132,-0.105735601,0.105904739,0.197603958,0.032356248
1.220959989,0.054817795,0.000014117,-0.105615925,0.105792596,0.197387601,0.032382662
1.219847547,0.054751532,0.000014101,-0.105495523,0.105679777,0.197169935,0.032409274
1.218728549,0.054684866,0.000014086,-0.105374394,0.105566280,0.196950958,0.032436085
1.217602989,0.054617798,0.000014070,-0.105252536,0.105452106,0.196730668,0.032463094
1.216470860,0.054550326,0.000014055,-0.105129949,0.105337254,0.196509066,0.032490303
1.215332157,0.054482450,0.000014039,-0.105006633,0.105221722,0.196286148,0.032517710
1.214186873,0.054414170,0.000014023,-0.104882586,0.105105511,0.196061915,0.032545317
1.213035002,0.054345485,0.000014007,-0.104757808,0.104988619,0.195836365,0.032573123
1.211876539,0.054276396,0.000013991,-0.104632299,0.104871047,0.195609497,0.032601129
1.210711478,0.054206901,0.000013975,-0.104506057,0.104752793,0.195381309,0.032629335
1.209539811,0.054137001,0.000013959,-0.104379083,0.104633857,0.195151800,0.032657742
1.208361534,0.054066694,0.000013942,-0.104251374,0.104514238,0.194920969,0.032686348
1.207176639,0.053995981,0.000013926,-0.104122932,0.104393935,0.194688815,0.032715156
1.205985122,0.053924861,0.000013909,-0.103993754,0.104272949,0.194455337,0.032744164
1.204786975,0.053853334,0.000013893,-0.103863840,0.104151278,0.194220533,0.032773373
1.203582193,0.053781400,0.000013876,-0.103733190,0.104028921,0.193984401,0.032802783
1.202370771,0.053709057,0.000013859,-0.103601803,0.103905878,0.193746942,0.032832395
1.201152700,0.053636306,0.000013842,-0.103469678,0.103782149,0.193508154,0.032862209
1.199927977,0.053563147,0.000013825,-0.103336815,0.103657733,0.193268034,0.032892224
1.198696593,0.053489578,0.000013808,-0.103203212,0.103532628,0.193026583,0.032922442
1.197458545,0.053415599,0.000013791,-0.103068869,0.103406835,0.192783799,0.032952862
1.196213824,0.053341211,0.000013774,-0.102933786,0.103280353,0.192539680,0.032983484
1.194962426,0.053266413,0.000013756,-0.102797962,0.103153181,0.192294226,0.033014309
1.193704345,0.053191204,0.000013739,-0.102661395,0.103025319,0.192047435,0.033045337
1.192439573,0.053115584,0.000013721,-0.102524086,0.102896766,0.191799306,0.033076568
1.191168105,0.053039552,0.000013703,-0.102386034,0.102767520,0.191549838,0.033108003
1.189889936,0.052963109,0.000013686,-0.102247237,0.102637583,0.191299029,0.033139641
1.188605058,0.052886254,0.000013668,-0.102107696,0.102506952,0.191046879,0.033171483
1.187313467,0.052808986,0.000013650,-0.101967410,0.102375628,0.190793385,0.033203529
1.186015155,0.052731305,0.000013632,-0.101826377,0.102243610,0.190538548,0.033235779
1.184710116,0.052653211,0.000013614,-0.101684598,0.102110896,0.190282365,0.033268234
1.183398346,0.052574703,0.000013595,-0.101542072,0.101977488,0.190024835,0.033300893
1.182079837,0.052495781,0.000013577,-0.101398797,0.101843383,0.189765957,0.033333757
1.180754583,0.052416444,0.000013559,-0.101254773,0.101708581,0.189505731,0.033366826
1.179422579,0.052336693,0.000013540,-0.101110000,0.101573082,0.189244153,0.033400101
1.178083818,0.052256527,0.000013522,-0.100964477,0.101436884,0.188981225,0.033433581
1.176738295,0.052175944,0.000013503,-0.100818203,0.101299988,0.188716943,0.033467267
1.175386003,0.052094946,0.000013484,-0.100671177,0.101162393,0.188451307,0.033501158
1.174026935,0.052013532,0.000013465,-0.100523399,0.101024098,0.188184316,0.033535256
1.172661087,0.051931701,0.000013446,-0.100374868,0.100885102,0.187915969,0.033569560
1.171288452,0.051849453,0.000013427,-0.100225584,0.100745404,0.187646264,0.033604071
1.169909024,0.051766787,0.000013408,-0.100075545,0.100605005,0.187375199,0.033638788
1.168522796,0.051683703,0.000013389,-0.099924751,0.100463904,0.187102775,0.033673712
1.167129764,0.051600201,0.000013369,-0.099773202,0.100322099,0.186828989,0.033708844
1.165729920,0.051516281,0.000013350,-0.099620896,0.100179590,0.186553840,0.033744183
1.164323258,0.051431941,0.000013330,-0.099467833,0.100036377,0.186277327,0.033779729
1.162909773,0.051347182,0.000013310,-0.099314012,0.099892459,0.185999450,0.033815484
1.161489459,0.051262003,0.000013291,-0.099159434,0.099747836,0.185720205,0.033851446
1.160062309,0.051176404,0.000013271,-0.099004095,0.099602505,0.185439593,0.033887617
1.158628317,0.051090385,0.000013251,-0.098847998,0.099456468,0.185157613,0.033923996
1.157187478,0.051003944,0.000013231,-0.098691139,0.099309724,0.184874262,0.033960584
1.155739785,0.050917082,0.000013211,-0.098533520,0.099162271,0.184589540,0.033997381
1.154285231,0.050829799,0.000013190,-0.098375138,0.099014109,0.184303445,0.034034387
1.152823812,0.050742093,0.000013170,-0.098215994,0.098865238,0.184015976,0.034071602
1.151355521,0.050653965,0.000013150,-0.098056087,0.098715656,0.183727133,0.034109026
1.149880351,0.050565414,0.000013129,-0.097895416,0.098565364,0.183436913,0.034146661
1.148398298,0.050476440,0.000013108,-0.097733981,0.098414360,0.183145315,0.034184505
1.146909354,0.050387043,0.000013088,-0.097571780,0.098262644,0.182852339,0.034222560
1.145413514,0.050297221,0.000013067,-0.097408813,0.098110216,0.182557983,0.034260825
1.143910771,0.050206975,0.000013046,-0.097245080,0.097957074,0.182262246,0.034299300
1.142401120,0.050116304,0.000013025,-0.097080579,0.097803219,0.181965126,0.034337986
1.140884554,0.050025208,0.000013004,-0.096915310,0.097648648,0.181666623,0.034376884
1.139361068,0.049933687,0.000012982,-0.096749272,0.097493363,0.181366734,0.034415992
1.137830655,0.049841740,0.000012961,-0.096582465,0.097337361,0.181065460,0.034455312
1.136293309,0.049749366,0.000012940,-0.096414888,0.097180643,0.180762798,0.034494844
1.134749024,0.049656566,0.000012918,-0.096246540,0.097023208,0.180458747,0.034534587
1.133197794,0.049563338,0.000012896,-0.096077421,0.096865056,0.180153307,0.034574543
1.131639613,0.049469684,0.000012875,-0.095907530,0.096706184,0.179846476,0.034614711
1.130074475,0.049375601,0.000012853,-0.095736866,0.096546594,0.179538252,0.034655091
1.128502374,0.049281091,0.000012831,-0.095565428,0.096386284,0.179228635,0.034695684
1.126923304,0.049186151,0.000012809,-0.095393216,0.096225254,0.178917623,0.034736490
1.125337258,0.049090783,0.000012787,-0.095220229,0.096063502,0.178605215,0.034777509
1.123744231,0.048994986,0.000012765,-0.095046467,0.095901030,0.178291409,0.034818742
1.122144217,0.048898759,0.000012742,-0.094871928,0.095737834,0.177976205,0.034860188
1.120537209,0.048802101,0.000012720,-0.094696612,0.095573917,0.177659602,0.034901848
1.118923201,0.048705013,0.000012697,-0.094520519,0.095409275,0.177341598,0.034943721
1.117302188,0.048607495,0.000012675,-0.094343648,0.095243910,0.177022191,0.034985809
1.115674163,0.048509545,0.000012652,-0.094165997,0.095077819,0.176701381,0.035028112
1.114039120,0.048411164,0.000012629,-0.093987567,0.094911003,0.176379166,0.035070629
1.112397053,0.048312350,0.000012606,-0.093808356,0.094743462,0.176055546,0.035113361
1.110747957,0.048213104,0.000012583,-0.093628365,0.094575193,0.175730518,0.035156307
1.109091824,0.048113426,0.000012560,-0.093447591,0.094406197,0.175404082,0.035199470
1.107428649,0.048013314,0.000012537,-0.093266035,0.094236474,0.175076236,0.035242847
1.105758426,0.047912769,0.000012514,-0.093083696,0.094066021,0.174746980,0.035286441
1.104081148,0.047811790,0.000012490,-0.092900573,0.093894840,0.174416311,0.035330250
1.102396810,0.047710376,0.000012467,-0.092716666,0.093722929,0.174084230,0.035374275
1.100705406,0.047608528,0.000012443,-0.092531974,0.093550287,0.173750733,0.035418517
1.099006929,0.047506245,0.000012419,-0.092346495,0.093376914,0.173415821,0.035462975
1.097301374,0.047403527,0.000012396,-0.092160230,0.093202809,0.173079492,0.035507650
1.095588734,0.047300372,0.000012372,-0.091973178,0.093027972,0.172741745,0.035552542
1.093869003,0.047196782,0.000012348,-0.091785338,0.092852402,0.172402578,0.035597651
1.092142176,0.047092755,0.000012324,-0.091596710,0.092676098,0.172061991,0.035642977
1.090408246,0.046988291,0.000012299,-0.091407292,0.092499060,0.171719982,0.035688521
1.088667206,0.046883390,0.000012275,-0.091217084,0.092321287,0.171376549,0.035734283
1.086919052,0.046778051,0.000012251,-0.091026085,0.092142778,0.171031692,0.035780263
1.085163777,0.046672273,0.000012226,-0.090834295,0.091963533,0.170685410,0.035826461
1.083401374,0.046566058,0.000012202,-0.090641713,0.091783551,0.170337701,0.035872877
1.081631838,0.046459403,0.000012177,-0.090448339,0.091602832,0.169988563,0.035919512
1.079855163,0.046352310,0.000012152,-0.090254170,0.091421375,0.169637997,0.035966366
1.078071343,0.046244776,0.000012127,-0.090059208,0.091239179,0.169285999,0.036013439
1.076280371,0.046136803,0.000012102,-0.089863451,0.091056243,0.168932570,0.036060732
1.074482241,0.046028389,0.000012077,-0.089666899,0.090872568,0.168577708,0.036108244
1.072676948,0.045919535,0.000012052,-0.089469550,0.090688152,0.168221412,0.036155975
1.070864485,0.045810239,0.000012026,-0.089271404,0.090502994,0.167863680,0.036203927
1.069044847,0.045700502,0.000012001,-0.089072461,0.090317095,0.167504512,0.036252098
1.067218026,0.045590323,0.000011975,-0.088872720,0.090130453,0.167143905,0.036300490
1.065384018,0.045479702,0.000011950,-0.088672180,0.089943068,0.166781860,0.036349103
1.063542816,0.045368638,0.000011924,-0.088470840,0.089754939,0.166418373,0.036397936
1.061694414,0.045257131,0.000011898,-0.088268700,0.089566066,0.166053446,0.036446991
1.059838805,0.045145180,0.000011872,-0.088065759,0.089376447,0.165687075,0.036496266
1.057975985,0.045032786,0.000011846,-0.087862017,0.089186083,0.165319260,0.036545763
1.056105946,0.044919948,0.000011820,-0.087657472,0.088994972,0.164950000,0.036595482
1.054228682,0.044806664,0.000011794,-0.087452124,0.088803115,0.164579294,0.036645422
1.052344189,0.044692936,0.000011768,-0.087245972,0.088610509,0.164207139,0.036695584
1.050452459,0.044578763,0.000011741,-0.087039016,0.088417156,0.163833536,0.036745969
1.048553486,0.044464144,0.000011715,-0.086831255,0.088223053,0.163458482,0.036796576
1.046647264,0.044349079,0.000011688,-0.086622688,0.088028201,0.163081976,0.036847406
1.044733788,0.044233567,0.000011661,-0.086413314,0.087832599,0.162704018,0.036898459
1.042813051,0.044117609,0.000011634,-0.086203134,0.087636246,0.162324606,0.036949735
1.040885048,0.044001203,0.000011607,-0.085992146,0.087439141,0.161943739,0.037001234
1.038949771,0.043884350,0.000011580,-0.085780349,0.087241285,0.161561415,0.037052957
1.037007215,0.043767048,0.000011553,-0.085567743,0.087042675,0.161177633,0.037104903
1.035057374,0.043649299,0.000011526,-0.085354327,0.086843312,0.160792393,0.037157074
1.033100242,0.043531100,0.000011498,-0.085140100,0.086643196,0.160405692,0.037209469
1.031135813,0.043412453,0.000011471,-0.084925062,0.086442324,0.160017530,0.037262088
1.029164081,0.043293355,0.000011443,-0.084709213,0.086240698,0.159627906,0.037314931
1.027185039,0.043173808,0.000011416,-0.084492550,0.086038315,0.159236817,0.037368000
1.025198681,0.043053811,0.000011388,-0.084275075,0.085835176,0.158844264,0.037421293
1.023205003,0.042933363,0.000011360,-0.084056785,0.085631279,0.158450244,0.037474812
1.021203996,0.042812464,0.000011332,-0.083837681,0.085426625,0.158054756,0.037528556
1.019195656,0.042691113,0.000011304,-0.083617761,0.085221213,0.157657800,0.037582526
1.017179976,0.042569311,0.000011276,-0.083397025,0.085015041,0.157259374,0.037636721
1.015156950,0.042447056,0.000011247,-0.083175473,0.084808110,0.156859476,0.037691143
1.013126573,0.042324349,0.000011219,-0.082953103,0.084600418,0.156458106,0.037745791
1.011088837,0.042201189,0.000011190,-0.082729915,0.084391965,0.156055262,0.037800666
1.009043737,0.042077576,0.000011162,-0.082505908,0.084182751,0.155650944,0.037855767
1.006991268,0.041953508,0.000011133,-0.082281081,0.083972774,0.155245149,0.037911095
1.004931422,0.041828987,0.000011104,-0.082055435,0.083762034,0.154837877,0.037966650
1.002864193,0.041704011,0.000011075,-0.081828968,0.083550531,0.154429126,0.038022433
1.000789577,0.041578581,0.000011046,-0.081601679,0.083338264,0.154018895,0.038078443
0.998707566,0.041452695,0.000011017,-0.081373567,0.083125232,0.153607183,0.038134681
0.996618154,0.041326353,0.000010988,-0.081144633,0.082911434,0.153193988,0.038191147
0.994521336,0.041199556,0.000010959,-0.080914876,0.082696871,0.152779310,0.038247842
0.992417105,0.041072302,0.000010929,-0.080684294,0.082481540,0.152363147,0.038304764
0.990305456,0.040944591,0.000010900,-0.080452887,0.082265443,0.151945498,0.038361916
0.988186382,0.040816423,0.000010870,-0.080220654,0.082048577,0.151526362,0.038419296
0.986059877,0.040687798,0.000010840,-0.079987595,0.081830942,0.151105738,0.038476905
0.983925935,0.040558715,0.000010810,-0.079753709,0.081612539,0.150683623,0.038534743
0.981784550,0.040429173,0.000010780,-0.079518995,0.081393365,0.150260018,0.038592811
0.979635715,0.040299173,0.000010750,-0.079283453,0.081173421,0.149834920,0.038651109
0.977479426,0.040168714,0.000010720,-0.079047082,0.080952706,0.149408329,0.038709636
0.975315676,0.040037795,0.000010690,-0.078809880,0.080731219,0.148980243,0.038768394
0.973144458,0.039906416,0.000010659,-0.078571849,0.080508960,0.148550661,0.038827382
0.970965767,0.039774577,0.000010629,-0.078332986,0.080285927,0.148119582,0.038886601
0.968779596,0.039642278,0.000010598,-0.078093292,0.080062121,0.147687005,0.038946050
0.966585940,0.039509518,0.000010567,-0.077852765,0.079837541,0.147252928,0.039005730
0.964384792,0.039376296,0.000010537,-0.077611404,0.079612185,0.146817350,0.039065641
0.962176147,0.039242612,0.000010506,-0.077369210,0.079386054,0.146380270,0.039125784
0.959959997,0.039108467,0.000010475,-0.077126181,0.079159146,0.145941687,0.039186159
0.957736338,0.038973859,0.000010443,-0.076882317,0.078931462,0.145501599,0.039246765
0.955505163,0.038838788,0.000010412,-0.076637617,0.078703000,0.145060005,0.039307603
0.953266467,0.038703254,0.000010381,-0.076392081,0.078473760,0.144616904,0.039368674
0.951020242,0.038567256,0.000010349,-0.076145707,0.078243742,0.144172295,0.039429976
0.948766483,0.038430794,0.000010318,-0.075898495,0.078012943,0.143726177,0.039491512
0.946505183,0.038293868,0.000010286,-0.075650444,0.077781365,0.143278548,0.039553281
0.944236338,0.038156477,0.000010254,-0.075401554,0.077549006,0.142829406,0.039615282
0.941959940,0.038018621,0.000010222,-0.075151824,0.077315866,0.142378752,0.039677517
0.939675984,0.037880299,0.000010190,-0.074901253,0.077081944,0.141926583,0.039739985
0.937384463,0.037741511,0.000010158,-0.074649840,0.076847239,0.141472899,0.039802687
0.935085372,0.037602257,0.000010126,-0.074397586,0.076611751,0.141017697,0.039865623
0.932778704,0.037462537,0.000010094,-0.074144488,0.076375479,0.140560978,0.039928794
0.930464453,0.037322349,0.000010061,-0.073890547,0.076138422,0.140102739,0.039992198
0.928142614,0.037181694,0.000010029,-0.073635762,0.075900581,0.139642979,0.040055837
0.925813179,0.037040571,0.000009996,-0.073380132,0.075661953,0.139181698,0.040119711
0.923476144,0.036898980,0.000009963,-0.073123657,0.075422539,0.138718894,0.040183820
0.921131502,0.036756920,0.000009930,-0.072866335,0.075182338,0.138254565,0.040248164
0.918779247,0.036614391,0.000009897,-0.072608166,0.074941350,0.137788711,0.040312744
0.916419372,0.036471393,0.000009864,-0.072349150,0.074699573,0.137321330,0.040377559
0.914051872,0.036327925,0.000009831,-0.072089285,0.074457007,0.136852420,0.040442610
0.911676741,0.036183987,0.000009798,-0.071828572,0.074213651,0.136381982,0.040507897
0.909293973,0.036039579,0.000009764,-0.071567008,0.073969506,0.135910013,0.040573420
0.906903561,0.035894700,0.000009731,-0.071304595,0.073724569,0.135436513,0.040639180
0.904505500,0.035749349,0.000009697,-0.071041330,0.073478841,0.134961480,0.040705176
0.902099783,0.035603527,0.000009664,-0.070777213,0.073232321,0.134484912,0.040771410
0.899686404,0.035457233,0.000009630,-0.070512244,0.072985008,0.134006809,0.040837880
0.897265358,0.035310466,0.000009596,-0.070246422,0.072736901,0.133527169,0.040904588
0.894836638,0.035163226,0.000009562,-0.069979747,0.072488001,0.133045992,0.040971534
0.892400238,0.035015514,0.000009528,-0.069712216,0.072238305,0.132563275,0.041038717
0.889956151,0.034867328,0.000009493,-0.069443831,0.071987815,0.132079018,0.041106138
0.887504373,0.034718668,0.000009459,-0.069174589,0.071736528,0.131593220,0.041173797
0.885044897,0.034569533,0.000009424,-0.068904491,0.071484445,0.131105878,0.041241695
0.882577717,0.034419924,0.000009390,-0.068633536,0.071231565,0.130616993,0.041309831
0.880102826,0.034269840,0.000009355,-0.068361723,0.070977887,0.130126562,0.041378206
0.877620219,0.034119280,0.000009320,-0.068089051,0.070723410,0.129634585,0.041446820
0.875129890,0.033968245,0.000009285,-0.067815520,0.070468135,0.129141060,0.041515674
0.872631832,0.033816733,0.000009250,-0.067541130,0.070212059,0.128645986,0.041584767
0.870126039,0.033664745,0.000009215,-0.067265878,0.069955183,0.128149362,0.041654099
0.867612506,0.033512279,0.000009180,-0.066989765,0.069697506,0.127651187,0.041723672
0.865091227,0.033359337,0.000009145,-0.066712790,0.069439027,0.127151459,0.041793484
0.862562194,0.033205916,0.000009109,-0.066434952,0.069179746,0.126650176,0.041863537
0.860025403,0.033052018,0.000009073,-0.066156251,0.068919663,0.126147339,0.041933830
0.857480846,0.032897641,0.000009038,-0.065876686,0.068658775,0.125642946,0.042004364
0.854928519,0.032742785,0.000009002,-0.065596256,0.068397083,0.125136994,0.042075139
0.852368414,0.032587450,0.000008966,-0.065314960,0.068134587,0.124629484,0.042146155
0.849800527,0.032431635,0.000008930,-0.065032799,0.067871285,0.124120414,0.042217413
0.847224850,0.032275340,0.000008894,-0.064749770,0.067607177,0.123609783,0.042288912
0.844641378,0.032118565,0.000008858,-0.064465874,0.067342262,0.123097588,0.042360653
0.842050104,0.031961309,0.000008821,-0.064181110,0.067076539,0.122583831,0.042432636
0.839451024,0.031803572,0.000008785,-0.063895477,0.066810009,0.122068508,0.042504861
0.836844129,0.031645353,0.000008748,-0.063608974,0.066542670,0.121551619,0.042577328
0.834229415,0.031486652,0.000008711,-0.063321601,0.066274522,0.121033162,0.042650038
0.831606875,0.031327469,0.000008675,-0.063033357,0.066005563,0.120513137,0.042722991
0.828976504,0.031167803,0.000008638,-0.062744241,0.065735794,0.119991542,0.042796187
0.826338295,0.031007655,0.000008601,-0.062454254,0.065465214,0.119468375,0.042869627
0.823692242,0.030847022,0.000008564,-0.062163393,0.065193822,0.118943636,0.042943310
0.821038338,0.030685906,0.000008526,-0.061871658,0.064921618,0.118417324,0.043017236
0.818376579,0.030524306,0.000008489,-0.061579049,0.064648601,0.117889437,0.043091407
0.815706958,0.030362221,0.000008452,-0.061285565,0.064374769,0.117359973,0.043165821
0.813029469,0.030199651,0.000008414,-0.060991205,0.064100124,0.116828932,0.043240480
0.810344105,0.030036596,0.000008376,-0.060695969,0.063824663,0.116296313,0.043315383
0.807650861,0.029873055,0.000008338,-0.060399855,0.063548387,0.115762114,0.043390532
0.804949730,0.029709027,0.000008301,-0.060102864,0.063271294,0.115226333,0.043465925
0.802240707,0.029544514,0.000008262,-0.059804994,0.062993384,0.114688971,0.043541563
0.799523786,0.029379513,0.000008224,-0.059506245,0.062714657,0.114150025,0.043617447
0.796798960,0.029214025,0.000008186,-0.059206616,0.062435112,0.113609494,0.043693576
0.794066223,0.029048050,0.000008148,-0.058906107,0.062154748,0.113067377,0.043769951
0.791325570,0.028881586,0.000008109,-0.058604716,0.061873564,0.112523673,0.043846573
0.788576993,0.028714634,0.000008071,-0.058302444,0.061591561,0.111978381,0.043923440
0.785820488,0.028547193,0.000008032,-0.057999288,0.061308736,0.111431499,0.044000554
0.783056047,0.028379263,0.000007993,-0.057695250,0.061025090,0.110883025,0.044077915
0.780283666,0.028210844,0.000007954,-0.057390327,0.060740622,0.110332960,0.044155522
0.777503337,0.028041934,0.000007915,-0.057084520,0.060455332,0.109781302,0.044233377
0.774715056,0.027872535,0.000007876,-0.056777827,0.060169218,0.109228048,0.044311479
0.771918814,0.027702644,0.000007837,-0.056470249,0.059882280,0.108673199,0.044389828
0.769114608,0.027532263,0.000007797,-0.056161783,0.059594518,0.108116753,0.044468425
0.766302430,0.027361389,0.000007758,-0.055852430,0.059305931,0.107558709,0.044547270
0.763482275,0.027190025,0.000007718,-0.055542190,0.059016517,0.106999065,0.044626364
0.760654136,0.027018167,0.000007678,-0.055231060,0.058726277,0.106437820,0.044705705
0.757818007,0.026845818,0.000007639,-0.054919041,0.058435211,0.105874973,0.044785295
0.754973883,0.026672975,0.000007599,-0.054606131,0.058143316,0.105310523,0.044865134
0.752121756,0.026499639,0.000007559,-0.054292331,0.057850593,0.104744468,0.044945222
0.749261622,0.026325809,0.000007518,-0.053977639,0.057557041,0.104176808,0.045025560
0.746393474,0.026151485,0.000007478,-0.053662055,0.057262659,0.103607541,0.045106146
0.743517306,0.025976666,0.000007438,-0.053345578,0.056967448,0.103036665,0.045186982
0.740633112,0.025801353,0.000007397,-0.053028208,0.056671405,0.102464180,0.045268069
0.737740886,0.025625544,0.000007357,-0.052709943,0.056374530,0.101890085,0.045349405
0.734840621,0.025449240,0.000007316,-0.052390783,0.056076824,0.101314377,0.045430991
0.731932312,0.025272440,0.000007275,-0.052070727,0.055778284,0.100737057,0.045512828
0.729015953,0.025095143,0.000007234,-0.051749776,0.055478912,0.100158122,0.045594916
0.726091537,0.024917349,0.000007193,-0.051427927,0.055178705,0.099577571,0.045677255
0.723159058,0.024739058,0.000007152,-0.051105180,0.054877663,0.098995404,0.045759844
0.720218511,0.024560270,0.000007110,-0.050781535,0.054575786,0.098411619,0.045842685
0.717269890,0.024380983,0.000007069,-0.050456991,0.054273073,0.097826214,0.045925778
0.714313187,0.024201199,0.000007027,-0.050131547,0.053969524,0.097239189,0.046009122
0.711348398,0.024020915,0.000006986,-0.049805203,0.053665137,0.096650542,0.046092719
0.708375515,0.023840133,0.000006944,-0.049477957,0.053359912,0.096060272,0.046176567
0.705394534,0.023658851,0.000006902,-0.049149810,0.053053848,0.095468378,0.046260668
0.702405448,0.023477069,0.000006860,-0.048820760,0.052746946,0.094874858,0.046345022
0.699408250,0.023294787,0.000006818,-0.048490807,0.052439204,0.094279712,0.046429628
0.696402936,0.023112004,0.000006776,-0.048159950,0.052130621,0.093682938,0.046514488
0.693389498,0.022928721,0.000006733,-0.047828188,0.051821197,0.093084534,0.046599600
0.690367930,0.022744936,0.000006691,-0.047495522,0.051510931,0.092484500,0.046684967
0.687338228,0.022560649,0.000006648,-0.047161949,0.051199823,0.091882835,0.046770586
0.684300383,0.022375860,0.000006606,-0.046827469,0.050887873,0.091279537,0.046856460
0.681254391,0.022190568,0.000006563,-0.046492083,0.050575078,0.090674604,0.046942588
0.678200246,0.022004774,0.000006520,-0.046155788,0.050261439,0.090068037,0.047028970
0.675137941,0.021818476,0.000006477,-0.045818584,0.049946956,0.089459832,0.047115607
0.672067470,0.021631675,0.000006434,-0.045480472,0.049631626,0.088849990,0.047202498
0.668988827,0.021444369,0.000006390,-0.045141449,0.049315451,0.088238509,0.047289644
0.665902006,0.021256560,0.000006347,-0.044801515,0.048998429,0.087625388,0.047377046
0.662807001,0.021068245,0.000006304,-0.044460670,0.048680559,0.087010625,0.047464703
0.659703806,0.020879425,0.000006260,-0.044118913,0.048361841,0.086394219,0.047552615
0.656592414,0.020690100,0.000006216,-0.043776242,0.048042275,0.085776170,0.047640784
0.653472821,0.020500268,0.000006172,-0.043432659,0.047721859,0.085156475,0.047729208
0.650345019,0.020309931,0.000006128,-0.043088161,0.047400593,0.084535134,0.047817888
0.647209003,0.020119086,0.000006084,-0.042742748,0.047078477,0.083912145,0.047906825
0.644064766,0.019927735,0.000006040,-0.042396420,0.046755509,0.083287507,0.047996019
0.640912303,0.019735876,0.000005996,-0.042049176,0.046431690,0.082661220,0.048085469
0.637751607,0.019543509,0.000005951,-0.041701014,0.046107018,0.082033280,0.048175177
0.634582673,0.019350634,0.000005907,-0.041351935,0.045781493,0.081403688,0.048265142
0.631405493,0.019157250,0.000005862,-0.041001938,0.045455114,0.080772443,0.048355364
0.628220063,0.018963357,0.000005817,-0.040651022,0.045127880,0.080139542,0.048445844
0.625026376,0.018768955,0.000005772,-0.040299186,0.044799792,0.079504985,0.048536582
0.621824426,0.018574043,0.000005727,-0.039946429,0.044470848,0.078868771,0.048627578
0.618614207,0.018378621,0.000005682,-0.039592752,0.044141047,0.078230897,0.048718832
0.615395713,0.018182688,0.000005637,-0.039238153,0.043810390,0.077591364,0.048810345
0.612168937,0.017986245,0.000005592,-0.038882631,0.043478875,0.076950169,0.048902117
0.608933874,0.017789290,0.000005546,-0.038526186,0.043146501,0.076307312,0.048994148
0.605690518,0.017591824,0.000005500,-0.038168818,0.042813269,0.075662792,0.049086437
0.602438863,0.017393845,0.000005455,-0.037810525,0.042479177,0.075016606,0.049178987
0.599178902,0.017195354,0.000005409,-0.037451307,0.042144225,0.074368754,0.049271796
0.595910629,0.016996350,0.000005363,-0.037091163,0.041808413,0.073719235,0.049364864
0.592634039,0.016796833,0.000005317,-0.036730092,0.041471739,0.073068047,0.049458193
0.589349125,0.016596803,0.000005271,-0.036368094,0.041134203,0.072415189,0.049551782
0.586055881,0.016396258,0.000005224,-0.036005168,0.040795804,0.071760661,0.049645632
0.582754301,0.016195199,0.000005178,-0.035641314,0.040456542,0.071104460,0.049739742
0.579444379,0.015993626,0.000005131,-0.035276530,0.040116415,0.070446585,0.049834113
0.576126110,0.015791537,0.000005085,-0.034910817,0.039775425,0.069787035,0.049928745
0.572799486,0.015588933,0.000005038,-0.034544173,0.039433569,0.069125810,0.050023639
0.569464502,0.015385813,0.000004991,-0.034176597,0.039090847,0.068462907,0.050118794
0.566121152,0.015182176,0.000004944,-0.033808089,0.038747259,0.067798326,0.050214211
0.562769429,0.014978023,0.000004897,-0.033438649,0.038402803,0.067132065,0.050309889
0.559409328,0.014773353,0.000004849,-0.033068275,0.038057480,0.066464122,0.050405830
0.556040843,0.014568166,0.000004802,-0.032696967,0.037711288,0.065794498,0.050502034
0.552663967,0.014362461,0.000004755,-0.032324725,0.037364227,0.065123191,0.050598499
0.549278694,0.014156238,0.000004707,-0.031951547,0.037016297,0.064450198,0.050695228
0.545885019,0.013949496,0.000004659,-0.031577433,0.036667496,0.063775520,0.050792220
0.542482935,0.013742235,0.000004611,-0.031202381,0.036317825,0.063099155,0.050889475
0.539072436,0.013534455,0.000004563,-0.030826393,0.035967281,0.062421101,0.050986993
0.535653516,0.013326155,0.000004515,-0.030449466,0.035615866,0.061741357,0.051084775
0.532226170,0.013117335,0.000004467,-0.030071600,0.035263577,0.061059923,0.051182821
0.528790390,0.012907995,0.000004419,-0.029692795,0.034910416,0.060376797,0.051281131
0.525346171,0.012698134,0.000004370,-0.029313049,0.034556380,0.059691977,0.051379705
0.521893507,0.012487752,0.000004322,-0.028932363,0.034201469,0.059005463,0.051478544
0.518432391,0.012276848,0.000004273,-0.028550735,0.033845683,0.058317253,0.051577647
0.514962819,0.012065422,0.000004224,-0.028168164,0.033489020,0.057627346,0.051677016
0.511484782,0.011853474,0.000004175,-0.027784651,0.033131482,0.056935741,0.051776649
0.507998277,0.011641003,0.000004126,-0.027400194,0.032773065,0.056242437,0.051876548
0.504503295,0.011428009,0.000004077,-0.027014792,0.032413771,0.055547431,0.051976712
0.500999832,0.011214492,0.000004028,-0.026628445,0.032053598,0.054850724,0.052077143
0.497487882,0.011000450,0.000003978,-0.026241153,0.031692547,0.054152314,0.052177839
0.493967437,0.010785884,0.000003929,-0.025852914,0.031330615,0.053452199,0.052278801
0.490438493,0.010570794,0.000003879,-0.025463728,0.030967802,0.052750378,0.052380030
0.486901042,0.010355179,0.000003829,-0.025073594,0.030604109,0.052046851,0.052481525
0.483355080,0.010139038,0.000003779,-0.024682512,0.030239534,0.051341616,0.052583288
0.479800600,0.009922372,0.000003729,-0.024290481,0.029874076,0.050634671,0.052685317
0.476237595,0.009705179,0.000003679,-0.023897499,0.029507736,0.049926015,0.052787613
0.472666060,0.009487460,0.000003629,-0.023503567,0.029140511,0.049215648,0.052890177
0.469085989,0.009269214,0.000003578,-0.023108684,0.028772403,0.048503568,0.052993009
0.465497375,0.009050440,0.000003528,-0.022712849,0.028403409,0.047789773,0.053096109
0.461900213,0.008831139,0.000003477,-0.022316061,0.028033530,0.047074263,0.053199477
0.458294497,0.008611310,0.000003426,-0.021918320,0.027662765,0.046357037,0.053303113
0.454680220,0.008390952,0.000003376,-0.021519625,0.027291113,0.045638092,0.053407017
0.451057376,0.008170066,0.000003325,-0.021119976,0.026918573,0.044917428,0.053511190
0.447425959,0.007948650,0.000003273,-0.020719370,0.026545146,0.044195044,0.053615633
0.443785964,0.007726705,0.000003222,-0.020317809,0.026170829,0.043470937,0.053720344
0.440137383,0.007504229,0.000003171,-0.019915291,0.025795623,0.042745108,0.053825325
0.436480212,0.007281224,0.000003119,-0.019511816,0.025419527,0.042017555,0.053930575
0.432814444,0.007057687,0.000003068,-0.019107383,0.025042541,0.041288277,0.054036096
0.429140072,0.006833620,0.000003016,-0.018701991,0.024664663,0.040557272,0.054141886
0.425457091,0.006609021,0.000002964,-0.018295639,0.024285893,0.039824539,0.054247946
0.421765495,0.006383890,0.000002912,-0.017888327,0.023906231,0.039090077,0.054354277
0.418065278,0.006158227,0.000002860,-0.017480054,0.023525675,0.038353884,0.054460879
0.414356433,0.005932031,0.000002808,-0.017070820,0.023144226,0.037615960,0.054567751
0.410638955,0.005705302,0.000002756,-0.016660624,0.022761882,0.036876304,0.054674895
0.406912837,0.005478040,0.000002703,-0.016249464,0.022378643,0.036134913,0.054782310
0.403178073,0.005250244,0.000002650,-0.015837341,0.021994508,0.035391787,0.054889996
0.399434658,0.005021914,0.000002598,-0.015424254,0.021609477,0.034646925,0.054997954
0.395682585,0.004793049,0.000002545,-0.015010202,0.021223549,0.033900324,0.055106184
0.391921848,0.004563650,0.000002492,-0.014595184,0.020836723,0.033151985,0.055214686
0.388152441,0.004333715,0.000002439,-0.014179200,0.020448999,0.032401906,0.055323461
0.389810960,0.004164382,0.000002420,-0.013961497,0.020347234,0.032104935,0.056205879
0.391465736,0.003995447,0.000002401,-0.013744308,0.020245713,0.031808668,0.057086255
0.393116772,0.003826908,0.000002382,-0.013527631,0.020144437,0.031513105,0.057964591
0.394764071,0.003658765,0.000002363,-0.013311467,0.020043404,0.031218244,0.058840889
0.396407635,0.003491018,0.000002344,-0.013095814,0.019942615,0.030924087,0.059715150
0.398047468,0.003323666,0.000002326,-0.012880672,0.019842070,0.030630631,0.060587375
0.399683570,0.003156710,0.000002307,-0.012666042,0.019741769,0.030337876,0.061457566
0.401315946,0.002990149,0.000002288,-0.012451923,0.019641710,0.030045823,0.062325724
0.402944598,0.002823982,0.000002270,-0.012238313,0.019541895,0.029754470,0.063191850
0.404569527,0.002658210,0.000002251,-0.012025214,0.019442323,0.029463817,0.064055947
0.406190737,0.002492833,0.000002233,-0.011812624,0.019342993,0.029173863,0.064918015
0.407808230,0.002327849,0.000002214,-0.011600544,0.019243906,0.028884609,0.065778056
0.409422009,0.002163258,0.000002196,-0.011388972,0.019145062,0.028596052,0.066636071
0.411032077,0.001999061,0.000002177,-0.011177909,0.019046459,0.028308194,0.067492062
0.412638435,0.001835257,0.000002159,-0.010967354,0.018948099,0.028021033,0.068346031
0.414241086,0.001671846,0.000002141,-0.010757306,0.018849980,0.027734569,0.069197978
0.415840034,0.001508827,0.000002122,-0.010547766,0.018752103,0.027448801,0.070047905
0.417435280,0.001346201,0.000002104,-0.010338733,0.018654468,0.027163729,0.070895814
0.419026827,0.001183966,0.000002086,-0.010130207,0.018557074,0.026879352,0.071741706
0.420614678,0.001022123,0.000002068,-0.009922187,0.018459920,0.026595670,0.072585583
0.422198835,0.000860671,0.000002050,-0.009714673,0.018363008,0.026312682,0.073427445
0.423779301,0.000699610,0.000002032,-0.009507664,0.018266337,0.026030388,0.074267295
0.425356078,0.000538940,0.000002014,-0.009301160,0.018169906,0.025748788,0.075105133
0.426929169,0.000378661,0.000001996,-0.009095161,0.018073716,0.025467880,0.075940962
0.428498576,0.000218771,0.000001978,-0.008889667,0.017977765,0.025187664,0.076774783
0.430064302,0.000059272,0.000001960,-0.008684676,0.017882055,0.024908140,0.077606596
0.431626349,-0.000099838,0.000001942,-0.008480190,0.017786585,0.024629308,0.078436404
0.433184721,-0.000258559,0.000001924,-0.008276206,0.017691354,0.024351166,0.079264208
0.434739419,-0.000416890,0.000001907,-0.008072725,0.017596363,0.024073714,0.080090010
0.436290447,-0.000574833,0.000001889,-0.007869747,0.017501611,0.023796951,0.080913810
0.437837806,-0.000732387,0.000001871,-0.007667271,0.017407098,0.023520878,0.081735611
0.439381499,-0.000889553,0.000001854,-0.007465297,0.017312824,0.023245494,0.082555414
0.440921529,-0.001046332,0.000001836,-0.007263824,0.017218789,0.022970798,0.083373220
0.442457899,-0.001202722,0.000001819,-0.007062853,0.017124993,0.022696789,0.084189030
0.443990610,-0.001358726,0.000001801,-0.006862382,0.017031435,0.022423467,0.085002847
0.445519666,-0.001514342,0.000001784,-0.006662411,0.016938115,0.022150832,0.085814671
0.447045068,-0.001669571,0.000001767,-0.006462940,0.016845033,0.021878883,0.086624504
0.448566821,-0.001824414,0.000001749,-0.006263969,0.016752189,0.021607620,0.087432347
0.450084925,-0.001978871,0.000001732,-0.006065497,0.016659583,0.021337041,0.088238203
0.451599384,-0.002132942,0.000001715,-0.005867524,0.016567214,0.021067148,0.089042071
0.453110201,-0.002286627,0.000001697,-0.005670049,0.016475082,0.020797938,0.089843955
0.454617377,-0.002439927,0.000001680,-0.005473073,0.016383188,0.020529411,0.090643854
0.456120915,-0.002592842,0.000001663,-0.005276594,0.016291530,0.020261568,0.091441772
0.457620818,-0.002745372,0.000001646,-0.005080612,0.016200109,0.019994407,0.092237708
0.459117089,-0.002897518,0.000001629,-0.004885127,0.016108925,0.019727928,0.093031665
0.460609729,-0.003049280,0.000001612,-0.004690139,0.016017977,0.019462131,0.093823644
0.462098743,-0.003200657,0.000001595,-0.004495648,0.015927266,0.019197014,0.094613646
0.463584131,-0.003351651,0.000001578,-0.004301652,0.015836790,0.018932578,0.095401673
0.465065897,-0.003502262,0.000001561,-0.004108151,0.015746551,0.018668822,0.096187726
0.466544043,-0.003652489,0.000001545,-0.003915146,0.015656547,0.018405745,0.096971807
0.468018571,-0.003802334,0.000001528,-0.003722635,0.015566778,0.018143347,0.097753918
0.469489485,-0.003951796,0.000001511,-0.003530619,0.015477245,0.017881628,0.098534058
0.470956787,-0.004100876,0.000001495,-0.003339097,0.015387947,0.017620586,0.099312231
0.472420479,-0.004249575,0.000001478,-0.003148068,0.015298884,0.017360222,0.100088438
0.473880564,-0.004397891,0.000001461,-0.002957533,0.015210056,0.017100534,0.100862679
0.475337045,-0.004545827,0.000001445,-0.002767490,0.015121462,0.016841523,0.101634957
0.476789924,-0.004693381,0.000001428,-0.002577940,0.015033103,0.016583187,0.102405272
0.478239203,-0.004840554,0.000001412,-0.002388882,0.014944978,0.016325527,0.103173627
0.479684885,-0.004987347,0.000001395,-0.002200316,0.014857087,0.016068542,0.103940022
0.481126973,-0.005133760,0.000001379,-0.002012242,0.014769430,0.015812230,0.104704460
0.482565470,-0.005279792,0.000001363,-0.001824658,0.014682006,0.015556593,0.105466941
0.484000377,-0.005425446,0.000001346,-0.001637565,0.014594816,0.015301629,0.106227467
0.485431697,-0.005570719,0.000001330,-0.001450962,0.014507859,0.015047337,0.106986040
0.486859433,-0.005715614,0.000001314,-0.001264850,0.014421136,0.014793718,0.107742661
0.488283588,-0.005860130,0.000001298,-0.001079226,0.014334645,0.014540770,0.108497330
0.489704164,-0.006004268,0.000001282,-0.000894092,0.014248388,0.014288494,0.109250051
0.491121163,-0.006148027,0.000001266,-0.000709447,0.014162362,0.014036888,0.110000824
0.492534589,-0.006291408,0.000001250,-0.000525290,0.014076570,0.013785953,0.110749651
0.493944443,-0.006434412,0.000001234,-0.000341621,0.013991009,0.013535687,0.111496533
0.495350728,-0.006577038,0.000001218,-0.000158440,0.013905681,0.013286090,0.112241471
0.496753447,-0.006719287,0.000001202,0.000024254,0.013820584,0.013037162,0.112984467
0.498152602,-0.006861160,0.000001186,0.000206460,0.013735719,0.012788902,0.113725523
0.499548197,-0.007002656,0.000001170,0.000388181,0.013651086,0.012541309,0.114464639
0.500940232,-0.007143776,0.000001154,0.000569415,0.013566683,0.012294383,0.115201818
0.502328712,-0.007284520,0.000001139,0.000750163,0.013482513,0.012048125,0.115937061
0.503713638,-0.007424888,0.000001123,0.000930426,0.013398573,0.011802532,0.116670369
0.505095013,-0.007564881,0.000001107,0.001110203,0.013314863,0.011557604,0.117401744
0.506472840,-0.007704498,0.000001092,0.001289496,0.013231385,0.011313342,0.118131186
0.507847121,-0.007843741,0.000001076,0.001468305,0.013148137,0.011069744,0.118858698
0.509217859,-0.007982610,0.000001061,0.001646629,0.013065119,0.010826810,0.119584282
0.510585055,-0.008121104,0.000001045,0.001824470,0.012982331,0.010584540,0.120307937
0.511948714,-0.008259224,0.000001030,0.002001828,0.012899773,0.010342932,0.121029667
0.513308837,-0.008396971,0.000001014,0.002178703,0.012817445,0.010101987,0.121749471
0.514665428,-0.008534344,0.000000999,0.002355095,0.012735346,0.009861704,0.122467353
0.516018487,-0.008671345,0.000000984,0.002531006,0.012653476,0.009622082,0.123183313
0.517368019,-0.008807972,0.000000968,0.002706434,0.012571836,0.009383122,0.123897352
0.518714025,-0.008944227,0.000000953,0.002881381,0.012490425,0.009144821,0.124609472
0.520056508,-0.009080110,0.000000938,0.003055848,0.012409242,0.008907181,0.125319675
0.521395471,-0.009215620,0.000000923,0.003229833,0.012328288,0.008670200,0.126027962
0.522730916,-0.009350760,0.000000908,0.003403338,0.012247563,0.008433877,0.126734334
0.524062847,-0.009485527,0.000000893,0.003576364,0.012167066,0.008198213,0.127438793
0.525391264,-0.009619924,0.000000878,0.003748910,0.012086796,0.007963207,0.128141340
0.526716171,-0.009753950,0.000000863,0.003920976,0.012006755,0.007728859,0.128841977
0.528037571,-0.009887605,0.000000848,0.004092564,0.011926942,0.007495166,0.129540706
0.529355466,-0.010020890,0.000000833,0.004263674,0.011847355,0.007262131,0.130237526
0.530669858,-0.010153805,0.000000818,0.004434305,0.011767997,0.007029751,0.130932441
0.531980750,-0.010286351,0.000000803,0.004604459,0.011688865,0.006798026,0.131625452
0.533288145,-0.010418527,0.000000789,0.004774135,0.011609961,0.006566956,0.132316559
0.534592046,-0.010550334,0.000000774,0.004943335,0.011531283,0.006336540,0.133005764
0.535892453,-0.010681772,0.000000759,0.005112058,0.011452832,0.006106778,0.133693070
0.537189372,-0.010812842,0.000000745,0.005280305,0.011374607,0.005877669,0.134378476
0.538482803,-0.010943543,0.000000730,0.005448076,0.011296609,0.005649213,0.135061986
0.539772750,-0.011073877,0.000000715,0.005615371,0.011218836,0.005421409,0.135743599
0.541059214,-0.011203843,0.000000701,0.005782192,0.011141290,0.005194257,0.136423318
0.542342199,-0.011333441,0.000000687,0.005948538,0.011063969,0.004967756,0.137101144
0.543621707,-0.011462673,0.000000672,0.006114409,0.010986874,0.004741905,0.137777079
0.544897741,-0.011591537,0.000000658,0.006279807,0.010910004,0.004516705,0.138451123
0.546170303,-0.011720035,0.000000643,0.006444731,0.010833359,0.004292154,0.139123279
0.547439395,-0.011848167,0.000000629,0.006609181,0.010756939,0.004068252,0.139793548
0.548705021,-0.011975933,0.000000615,0.006773159,0.010680744,0.003844999,0.140461930
0.549967183,-0.012103333,0.000000601,0.006936665,0.010604774,0.003622394,0.141128429
0.551225883,-0.012230368,0.000000586,0.007099698,0.010529028,0.003400437,0.141793044
0.552481124,-0.012357037,0.000000572,0.007262260,0.010453506,0.003179126,0.142455779
0.553732909,-0.012483342,0.000000558,0.007424350,0.010378209,0.002958462,0.143116633
0.554981239,-0.012609283,0.000000544,0.007585969,0.010303135,0.002738444,0.143775608
0.556226118,-0.012734859,0.000000530,0.007747118,0.010228285,0.002519072,0.144432707
0.557467549,-0.012860071,0.000000516,0.007907796,0.010153659,0.002300344,0.145087929
0.558705532,-0.012984919,0.000000502,0.008068005,0.010079256,0.002082261,0.145741278
0.559940073,-0.013109404,0.000000488,0.008227744,0.010005076,0.001864822,0.146392753
0.561171172,-0.013233526,0.000000475,0.008387014,0.009931119,0.001648027,0.147042358
0.562398832,-0.013357285,0.000000461,0.008545815,0.009857385,0.001431874,0.147690092
0.563623056,-0.013480682,0.000000447,0.008704147,0.009783874,0.001216364,0.148335958
0.564843847,-0.013603716,0.000000433,0.008862012,0.009710585,0.001001495,0.148979957
0.566061206,-0.013726389,0.000000420,0.009019409,0.009637518,0.000787269,0.149622090
0.567275138,-0.013848699,0.000000406,0.009176339,0.009564674,0.000573682,0.150262359
0.568485643,-0.013970649,0.000000392,0.009332802,0.009492051,0.000360737,0.150900766
0.569692725,-0.014092237,0.000000379,0.009488798,0.009419650,0.000148431,0.151537311
0.570896386,-0.014213464,0.000000365,0.009644328,0.009347471,-0.000063236,0.152171996
0.572096629,-0.014334331,0.000000352,0.009799393,0.009275512,-0.000274263,0.152804823
0.573293456,-0.014454838,0.000000338,0.009953992,0.009203776,-0.000484653,0.153435793
0.574486870,-0.014574984,0.000000325,0.010108126,0.009132260,-0.000694404,0.154064908
0.575676873,-0.014694771,0.000000312,0.010261795,0.009060965,-0.000903519,0.154692168
0.576863469,-0.014814199,0.000000298,0.010415000,0.008989890,-0.001111996,0.155317576
0.578046659,-0.014933267,0.000000285,0.010567741,0.008919036,-0.001319838,0.155941133
0.579226446,-0.015051977,0.000000272,0.010720018,0.008848403,-0.001527043,0.156562840
0.580402832,-0.015170328,0.000000259,0.010871833,0.008777989,-0.001733614,0.157182698
0.581575821,-0.015288320,0.000000246,0.011023184,0.008707795,-0.001939549,0.157800710
0.582745415,-0.015405955,0.000000232,0.011174073,0.008637821,-0.002144851,0.158416876
0.583911616,-0.015523232,0.000000219,0.011324500,0.008568067,-0.002349518,0.159031199
0.585074426,-0.015640152,0.000000206,0.011474465,0.008498532,-0.002553553,0.159643679
0.586233849,-0.015756714,0.000000193,0.011623969,0.008429216,-0.002756955,0.160254318
0.587389887,-0.015872920,0.000000180,0.011773012,0.008360119,-0.002959725,0.160863117
0.588542542,-0.015988769,0.000000168,0.011921594,0.008291241,-0.003161863,0.161470078
0.589691818,-0.016104262,0.000000155,0.012069716,0.008222582,-0.003363370,0.162075202
0.590837716,-0.016219399,0.000000142,0.012217378,0.008154141,-0.003564246,0.162678491
0.591980239,-0.016334180,0.000000129,0.012364581,0.008085919,-0.003764492,0.163279946
0.593119390,-0.016448606,0.000000116,0.012511325,0.008017914,-0.003964109,0.163879568
0.594255171,-0.016562677,0.000000104,0.012657610,0.007950128,-0.004163097,0.164477360
0.595387585,-0.016676393,0.000000091,0.012803436,0.007882559,-0.004361456,0.165073322
0.596516634,-0.016789754,0.000000078,0.012948805,0.007815207,-0.004559187,0.165667456
0.597642321,-0.016902761,0.000000066,0.013093716,0.007748074,-0.004756291,0.166259763
0.598764648,-0.017015414,0.000000053,0.013238169,0.007681157,-0.004952767,0.166850245
0.599883619,-0.017127713,0.000000041,0.013382166,0.007614457,-0.005148617,0.167438903
0.600999235,-0.017239659,0.000000028,0.013525706,0.007547974,-0.005343841,0.168025739
0.602111499,-0.017351252,0.000000016,0.013668790,0.007481708,-0.005538440,0.168610754
0.603220414,-0.017462492,0.000000004,0.013811419,0.007415658,-0.005732414,0.169193950
0.604325982,-0.017573379,-0.000000009,0.013953592,0.007349825,-0.005925763,0.169775327
0.605428206,-0.017683914,-0.000000021,0.014095310,0.007284208,-0.006118488,0.170354888
0.606527088,-0.017794097,-0.000000033,0.014236573,0.007218806,-0.006310590,0.170932634
0.607622631,-0.017903929,-0.000000046,0.014377382,0.007153621,-0.006502069,0.171508566
0.608714837,-0.018013409,-0.000000058,0.014517737,0.007088650,-0.006692926,0.172082686
0.609803709,-0.018122537,-0.000000070,0.014657638,0.007023896,-0.006883160,0.172654995
0.610889250,-0.018231315,-0.000000082,0.014797087,0.006959356,-0.007072774,0.173225495
0.611971462,-0.018339743,-0.000000094,0.014936082,0.006895032,-0.007261766,0.173794187
0.613050347,-0.018447820,-0.000000106,0.015074625,0.006830922,-0.007450138,0.174361072
0.614125909,-0.018555547,-0.000000118,0.015212716,0.006767027,-0.007637891,0.174926152
0.615198149,-0.018662924,-0.000000130,0.015350356,0.006703347,-0.007825024,0.175489429
0.616267071,-0.018769952,-0.000000142,0.015487544,0.006639880,-0.008011538,0.176050903
0.617332677,-0.018876631,-0.000000154,0.015624281,0.006576628,-0.008197434,0.176610577
0.618394968,-0.018982961,-0.000000166,0.015760567,0.006513590,-0.008382712,0.177168451
0.619453949,-0.019088943,-0.000000177,0.015896404,0.006450766,-0.008567373,0.177724528
0.620509621,-0.019194576,-0.000000189,0.016031790,0.006388155,-0.008751417,0.178278808
0.621561988,-0.019299861,-0.000000201,0.016166727,0.006325758,-0.008934845,0.178831294
0.622611050,-0.019404798,-0.000000212,0.016301215,0.006263573,-0.009117657,0.179381985
0.623656812,-0.019509388,-0.000000224,0.016435254,0.006201602,-0.009299854,0.179930885
0.624699276,-0.019613631,-0.000000236,0.016568845,0.006139844,-0.009481437,0.180477994
0.625738444,-0.019717527,-0.000000247,0.016701988,0.006078298,-0.009662405,0.181023314
0.626774319,-0.019821076,-0.000000259,0.016834683,0.006016965,-0.009842760,0.181566846
0.627806903,-0.019924279,-0.000000270,0.016966931,0.005955844,-0.010022501,0.182108592
0.628836199,-0.020027136,-0.000000282,0.017098733,0.005894935,-0.010201630,0.182648553
0.629862209,-0.020129648,-0.000000293,0.017230087,0.005834239,-0.010380146,0.183186731
0.630884936,-0.020231814,-0.000000304,0.017360996,0.005773754,-0.010558051,0.183723126
0.631904383,-0.020333634,-0.000000316,0.017491459,0.005713480,-0.010735345,0.184257742
0.632920552,-0.020435110,-0.000000327,0.017621476,0.005653418,-0.010912029,0.184790578
0.633933446,-0.020536241,-0.000000338,0.017751049,0.005593567,-0.011088102,0.185321636
0.634943067,-0.020637028,-0.000000349,0.017880177,0.005533927,-0.011263566,0.185850918
0.635949417,-0.020737471,-0.000000361,0.018008860,0.005474498,-0.011438421,0.186378425
0.636952500,-0.020837571,-0.000000372,0.018137100,0.005415280,-0.011612667,0.186904159
0.637952318,-0.020937326,-0.000000383,0.018264896,0.005356272,-0.011786305,0.187428122
0.638948873,-0.021036739,-0.000000394,0.018392249,0.005297475,-0.011959336,0.187950313
0.639942168,-0.021135809,-0.000000405,0.018519159,0.005238887,-0.012131759,0.188470736
0.640932206,-0.021234536,-0.000000416,0.018645627,0.005180510,-0.012303577,0.188989391
0.641918988,-0.021332921,-0.000000427,0.018771653,0.005122342,-0.012474788,0.189506280
0.642902519,-0.021430964,-0.000000438,0.018897237,0.005064384,-0.012645394,0.190021405
0.643882799,-0.021528665,-0.000000448,0.019022379,0.005006636,-0.012815395,0.190534766
0.644859832,-0.021626025,-0.000000459,0.019147081,0.004949096,-0.012984791,0.191046365
0.645833621,-0.021723043,-0.000000470,0.019271343,0.004891766,-0.013153584,0.191556204
0.646804167,-0.021819721,-0.000000481,0.019395164,0.004834644,-0.013321773,0.192064284
0.647771474,-0.021916058,-0.000000491,0.019518545,0.004777732,-0.013489359,0.192570607
0.648735543,-0.022012054,-0.000000502,0.019641487,0.004721027,-0.013656343,0.193075173
0.649696378,-0.022107711,-0.000000513,0.019763990,0.004664531,-0.013822726,0.193577985
0.650653981,-0.022203028,-0.000000523,0.019886054,0.004608243,-0.013988506,0.194079044
0.651608355,-0.022298006,-0.000000534,0.020007680,0.004552163,-0.014153686,0.194578351
0.652559502,-0.022392644,-0.000000544,0.020128868,0.004496291,-0.014318266,0.195075908
0.653507424,-0.022486943,-0.000000555,0.020249618,0.004440627,-0.014482246,0.195571716
0.654452125,-0.022580904,-0.000000565,0.020369931,0.004385170,-0.014645627,0.196065777
0.655393606,-0.022674527,-0.000000575,0.020489807,0.004329920,-0.014808408,0.196558092
0.656331871,-0.022767811,-0.000000586,0.020609247,0.004274877,-0.014970592,0.197048662
0.657266922,-0.022860758,-0.000000596,0.020728250,0.004220041,-0.015132178,0.197537489
0.658198761,-0.022953367,-0.000000606,0.020846818,0.004165412,-0.015293167,0.198024575
0.659127391,-0.023045640,-0.000000617,0.020964951,0.004110989,-0.015453559,0.198509920
0.660052815,-0.023137575,-0.000000627,0.021082648,0.004056772,-0.015613354,0.198993527
0.660975035,-0.023229173,-0.000000637,0.021199911,0.004002762,-0.015772554,0.199475397
0.661894053,-0.023320436,-0.000000647,0.021316740,0.003948958,-0.015931159,0.199955530
0.662809873,-0.023411362,-0.000000657,0.021433135,0.003895359,-0.016089169,0.200433929
0.663722496,-0.023501953,-0.000000667,0.021549096,0.003841966,-0.016246585,0.200910596
0.664631926,-0.023592208,-0.000000677,0.021664624,0.003788779,-0.016403408,0.201385530
0.665538164,-0.023682127,-0.000000687,0.021779720,0.003735796,-0.016559637,0.201858735
0.666441214,-0.023771712,-0.000000697,0.021894383,0.003683019,-0.016715274,0.202330211
0.667341078,-0.023860963,-0.000000707,0.022008614,0.003630447,-0.016870319,0.202799960
0.668237758,-0.023949879,-0.000000717,0.022122413,0.003578079,-0.017024772,0.203267983
0.669131258,-0.024038461,-0.000000727,0.022235781,0.003525916,-0.017178634,0.203734282
0.670021579,-0.024126709,-0.000000736,0.022348719,0.003473957,-0.017331905,0.204198857
0.670908724,-0.024214624,-0.000000746,0.022461225,0.003422202,-0.017484587,0.204661712
0.671792696,-0.024302206,-0.000000756,0.022573302,0.003370652,-0.017636678,0.205122846
0.672673497,-0.024389454,-0.000000765,0.022684948,0.003319305,-0.017788181,0.205582262
0.673551130,-0.024476370,-0.000000775,0.022796166,0.003268161,-0.017939096,0.206039961
0.674425598,-0.024562954,-0.000000785,0.022906954,0.003217222,-0.018089422,0.206495944
0.675296902,-0.024649206,-0.000000794,0.023017314,0.003166485,-0.018239161,0.206950213
0.676165046,-0.024735126,-0.000000804,0.023127245,0.003115951,-0.018388313,0.207402769
0.677030032,-0.024820714,-0.000000813,0.023236748,0.003065621,-0.018536879,0.207853614
0.677891862,-0.024905971,-0.000000823,0.023345824,0.003015493,-0.018684858,0.208302749
0.678750540,-0.024990898,-0.000000832,0.023454473,0.002965567,-0.018832252,0.208750176
0.679606067,-0.025075494,-0.000000841,0.023562694,0.002915844,-0.018979062,0.209195895
0.680458446,-0.025159759,-0.000000851,0.023670490,0.002866323,-0.019125287,0.209639909
0.681307681,-0.025243694,-0.000000860,0.023777859,0.002817004,-0.019270928,0.210082219
0.682153772,-0.025327300,-0.000000869,0.023884802,0.002767887,-0.019415985,0.210522826
0.682996724,-0.025410576,-0.000000878,0.023991321,0.002718971,-0.019560460,0.210961732
0.683836537,-0.025493523,-0.000000888,0.024097414,0.002670257,-0.019704353,0.211398938
0.684673216,-0.025576141,-0.000000897,0.024203082,0.002621744,-0.019847663,0.211834446
0.685506763,-0.025658430,-0.000000906,0.024308327,0.002573433,-0.019990393,0.212268257
0.686337179,-0.025740391,-0.000000915,0.024413147,0.002525322,-0.020132541,0.212700372
0.687164468,-0.025822024,-0.000000924,0.024517544,0.002477411,-0.020274110,0.213130793
0.687988633,-0.025903330,-0.000000933,0.024621518,0.002429702,-0.020415098,0.213559522
0.688809675,-0.025984307,-0.000000942,0.024725070,0.002382192,-0.020555508,0.213986559
0.689627597,-0.026064958,-0.000000951,0.024828198,0.002334883,-0.020695338,0.214411907
0.690442403,-0.026145281,-0.000000960,0.024930905,0.002287774,-0.020834590,0.214835567
0.691254093,-0.026225278,-0.000000968,0.025033191,0.002240865,-0.020973265,0.215257540
0.692062672,-0.026304949,-0.000000977,0.025135055,0.002194155,-0.021111363,0.215677827
0.692868141,-0.026384294,-0.000000986,0.025236498,0.002147645,-0.021248883,0.216096430
0.693670503,-0.026463312,-0.000000995,0.025337520,0.002101334,-0.021385828,0.216513351
0.694469761,-0.026542006,-0.000001003,0.025438123,0.002055222,-0.021522197,0.216928591
0.695265917,-0.026620374,-0.000001012,0.025538305,0.002009309,-0.021657991,0.217342151
0.696058974,-0.026698417,-0.000001021,0.025638069,0.001963594,-0.021793210,0.217754033
0.696848934,-0.026776136,-0.000001029,0.025737413,0.001918078,-0.021927855,0.218164239
0.697635800,-0.026853530,-0.000001038,0.025836339,0.001872761,-0.022061926,0.218572769
0.698419574,-0.026930600,-0.000001046,0.025934846,0.001827642,-0.022195425,0.218979625
0.699200259,-0.027007346,-0.000001055,0.026032935,0.001782720,-0.022328350,0.219384809
0.699977857,-0.027083769,-0.000001063,0.026130607,0.001737997,-0.022460704,0.219788321
0.700752372,-0.027159869,-0.000001072,0.026227862,0.001693471,-0.022592486,0.220190165
0.701523805,-0.027235645,-0.000001080,0.026324700,0.001649143,-0.022723697,0.220590340
0.702292159,-0.027311099,-0.000001088,0.026421121,0.001605011,-0.022854338,0.220988848
0.703057437,-0.027386231,-0.000001097,0.026517127,0.001561077,-0.022984409,0.221385692
0.703819641,-0.027461041,-0.000001105,0.026612716,0.001517340,-0.023113910,0.221780871
0.704578774,-0.027535529,-0.000001113,0.026707891,0.001473800,-0.023242842,0.222174389
0.705334839,-0.027609695,-0.000001121,0.026802650,0.001430456,-0.023371205,0.222566245
0.706087837,-0.027683540,-0.000001129,0.026896995,0.001387308,-0.023499001,0.222956442
0.706837771,-0.027757064,-0.000001137,0.026990926,0.001344357,-0.023626229,0.223344981
0.707584645,-0.027830268,-0.000001146,0.027084442,0.001301602,-0.023752891,0.223731863
0.708328460,-0.027903151,-0.000001154,0.027177546,0.001259042,-0.023878986,0.224117091
0.709069219,-0.027975714,-0.000001162,0.027270236,0.001216678,-0.024004515,0.224500664
0.709806925,-0.028047957,-0.000001170,0.027362514,0.001174510,-0.024129478,0.224882586
0.710541580,-0.028119881,-0.000001177,0.027454379,0.001132537,-0.024253877,0.225262856
0.711273187,-0.028191486,-0.000001185,0.027545832,0.001090759,-0.024377712,0.225641478
0.712001748,-0.028262771,-0.000001193,0.027636874,0.001049175,-0.024500982,0.226018451
0.712727266,-0.028333738,-0.000001201,0.027727504,0.001007787,-0.024623689,0.226393778
0.713449744,-0.028404387,-0.000001209,0.027817724,0.000966593,-0.024745834,0.226767460
0.714169183,-0.028474718,-0.000001217,0.027907533,0.000925594,-0.024867416,0.227139498
0.714885587,-0.028544730,-0.000001224,0.027996932,0.000884788,-0.024988436,0.227509894
0.715598958,-0.028614426,-0.000001232,0.028085921,0.000844177,-0.025108895,0.227878650
0.716309298,-0.028683804,-0.000001240,0.028174501,0.000803759,-0.025228794,0.228245766
0.717016611,-0.028752865,-0.000001247,0.028262672,0.000763536,-0.025348132,0.228611245
0.717720898,-0.028821609,-0.000001255,0.028350434,0.000723505,-0.025466910,0.228975087
0.718422163,-0.028890037,-0.000001262,0.028437788,0.000683668,-0.025585129,0.229337294
0.719120407,-0.028958149,-0.000001270,0.028524734,0.000644024,-0.025702789,0.229697867
0.719815634,-0.029025945,-0.000001277,0.028611272,0.000604573,-0.025819891,0.230056809
0.720507846,-0.029093426,-0.000001285,0.028697404,0.000565315,-0.025936436,0.230414120
0.721197045,-0.029160591,-0.000001292,0.028783128,0.000526249,-0.026052423,0.230769802
0.721883234,-0.029227442,-0.000001299,0.028868446,0.000487376,-0.026167854,0.231123856
0.722566416,-0.029293977,-0.000001307,0.028953359,0.000448694,-0.026282728,0.231476284
0.723246593,-0.029360199,-0.000001314,0.029037865,0.000410205,-0.026397047,0.231827087
0.723923768,-0.029426106,-0.000001321,0.029121966,0.000371908,-0.026510811,0.232176267
0.724597943,-0.029491700,-0.000001328,0.029205662,0.000333802,-0.026624020,0.232523824
0.725269120,-0.029556980,-0.000001336,0.029288954,0.000295888,-0.026736675,0.232869762
0.725937303,-0.029621946,-0.000001343,0.029371842,0.000258165,-0.026848777,0.233214080
0.726602494,-0.029686600,-0.000001350,0.029454325,0.000220633,-0.026960325,0.233556780
0.727264695,-0.029750941,-0.000001357,0.029536406,0.000183292,-0.027071321,0.233897864
0.727923910,-0.029814970,-0.000001364,0.029618083,0.000146142,-0.027181765,0.234237334
0.728580139,-0.029878687,-0.000001371,0.029699357,0.000109182,-0.027291658,0.234575190
0.729233387,-0.029942091,-0.000001378,0.029780229,0.000072413,-0.027400999,0.234911435
0.729883656,-0.030005185,-0.000001385,0.029860700,0.000035834,-0.027509790,0.235246069
0.730530948,-0.030067967,-0.000001392,0.029940768,-0.000000555,-0.027618031,0.235579094
0.731175265,-0.030130438,-0.000001398,0.030020436,-0.000036754,-0.027725722,0.235910511
0.731816611,-0.030192598,-0.000001405,0.030099702,-0.000072764,-0.027832865,0.236240322
0.732454988,-0.030254448,-0.000001412,0.030178568,-0.000108584,-0.027939459,0.236568529
0.733090398,-0.030315988,-0.000001419,0.030257034,-0.000144214,-0.028045505,0.236895133
0.733722844,-0.030377218,-0.000001426,0.030335101,-0.000179656,-0.028151003,0.237220134
0.734352328,-0.030438139,-0.000001432,0.030412768,-0.000214909,-0.028255955,0.237543536
0.734978854,-0.030498750,-0.000001439,0.030490036,-0.000249973,-0.028360361,0.237865338
0.735602423,-0.030559052,-0.000001445,0.030566905,-0.000284848,-0.028464220,0.238185543
0.736223038,-0.030619046,-0.000001452,0.030643376,-0.000319535,-0.028567534,0.238504153
0.736840702,-0.030678731,-0.000001459,0.030719449,-0.000354034,-0.028670304,0.238821167
0.737455417,-0.030738109,-0.000001465,0.030795125,-0.000388345,-0.028772529,0.239136589
0.738067187,-0.030797178,-0.000001472,0.030870404,-0.000422467,-0.028874210,0.239450418
0.738676012,-0.030855940,-0.000001478,0.030945285,-0.000456403,-0.028975348,0.239762658
0.739281896,-0.030914394,-0.000001484,0.031019771,-0.000490150,-0.029075943,0.240073308
0.739884842,-0.030972542,-0.000001491,0.031093860,-0.000523711,-0.029175996,0.240382372
0.740484852,-0.031030383,-0.000001497,0.031167554,-0.000557084,-0.029275507,0.240689849
0.741081929,-0.031087917,-0.000001503,0.031240852,-0.000590271,-0.029374476,0.240995742
0.741676074,-0.031145146,-0.000001510,0.031313756,-0.000623270,-0.029472906,0.241300052
0.742267292,-0.031202068,-0.000001516,0.031386265,-0.000656083,-0.029570794,0.241602781
0.742855583,-0.031258685,-0.000001522,0.031458380,-0.000688710,-0.029668144,0.241903929
0.743440951,-0.031314997,-0.000001528,0.031530101,-0.000721150,-0.029764953,0.242203498
0.744023399,-0.031371004,-0.000001534,0.031601429,-0.000753405,-0.029861225,0.242501491
0.744602928,-0.031426706,-0.000001540,0.031672364,-0.000785473,-0.029956958,0.242797907
0.745179542,-0.031482103,-0.000001546,0.031742905,-0.000817356,-0.030052153,0.243092749
0.745753243,-0.031537197,-0.000001553,0.031813055,-0.000849053,-0.030146812,0.243386018
0.746324034,-0.031591987,-0.000001558,0.031882813,-0.000880566,-0.030240933,0.243677716
0.746891916,-0.031646473,-0.000001564,0.031952179,-0.000911892,-0.030334519,0.243967843
0.747456893,-0.031700656,-0.000001570,0.032021154,-0.000943034,-0.030427569,0.244256402
0.748018968,-0.031754536,-0.000001576,0.032089738,-0.000973992,-0.030520084,0.244543394
0.748578142,-0.031808113,-0.000001582,0.032157932,-0.001004764,-0.030612064,0.244828820
0.749134418,-0.031861388,-0.000001588,0.032225736,-0.001035353,-0.030703510,0.245112682
0.749687800,-0.031914361,-0.000001594,0.032293150,-0.001065757,-0.030794423,0.245394981
0.750238288,-0.031967031,-0.000001599,0.032360174,-0.001095977,-0.030884803,0.245675719
0.750785887,-0.032019401,-0.000001605,0.032426810,-0.001126013,-0.030974650,0.245954896
0.751330598,-0.032071469,-0.000001611,0.032493057,-0.001155865,-0.031063965,0.246232515
0.751872424,-0.032123236,-0.000001616,0.032558916,-0.001185534,-0.031152749,0.246508577
0.752411368,-0.032174702,-0.000001622,0.032624387,-0.001215020,-0.031241001,0.246783084
0.752947432,-0.032225868,-0.000001628,0.032689470,-0.001244322,-0.031328723,0.247056036
0.753480619,-0.032276734,-0.000001633,0.032754166,-0.001273442,-0.031415916,0.247327435
0.754010930,-0.032327300,-0.000001639,0.032818476,-0.001302378,-0.031502578,0.247597283
0.754538370,-0.032377566,-0.000001644,0.032882399,-0.001331133,-0.031588712,0.247865582
0.755062940,-0.032427533,-0.000001650,0.032945937,-0.001359704,-0.031674318,0.248132332
0.755584643,-0.032477202,-0.000001655,0.033009088,-0.001388094,-0.031759395,0.248397534
0.756103482,-0.032526571,-0.000001660,0.033071855,-0.001416301,-0.031843946,0.248661192
0.756619458,-0.032575642,-0.000001666,0.033134236,-0.001444327,-0.031927969,0.248923305
0.757132575,-0.032624415,-0.000001671,0.033196233,-0.001472171,-0.032011466,0.249183875
0.757642836,-0.032672890,-0.000001676,0.033257846,-0.001499833,-0.032094437,0.249442905
0.758150241,-0.032721067,-0.000001682,0.033319075,-0.001527314,-0.032176883,0.249700394
0.758654796,-0.032768947,-0.000001687,0.033379921,-0.001554614,-0.032258804,0.249956345
0.759156500,-0.032816531,-0.000001692,0.033440384,-0.001581733,-0.032340201,0.250210760
0.759655359,-0.032863817,-0.000001697,0.033500464,-0.001608671,-0.032421073,0.250463639
0.760151373,-0.032910807,-0.000001702,0.033560161,-0.001635429,-0.032501423,0.250714983
0.760644545,-0.032957501,-0.000001707,0.033619477,-0.001662006,-0.032581250,0.250964796
0.761134879,-0.033003899,-0.000001712,0.033678411,-0.001688403,-0.032660555,0.251213077
0.761622376,-0.033050002,-0.000001717,0.033736964,-0.001714620,-0.032739337,0.251459828
0.762107039,-0.033095809,-0.000001722,0.033795137,-0.001740657,-0.032817599,0.251705052
0.762588871,-0.033141321,-0.000001727,0.033852929,-0.001766514,-0.032895340,0.251948748
0.763067874,-0.033186538,-0.000001732,0.033910341,-0.001792192,-0.032972561,0.252190919
0.763544050,-0.033231461,-0.000001737,0.033967373,-0.001817691,-0.033049262,0.252431566
0.764017403,-0.033276090,-0.000001742,0.034024025,-0.001843010,-0.033125444,0.252670691
0.764487935,-0.033320425,-0.000001747,0.034080299,-0.001868150,-0.033201107,0.252908295
0.764955648,-0.033364467,-0.000001751,0.034136195,-0.001893112,-0.033276252,0.253144379
0.765420546,-0.033408215,-0.000001756,0.034191712,-0.001917895,-0.033350880,0.253378944
0.765882629,-0.033451670,-0.000001761,0.034246851,-0.001942499,-0.033424990,0.253611994
0.766341902,-0.033494833,-0.000001765,0.034301613,-0.001966926,-0.033498584,0.253843528
0.766798366,-0.033537703,-0.000001770,0.034355998,-0.001991174,-0.033571662,0.254073548
0.767252025,-0.033580281,-0.000001775,0.034410006,-0.002015244,-0.033644224,0.254302055
0.767702880,-0.033622566,-0.000001779,0.034463637,-0.002039137,-0.033716271,0.254529052
0.768150935,-0.033664561,-0.000001784,0.034516893,-0.002062852,-0.033787803,0.254754539
0.768596191,-0.033706264,-0.000001788,0.034569773,-0.002086390,-0.033858822,0.254978519
0.769038652,-0.033747676,-0.000001793,0.034622278,-0.002109750,-0.033929327,0.255200991
0.769478319,-0.033788797,-0.000001797,0.034674408,-0.002132934,-0.033999319,0.255421959
0.769915196,-0.033829628,-0.000001802,0.034726163,-0.002155941,-0.034068798,0.255641422
0.770349285,-0.033870169,-0.000001806,0.034777545,-0.002178771,-0.034137766,0.255859384
0.770780589,-0.033910420,-0.000001810,0.034828552,-0.002201425,-0.034206222,0.256075844
0.771209110,-0.033950381,-0.000001815,0.034879187,-0.002223902,-0.034274167,0.256290805
0.771634850,-0.033990053,-0.000001819,0.034929448,-0.002246204,-0.034341601,0.256504268
0.772057813,-0.034029436,-0.000001823,0.034979337,-0.002268330,-0.034408526,0.256716235
0.772478000,-0.034068531,-0.000001827,0.035028853,-0.002290279,-0.034474941,0.256926707
0.772895415,-0.034107336,-0.000001832,0.035077997,-0.002312054,-0.034540848,0.257135684
0.773310060,-0.034145854,-0.000001836,0.035126770,-0.002333653,-0.034606246,0.257343170
0.773721937,-0.034184084,-0.000001840,0.035175172,-0.002355077,-0.034671136,0.257549165
0.774131049,-0.034222026,-0.000001844,0.035223203,-0.002376326,-0.034735519,0.257753671
0.774537398,-0.034259681,-0.000001848,0.035270864,-0.002397400,-0.034799395,0.257956688
0.774940988,-0.034297049,-0.000001852,0.035318154,-0.002418299,-0.034862764,0.258158220
0.775341820,-0.034334130,-0.000001856,0.035365075,-0.002439024,-0.034925628,0.258358266
0.775739898,-0.034370925,-0.000001860,0.035411627,-0.002459575,-0.034987987,0.258556829
0.776135223,-0.034407433,-0.000001864,0.035457810,-0.002479951,-0.035049841,0.258753909
0.776527799,-0.034443656,-0.000001868,0.035503624,-0.002500154,-0.035111190,0.258949509
0.776917627,-0.034479593,-0.000001872,0.035549070,-0.002520183,-0.035172036,0.259143630
0.777304711,-0.034515244,-0.000001875,0.035594148,-0.002540039,-0.035232378,0.259336273
0.777689053,-0.034550611,-0.000001879,0.035638859,-0.002559721,-0.035292218,0.259527440
0.778070655,-0.034585693,-0.000001883,0.035683202,-0.002579230,-0.035351555,0.259717131
0.778449520,-0.034620490,-0.000001887,0.035727179,-0.002598566,-0.035410391,0.259905350
0.778825651,-0.034655004,-0.000001890,0.035770790,-0.002617729,-0.035468726,0.260092096
0.779199050,-0.034689233,-0.000001894,0.035814035,-0.002636720,-0.035526560,0.260277372
0.779569720,-0.034723179,-0.000001898,0.035856914,-0.002655538,-0.035583893,0.260461178
0.779937663,-0.034756841,-0.000001901,0.035899427,-0.002674184,-0.035640728,0.260643517
0.780302882,-0.034790221,-0.000001905,0.035941577,-0.002692658,-0.035697063,0.260824390
0.780665379,-0.034823318,-0.000001908,0.035983361,-0.002710959,-0.035752899,0.261003797
0.781025157,-0.034856132,-0.000001912,0.036024782,-0.002729090,-0.035808237,0.261181742
0.781382219,-0.034888664,-0.000001915,0.036065838,-0.002747048,-0.035863078,0.261358224
0.781736566,-0.034920914,-0.000001919,0.036106532,-0.002764835,-0.035917421,0.261533246
0.782088202,-0.034952883,-0.000001922,0.036146862,-0.002782452,-0.035971268,0.261706809
0.782437130,-0.034984570,-0.000001926,0.036186830,-0.002799897,-0.036024619,0.261878915
0.782783351,-0.035015976,-0.000001929,0.036226435,-0.002817171,-0.036077475,0.262049564
0.783126868,-0.035047102,-0.000001932,0.036265679,-0.002834275,-0.036129835,0.262218758
0.783467684,-0.035077947,-0.000001936,0.036304561,-0.002851208,-0.036181701,0.262386499
0.783805801,-0.035108511,-0.000001939,0.036343082,-0.002867971,-0.036233073,0.262552789
0.784141222,-0.035138796,-0.000001942,0.036381243,-0.002884563,-0.036283951,0.262717628
0.784473950,-0.035168802,-0.000001945,0.036419043,-0.002900986,-0.036334336,0.262881018
0.784803986,-0.035198528,-0.000001948,0.036456482,-0.002917239,-0.036384229,0.263042960
0.785131335,-0.035227975,-0.000001951,0.036493563,-0.002933323,-0.036433630,0.263203457
0.785455997,-0.035257143,-0.000001955,0.036530284,-0.002949237,-0.036482540,0.263362509
0.785777976,-0.035286032,-0.000001958,0.036566646,-0.002964982,-0.036530958,0.263520117
0.786097274,-0.035314644,-0.000001961,0.036602649,-0.002980558,-0.036578886,0.263676284
0.786413893,-0.035342978,-0.000001964,0.036638295,-0.002995966,-0.036626325,0.263831011
0.786727837,-0.035371034,-0.000001967,0.036673582,-0.003011204,-0.036673274,0.263984298
0.787039108,-0.035398812,-0.000001970,0.036708512,-0.003026274,-0.036719734,0.264136149
0.787347709,-0.035426314,-0.000001972,0.036743086,-0.003041176,-0.036765705,0.264286563
0.787653641,-0.035453539,-0.000001975,0.036777302,-0.003055910,-0.036811189,0.264435543
0.787956908,-0.035480487,-0.000001978,0.036811162,-0.003070476,-0.036856186,0.264583090
0.788257511,-0.035507159,-0.000001981,0.036844666,-0.003084874,-0.036900695,0.264729205
0.788555455,-0.035533555,-0.000001984,0.036877815,-0.003099105,-0.036944719,0.264873889
0.788850740,-0.035559676,-0.000001987,0.036910609,-0.003113168,-0.036988256,0.265017146
0.789143371,-0.035585521,-0.000001989,0.036943047,-0.003127064,-0.037031309,0.265158974
0.789433348,-0.035611092,-0.000001992,0.036975131,-0.003140793,-0.037073876,0.265299377
0.789720676,-0.035636387,-0.000001995,0.037006861,-0.003154355,-0.037115960,0.265438356
0.790005355,-0.035661408,-0.000001997,0.037038238,-0.003167750,-0.037157559,0.265575911
0.790287390,-0.035686155,-0.000002000,0.037069261,-0.003180979,-0.037198676,0.265712045
0.790566782,-0.035710628,-0.000002002,0.037099931,-0.003194042,-0.037239309,0.265846759
0.790843534,-0.035734827,-0.000002005,0.037130249,-0.003206939,-0.037279461,0.265980054
0.791117649,-0.035758753,-0.000002007,0.037160214,-0.003219669,-0.037319131,0.266111931
0.791389128,-0.035782406,-0.000002010,0.037189827,-0.003232234,-0.037358319,0.266242393
0.791657976,-0.035805786,-0.000002012,0.037219089,-0.003244634,-0.037397027,0.266371441
0.791924194,-0.035828893,-0.000002015,0.037248000,-0.003256868,-0.037435255,0.266499076
0.792187784,-0.035851729,-0.000002017,0.037276560,-0.003268937,-0.037473003,0.266625299
0.792448750,-0.035874292,-0.000002019,0.037304770,-0.003280840,-0.037510272,0.266750112
0.792707093,-0.035896584,-0.000002022,0.037332630,-0.003292579,-0.037547063,0.266873517
0.792962817,-0.035918604,-0.000002024,0.037360140,-0.003304154,-0.037583375,0.266995515
0.793215924,-0.035940354,-0.000002026,0.037387301,-0.003315564,-0.037619210,0.267116107
0.793466417,-0.035961832,-0.000002029,0.037414113,-0.003326809,-0.037654568,0.267235294
0.793714298,-0.035983041,-0.000002031,0.037440576,-0.003337890,-0.037689449,0.267353079
0.793959569,-0.036003978,-0.000002033,0.037466692,-0.003348808,-0.037723855,0.267469462
0.794202234,-0.036024646,-0.000002035,0.037492459,-0.003359562,-0.037757784,0.267584446
0.794442294,-0.036045045,-0.000002037,0.037517880,-0.003370152,-0.037791239,0.267698031
0.794679752,-0.036065174,-0.000002039,0.037542953,-0.003380579,-0.037824219,0.267810219
0.794914612,-0.036085034,-0.000002041,0.037567679,-0.003390842,-0.037856726,0.267921011
0.795146874,-0.036104625,-0.000002043,0.037592059,-0.003400943,-0.037888758,0.268030409
0.795376543,-0.036123948,-0.000002045,0.037616094,-0.003410881,-0.037920318,0.268138414
0.795603620,-0.036143002,-0.000002047,0.037639783,-0.003420656,-0.037951406,0.268245029
0.795828109,-0.036161788,-0.000002049,0.037663126,-0.003430268,-0.037982021,0.268350253
0.796050010,-0.036180307,-0.000002051,0.037686125,-0.003439718,-0.038012165,0.268454089
0.796269328,-0.036198559,-0.000002053,0.037708779,-0.003449007,-0.038041838,0.268556538
0.796486065,-0.036216543,-0.000002055,0.037731090,-0.003458133,-0.038071041,0.268657601
0.796700223,-0.036234261,-0.000002056,0.037753056,-0.003467097,-0.038099774,0.268757280
0.796911805,-0.036251712,-0.000002058,0.037774680,-0.003475900,-0.038128038,0.268855577
0.797120813,-0.036268897,-0.000002060,0.037795960,-0.003484542,-0.038155832,0.268952493
0.797327250,-0.036285816,-0.000002062,0.037816898,-0.003493022,-0.038183159,0.269048028
0.797531119,-0.036302469,-0.000002063,0.037837494,-0.003501341,-0.038210017,0.269142186
0.797732421,-0.036318857,-0.000002065,0.037857747,-0.003509499,-0.038236409,0.269234966
0.797931160,-0.036334980,-0.000002067,0.037877660,-0.003517497,-0.038262333,0.269326371
0.798127339,-0.036350838,-0.000002068,0.037897231,-0.003525334,-0.038287792,0.269416403
0.798320958,-0.036366432,-0.000002070,0.037916461,-0.003533011,-0.038312784,0.269505061
0.798512023,-0.036381761,-0.000002071,0.037935352,-0.003540528,-0.038337311,0.269592349
0.798700533,-0.036396826,-0.000002073,0.037953902,-0.003547885,-0.038361374,0.269678266
0.798886494,-0.036411628,-0.000002074,0.037972112,-0.003555082,-0.038384972,0.269762816
0.799069906,-0.036426167,-0.000002076,0.037989984,-0.003562119,-0.038408107,0.269845999
0.799250772,-0.036440442,-0.000002077,0.038007516,-0.003568997,-0.038430778,0.269927816
0.799429096,-0.036454454,-0.000002079,0.038024710,-0.003575716,-0.038452987,0.270008270
0.799604879,-0.036468204,-0.000002080,0.038041566,-0.003582276,-0.038474733,0.270087361
0.799778124,-0.036481692,-0.000002081,0.038058084,-0.003588677,-0.038496018,0.270165091
0.799948834,-0.036494918,-0.000002083,0.038074265,-0.003594919,-0.038516842,0.270241462
0.800117010,-0.036507882,-0.000002084,0.038090109,-0.003601003,-0.038537205,0.270316474
0.800282657,-0.036520585,-0.000002085,0.038105616,-0.003606929,-0.038557108,0.270390130
0.800445776,-0.036533026,-0.000002086,0.038120787,-0.003612696,-0.038576552,0.270462431
0.800606370,-0.036545207,-0.000002087,0.038135622,-0.003618305,-0.038595536,0.270533378
0.800764441,-0.036557128,-0.000002089,0.038150121,-0.003623757,-0.038614062,0.270602972
0.800919992,-0.036568788,-0.000002090,0.038164286,-0.003629051,-0.038632130,0.270671215
0.801073026,-0.036580188,-0.000002091,0.038178115,-0.003634188,-0.038649740,0.270738109
0.801223545,-0.036591328,-0.000002092,0.038191610,-0.003639167,-0.038666893,0.270803655
0.801371551,-0.036602209,-0.000002093,0.038204772,-0.003643989,-0.038683590,0.270867855
0.801517047,-0.036612831,-0.000002094,0.038217599,-0.003648655,-0.038699830,0.270930709
0.801660036,-0.036623195,-0.000002095,0.038230093,-0.003653164,-0.038715615,0.270992219
0.801800521,-0.036633299,-0.000002096,0.038242254,-0.003657516,-0.038730946,0.271052388
0.801938503,-0.036643146,-0.000002097,0.038254083,-0.003661712,-0.038745821,0.271111215
0.802073986,-0.036652734,-0.000002098,0.038265580,-0.003665752,-0.038760243,0.271168703
0.802206971,-0.036662065,-0.000002098,0.038276744,-0.003669636,-0.038774211,0.271224853
0.802337462,-0.036671138,-0.000002099,0.038287577,-0.003673364,-0.038787727,0.271279667
0.802465461,-0.036679955,-0.000002100,0.038298080,-0.003676936,-0.038800790,0.271333145
0.802590970,-0.036688514,-0.000002101,0.038308251,-0.003680353,-0.038813401,0.271385290
0.802713993,-0.036696817,-0.000002102,0.038318092,-0.003683615,-0.038825561,0.271436103
0.802834531,-0.036704864,-0.000002102,0.038327603,-0.003686722,-0.038837270,0.271485585
0.802952588,-0.036712655,-0.000002103,0.038336785,-0.003689674,-0.038848528,0.271533737
0.803068165,-0.036720190,-0.000002104,0.038345638,-0.003692471,-0.038859337,0.271580562
0.803181266,-0.036727470,-0.000002104,0.038354161,-0.003695114,-0.038869696,0.271626060
0.803291892,-0.036734494,-0.000002105,0.038362356,-0.003697602,-0.038879607,0.271670234
0.803400047,-0.036741264,-0.000002105,0.038370223,-0.003699936,-0.038889069,0.271713084
0.803505733,-0.036747779,-0.000002106,0.038377762,-0.003702116,-0.038898084,0.271754612
0.803608952,-0.036754040,-0.000002106,0.038384974,-0.003704143,-0.038906651,0.271794819
0.803709708,-0.036760047,-0.000002107,0.038391859,-0.003706016,-0.038914771,0.271833707
0.803808002,-0.036765800,-0.000002107,0.038398418,-0.003707735,-0.038922445,0.271871277
0.803903837,-0.036771300,-0.000002108,0.038404650,-0.003709301,-0.038929674,0.271907531
0.803997216,-0.036776547,-0.000002108,0.038410556,-0.003710715,-0.038936457,0.271942470
0.804088142,-0.036781541,-0.000002109,0.038416137,-0.003711975,-0.038942796,0.271976096
0.804176616,-0.036786283,-0.000002109,0.038421392,-0.003713082,-0.038948690,0.272008409
0.804262642,-0.036790772,-0.000002109,0.038426323,-0.003714037,-0.038954141,0.272039412
0.804346221,-0.036795009,-0.000002110,0.038430930,-0.003714840,-0.038959148,0.272069106
0.804427357,-0.036798995,-0.000002110,0.038435212,-0.003715491,-0.038963713,0.272097492
0.804506052,-0.036802729,-0.000002110,0.038439171,-0.003715989,-0.038967836,0.272124573
0.804582309,-0.036806212,-0.000002110,0.038442806,-0.003716336,-0.038971517,0.272150348
0.804656130,-0.036809444,-0.000002110,0.038446119,-0.003716531,-0.038974757,0.272174820
0.804727517,-0.036812425,-0.000002111,0.038449109,-0.003716575,-0.038977556,0.272197990
0.804796474,-0.036815157,-0.000002111,0.038451777,-0.003716467,-0.038979916,0.272219859
0.804863002,-0.036817638,-0.000002111,0.038454123,-0.003716209,-0.038981835,0.272240430
0.804927105,-0.036819870,-0.000002111,0.038456148,-0.003715799,-0.038983316,0.272259703
0.804988785,-0.036821852,-0.000002111,0.038457852,-0.003715239,-0.038984358,0.272277680
0.805048044,-0.036823585,-0.000002111,0.038459235,-0.003714529,-0.038984962,0.272294362
0.805104886,-0.036825070,-0.000002111,0.038460297,-0.003713668,-0.038985129,0.272309751
0.805159312,-0.036826306,-0.000002111,0.038461040,-0.003712656,-0.038984859,0.272323848
0.805211325,-0.036827293,-0.000002111,0.038461463,-0.003711495,-0.038984152,0.272336654
0.805260927,-0.036828033,-0.000002111,0.038461567,-0.003710184,-0.038983009,0.272348172
0.805308122,-0.036828524,-0.000002110,0.038461352,-0.003708724,-0.038981431,0.272358402
0.805352912,-0.036828769,-0.000002110,0.038460819,-0.003707114,-0.038979417,0.272367347
0.805395299,-0.036828766,-0.000002110,0.038459968,-0.003705354,-0.038976970,0.272375006
0.805435286,-0.036828517,-0.000002110,0.038458799,-0.003703446,-0.038974088,0.272381383
0.805472875,-0.036828020,-0.000002110,0.038457313,-0.003701389,-0.038970773,0.272386478
0.805508069,-0.036827278,-0.000002109,0.038455509,-0.003699183,-0.038967025,0.272390292
0.805540871,-0.036826290,-0.000002109,0.038453389,-0.003696828,-0.038962845,0.272392828
0.805571283,-0.036825056,-0.000002109,0.038450953,-0.003694325,-0.038958233,0.272394086
0.805599307,-0.036823576,-0.000002108,0.038448201,-0.003691674,-0.038953189,0.272394068
0.805624947,-0.036821851,-0.000002108,0.038445134,-0.003688875,-0.038947715,0.272392776
0.805648204,-0.036819882,-0.000002108,0.038441751,-0.003685928,-0.038941810,0.272390211
0.805669082,-0.036817668,-0.000002107,0.038438054,-0.003682834,-0.038935476,0.272386374
0.805687583,-0.036815210,-0.000002107,0.038434042,-0.003679592,-0.038928712,0.272381267
0.805703709,-0.036812507,-0.000002106,0.038429716,-0.003676203,-0.038921520,0.272374891
0.805717462,-0.036809561,-0.000002106,0.038425077,-0.003672667,-0.038913899,0.272367248
0.805728847,-0.036806372,-0.000002105,0.038420125,-0.003668983,-0.038905850,0.272358339
0.805737864,-0.036802939,-0.000002104,0.038414859,-0.003665154,-0.038897374,0.272348165
0.805744517,-0.036799264,-0.000002104,0.038409281,-0.003661177,-0.038888472,0.272336729
0.805748808,-0.036795346,-0.000002103,0.038403391,-0.003657054,-0.038879143,0.272324031
0.805750740,-0.036791186,-0.000002103,0.038397189,-0.003652785,-0.038869389,0.272310073
0.805750315,-0.036786783,-0.000002102,0.038390676,-0.003648371,-0.038859209,0.272294856
0.805747536,-0.036782139,-0.000002101,0.038383852,-0.003643810,-0.038848605,0.272278383
0.805742405,-0.036777254,-0.000002100,0.038376717,-0.003639103,-0.038837576,0.272260653
0.805734926,-0.036772127,-0.000002100,0.038369272,-0.003634252,-0.038826124,0.272241669
0.805725099,-0.036766760,-0.000002099,0.038361517,-0.003629254,-0.038814249,0.272221432
0.805712929,-0.036761152,-0.000002098,0.038353452,-0.003624112,-0.038801951,0.272199944
0.805698417,-0.036755304,-0.000002097,0.038345078,-0.003618825,-0.038789231,0.272177205
0.805681566,-0.036749215,-0.000002096,0.038336396,-0.003613393,-0.038776089,0.272153219
0.805662379,-0.036742887,-0.000002095,0.038327405,-0.003607817,-0.038762526,0.272127985
0.805640859,-0.036736320,-0.000002094,0.038318106,-0.003602096,-0.038748543,0.272101505
0.805617007,-0.036729513,-0.000002094,0.038308499,-0.003596231,-0.038734140,0.272073781
0.805590826,-0.036722468,-0.000002093,0.038298585,-0.003590222,-0.038719317,0.272044814
0.805562319,-0.036715184,-0.000002092,0.038288364,-0.003584070,-0.038704075,0.272014606
0.805531489,-0.036707661,-0.000002090,0.038277836,-0.003577773,-0.038688415,0.271983158
0.805498337,-0.036699901,-0.000002089,0.038267002,-0.003571333,-0.038672336,0.271950472
0.805462867,-0.036691903,-0.000002088,0.038255863,-0.003564750,-0.038655841,0.271916548
0.805425081,-0.036683667,-0.000002087,0.038244418,-0.003558024,-0.038638928,0.271881389
0.805384982,-0.036675195,-0.000002086,0.038232667,-0.003551155,-0.038621598,0.271844996
0.805342572,-0.036666485,-0.000002085,0.038220612,-0.003544143,-0.038603853,0.271807370
0.805297854,-0.036657539,-0.000002084,0.038208253,-0.003536989,-0.038585693,0.271768513
0.805250830,-0.036648357,-0.000002082,0.038195590,-0.003529692,-0.038567117,0.271728426
0.805201503,-0.036638938,-0.000002081,0.038182623,-0.003522253,-0.038548127,0.271687111
0.805149875,-0.036629284,-0.000002080,0.038169353,-0.003514672,-0.038528723,0.271644569
0.805095949,-0.036619394,-0.000002079,0.038155780,-0.003506949,-0.038508906,0.271600801
0.805039728,-0.036609270,-0.000002077,0.038141905,-0.003499084,-0.038488676,0.271555809
0.804981213,-0.036598910,-0.000002076,0.038127727,-0.003491079,-0.038468033,0.271509595
0.804920409,-0.036588316,-0.000002075,0.038113248,-0.003482931,-0.038446979,0.271462159
0.804857316,-0.036577487,-0.000002073,0.038098468,-0.003474643,-0.038425513,0.271413504
0.804791938,-0.036566425,-0.000002072,0.038083386,-0.003466214,-0.038403637,0.271363630
0.804724278,-0.036555128,-0.000002070,0.038068004,-0.003457644,-0.038381350,0.271312540
0.804654337,-0.036543599,-0.000002069,0.038052321,-0.003448933,-0.038358653,0.271260234
0.804582119,-0.036531836,-0.000002067,0.038036339,-0.003440082,-0.038335548,0.271206714
0.804507625,-0.036519840,-0.000002066,0.038020057,-0.003431091,-0.038312033,0.271151982
0.804430859,-0.036507612,-0.000002064,0.038003476,-0.003421960,-0.038288110,0.271096038
0.804351823,-0.036495151,-0.000002063,0.037986596,-0.003412689,-0.038263780,0.271038885
0.804270519,-0.036482458,-0.000002061,0.037969418,-0.003403278,-0.038239042,0.270980524
0.804186951,-0.036469534,-0.000002059,0.037951941,-0.003393728,-0.038213898,0.270920956
0.804101120,-0.036456378,-0.000002058,0.037934167,-0.003384039,-0.038188347,0.270860183
0.804013030,-0.036442991,-0.000002056,0.037916096,-0.003374210,-0.038162391,0.270798205
0.803922682,-0.036429373,-0.000002054,0.037897728,-0.003364243,-0.038136029,0.270735026
0.803830080,-0.036415524,-0.000002052,0.037879063,-0.003354137,-0.038109263,0.270670645
0.803735225,-0.036401445,-0.000002051,0.037860102,-0.003343892,-0.038082093,0.270605065
0.803638121,-0.036387136,-0.000002049,0.037840846,-0.003333509,-0.038054519,0.270538287
0.803538770,-0.036372598,-0.000002047,0.037821293,-0.003322987,-0.038026542,0.270470312
0.803437174,-0.036357830,-0.000002045,0.037801446,-0.003312328,-0.037998162,0.270401142
0.803333336,-0.036342832,-0.000002043,0.037781304,-0.003301531,-0.037969381,0.270330778
0.803227260,-0.036327606,-0.000002041,0.037760868,-0.003290596,-0.037940198,0.270259222
0.803118946,-0.036312151,-0.000002040,0.037740138,-0.003279523,-0.037910613,0.270186475
0.803008398,-0.036296468,-0.000002038,0.037719114,-0.003268314,-0.037880629,0.270112538
0.802895618,-0.036280557,-0.000002036,0.037697797,-0.003256967,-0.037850244,0.270037413
0.802780609,-0.036264418,-0.000002034,0.037676187,-0.003245483,-0.037819459,0.269961102
0.802663374,-0.036248052,-0.000002032,0.037654285,-0.003233863,-0.037788276,0.269883606
0.802543914,-0.036231458,-0.000002030,0.037632091,-0.003222106,-0.037756694,0.269804926
0.802422233,-0.036214638,-0.000002027,0.037609605,-0.003210212,-0.037724714,0.269725064
0.802298333,-0.036197591,-0.000002025,0.037586827,-0.003198183,-0.037692337,0.269644021
0.802172217,-0.036180317,-0.000002023,0.037563759,-0.003186017,-0.037659563,0.269561798
0.802043886,-0.036162818,-0.000002021,0.037540400,-0.003173715,-0.037626392,0.269478398
0.801913345,-0.036145093,-0.000002019,0.037516750,-0.003161278,-0.037592826,0.269393821
0.801780594,-0.036127142,-0.000002017,0.037492811,-0.003148706,-0.037558864,0.269308070
0.801645638,-0.036108966,-0.000002014,0.037468583,-0.003135998,-0.037524507,0.269221144
0.801508478,-0.036090566,-0.000002012,0.037444065,-0.003123154,-0.037489756,0.269133047
0.801369116,-0.036071940,-0.000002010,0.037419258,-0.003110176,-0.037454611,0.269043778
0.801227557,-0.036053091,-0.000002008,0.037394163,-0.003097064,-0.037419072,0.268953341
0.801083801,-0.036034017,-0.000002005,0.037368780,-0.003083816,-0.037383141,0.268861736
0.800937851,-0.036014719,-0.000002003,0.037343110,-0.003070434,-0.037346817,0.268768964
0.800789711,-0.035995198,-0.000002001,0.037317152,-0.003056918,-0.037310102,0.268675027
0.800639383,-0.035975454,-0.000001998,0.037290907,-0.003043268,-0.037272995,0.268579927
0.800486869,-0.035955487,-0.000001996,0.037264376,-0.003029484,-0.037235498,0.268483665
0.800332171,-0.035935297,-0.000001993,0.037237558,-0.003015567,-0.037197610,0.268386242
0.800175293,-0.035914885,-0.000001991,0.037210455,-0.003001516,-0.037159333,0.268287660
0.800016237,-0.035894251,-0.000001988,0.037183067,-0.002987331,-0.037120666,0.268187920
0.799855005,-0.035873396,-0.000001986,0.037155393,-0.002973014,-0.037081610,0.268087024
0.799691600,-0.035852318,-0.000001983,0.037127434,-0.002958563,-0.037042167,0.267984973
0.799526024,-0.035831020,-0.000001981,0.037099192,-0.002943980,-0.037002335,0.267881769
0.799358281,-0.035809500,-0.000001978,0.037070665,-0.002929264,-0.036962117,0.267777412
0.799188372,-0.035787760,-0.000001975,0.037041855,-0.002914416,-0.036921511,0.267671906
0.799016301,-0.035765800,-0.000001973,0.037012762,-0.002899435,-0.036880520,0.267565250
0.798842069,-0.035743619,-0.000001970,0.036983386,-0.002884323,-0.036839143,0.267457446
0.798665680,-0.035721219,-0.000001967,0.036953727,-0.002869078,-0.036797381,0.267348496
0.798487135,-0.035698599,-0.000001965,0.036923786,-0.002853702,-0.036755234,0.267238402
0.798306438,-0.035675760,-0.000001962,0.036893564,-0.002838195,-0.036712703,0.267127164
0.798123590,-0.035652703,-0.000001959,0.036863060,-0.002822556,-0.036669789,0.267014784
0.797938595,-0.035629426,-0.000001956,0.036832275,-0.002806786,-0.036626491,0.266901264
0.797751456,-0.035605931,-0.000001953,0.036801210,-0.002790885,-0.036582811,0.266786605
0.797562173,-0.035582218,-0.000001951,0.036769865,-0.002774853,-0.036538749,0.266670808
0.797370751,-0.035558288,-0.000001948,0.036738239,-0.002758691,-0.036494305,0.266553875
0.797177192,-0.035534140,-0.000001945,0.036706335,-0.002742398,-0.036449480,0.266435808
0.796981498,-0.035509774,-0.000001942,0.036674151,-0.002725975,-0.036404275,0.266316607
0.796783671,-0.035485192,-0.000001939,0.036641688,-0.002709422,-0.036358690,0.266196275
0.796583715,-0.035460393,-0.000001936,0.036608947,-0.002692739,-0.036312725,0.266074812
0.796381632,-0.035435378,-0.000001933,0.036575928,-0.002675926,-0.036266381,0.265952220
0.796177425,-0.035410147,-0.000001930,0.036542631,-0.002658984,-0.036219659,0.265828501
0.795971095,-0.035384699,-0.000001927,0.036509057,-0.002641913,-0.036172559,0.265703656
0.795762646,-0.035359037,-0.000001924,0.036475207,-0.002624712,-0.036125081,0.265577686
0.795552080,-0.035333159,-0.000001921,0.036441079,-0.002607382,-0.036077227,0.265450593
0.795339400,-0.035307066,-0.000001918,0.036406676,-0.002589924,-0.036028996,0.265322378
0.795124608,-0.035280759,-0.000001914,0.036371997,-0.002572337,-0.035980389,0.265193043
0.794907707,-0.035254237,-0.000001911,0.036337042,-0.002554622,-0.035931407,0.265062590
0.794688699,-0.035227501,-0.000001908,0.036301812,-0.002536778,-0.035882050,0.264931019
0.794467586,-0.035200552,-0.000001905,0.036266308,-0.002518806,-0.035832319,0.264798332
0.794244373,-0.035173389,-0.000001902,0.036230530,-0.002500707,-0.035782214,0.264664530
0.794019060,-0.035146012,-0.000001898,0.036194477,-0.002482480,-0.035731735,0.264529616
0.793791651,-0.035118423,-0.000001895,0.036158151,-0.002464125,-0.035680884,0.264393590
0.793562148,-0.035090621,-0.000001892,0.036121552,-0.002445643,-0.035629660,0.264256453
0.793330553,-0.035062607,-0.000001888,0.036084680,-0.002427033,-0.035578065,0.264118208
0.793096870,-0.035034380,-0.000001885,0.036047536,-0.002408297,-0.035526098,0.263978856
0.792861100,-0.035005942,-0.000001882,0.036010119,-0.002389434,-0.035473761,0.263838398
0.792623247,-0.034977293,-0.000001878,0.035972431,-0.002370444,-0.035421053,0.263696835
0.792383313,-0.034948432,-0.000001875,0.035934472,-0.002351328,-0.035367976,0.263554170
0.792141299,-0.034919360,-0.000001871,0.035896241,-0.002332086,-0.035314529,0.263410403
0.791897210,-0.034890077,-0.000001868,0.035857740,-0.002312718,-0.035260714,0.263265536
0.791651048,-0.034860585,-0.000001864,0.035818969,-0.002293223,-0.035206530,0.263119570
0.791402814,-0.034830882,-0.000001861,0.035779928,-0.002273603,-0.035151979,0.262972507
0.791152512,-0.034800969,-0.000001857,0.035740618,-0.002253858,-0.035097061,0.262824349
0.790900144,-0.034770847,-0.000001854,0.035701038,-0.002233987,-0.035041776,0.262675096
0.790645713,-0.034740515,-0.000001850,0.035661190,-0.002213991,-0.034986125,0.262524750
0.790389221,-0.034709975,-0.000001847,0.035621074,-0.002193870,-0.034930108,0.262373313
0.790130671,-0.034679226,-0.000001843,0.035580689,-0.002173624,-0.034873726,0.262220786
0.789870065,-0.034648268,-0.000001839,0.035540037,-0.002153254,-0.034816980,0.262067170
0.789607406,-0.034617103,-0.000001836,0.035499118,-0.002132759,-0.034759869,0.261912467
0.789342697,-0.034585730,-0.000001832,0.035457931,-0.002112140,-0.034702395,0.261756679
0.789075939,-0.034554149,-0.000001828,0.035416479,-0.002091397,-0.034644558,0.261599806
0.788807136,-0.034522361,-0.000001824,0.035374760,-0.002070530,-0.034586359,0.261441851
0.788536291,-0.034490366,-0.000001821,0.035332775,-0.002049539,-0.034527797,0.261282814
0.788263404,-0.034458164,-0.000001817,0.035290525,-0.002028425,-0.034468874,0.261122697
0.787988481,-0.034425756,-0.000001813,0.035248010,-0.002007187,-0.034409590,0.260961502
0.787711521,-0.034393142,-0.000001809,0.035205231,-0.001985826,-0.034349945,0.260799230
0.787432530,-0.034360322,-0.000001805,0.035162187,-0.001964342,-0.034289940,0.260635883
0.787151508,-0.034327296,-0.000001801,0.035118879,-0.001942736,-0.034229576,0.260471461
0.786868458,-0.034294065,-0.000001797,0.035075308,-0.001921007,-0.034168853,0.260305966
0.786583384,-0.034260630,-0.000001793,0.035031473,-0.001899155,-0.034107772,0.260139401
0.786296287,-0.034226989,-0.000001790,0.034987376,-0.001877181,-0.034046333,0.259971765
0.786007170,-0.034193145,-0.000001786,0.034943017,-0.001855085,-0.033984536,0.259803061
0.785716035,-0.034159096,-0.000001782,0.034898395,-0.001832867,-0.033922382,0.259633291
0.785422886,-0.034124843,-0.000001778,0.034853512,-0.001810527,-0.033859872,0.259462455
0.785127725,-0.034090387,-0.000001773,0.034808367,-0.001788066,-0.033797006,0.259290554
0.784830553,-0.034055727,-0.000001769,0.034762962,-0.001765484,-0.033733785,0.259117592
0.784531375,-0.034020865,-0.000001765,0.034717296,-0.001742780,-0.033670209,0.258943568
0.784230192,-0.033985800,-0.000001761,0.034671369,-0.001719955,-0.033606279,0.258768484
0.783927007,-0.033950533,-0.000001757,0.034625183,-0.001697010,-0.033541994,0.258592342
0.783621823,-0.033915063,-0.000001753,0.034578738,-0.001673944,-0.033477357,0.258415143
0.783314641,-0.033879392,-0.000001749,0.034532033,-0.001650757,-0.033412367,0.258236889
0.783005465,-0.033843519,-0.000001744,0.034485070,-0.001627450,-0.033347024,0.258057581
0.782694298,-0.033807445,-0.000001740,0.034437849,-0.001604023,-0.033281330,0.257877221
0.782381140,-0.033771169,-0.000001736,0.034390369,-0.001580477,-0.033215284,0.257695809
0.782065997,-0.033734694,-0.000001732,0.034342632,-0.001556810,-0.033148888,0.257513348
0.781748869,-0.033698017,-0.000001727,0.034294638,-0.001533024,-0.033082142,0.257329838
0.781429759,-0.033661141,-0.000001723,0.034246387,-0.001509118,-0.033015046,0.257145282
0.781108670,-0.033624065,-0.000001719,0.034197879,-0.001485094,-0.032947600,0.256959681
0.780785605,-0.033586789,-0.000001714,0.034149115,-0.001460950,-0.032879806,0.256773036
0.780460566,-0.033549314,-0.000001710,0.034100096,-0.001436688,-0.032811664,0.256585348
0.780133555,-0.033511640,-0.000001706,0.034050821,-0.001412306,-0.032743174,0.256396619
0.779804575,-0.033473768,-0.000001701,0.034001291,-0.001387807,-0.032674337,0.256206851
0.779473629,-0.033435697,-0.000001697,0.033951507,-0.001363189,-0.032605154,0.256016045
0.779140719,-0.033397428,-0.000001692,0.033901469,-0.001338453,-0.032535624,0.255824202
0.778805848,-0.033358961,-0.000001688,0.033851176,-0.001313599,-0.032465749,0.255631324
0.778469019,-0.033320296,-0.000001683,0.033800630,-0.001288628,-0.032395528,0.255437412
0.778130233,-0.033281435,-0.000001679,0.033749831,-0.001263538,-0.032324963,0.255242468
0.777789493,-0.033242376,-0.000001674,0.033698779,-0.001238332,-0.032254055,0.255046493
0.777446803,-0.033203121,-0.000001669,0.033647475,-0.001213008,-0.032182802,0.254849489
0.777102164,-0.033163669,-0.000001665,0.033595919,-0.001187567,-0.032111207,0.254651457
0.776755579,-0.033124021,-0.000001660,0.033544111,-0.001162010,-0.032039269,0.254452398
0.776407051,-0.033084177,-0.000001656,0.033492052,-0.001136336,-0.031966989,0.254252314
0.776056582,-0.033044138,-0.000001651,0.033439742,-0.001110545,-0.031894367,0.254051206
0.775704175,-0.033003903,-0.000001646,0.033387181,-0.001084638,-0.031821405,0.253849076
0.775349832,-0.032963474,-0.000001641,0.033334370,-0.001058615,-0.031748102,0.253645925
0.774993555,-0.032922849,-0.000001637,0.033281310,-0.001032476,-0.031674459,0.253441755
0.774635349,-0.032882031,-0.000001632,0.033228000,-0.001006221,-0.031600476,0.253236568
0.774275214,-0.032841018,-0.000001627,0.033174441,-0.000979851,-0.031526155,0.253030363
0.773913153,-0.032799811,-0.000001622,0.033120633,-0.000953366,-0.031451496,0.252823144
0.773549170,-0.032758411,-0.000001618,0.033066577,-0.000926765,-0.031376498,0.252614911
0.773183266,-0.032716818,-0.000001613,0.033012273,-0.000900049,-0.031301163,0.252405666
0.772815444,-0.032675031,-0.000001608,0.032957722,-0.000873218,-0.031225492,0.252195410
0.772445707,-0.032633052,-0.000001603,0.032902923,-0.000846273,-0.031149484,0.251984145
0.772074058,-0.032590880,-0.000001598,0.032847878,-0.000819213,-0.031073140,0.251771872
0.771700498,-0.032548517,-0.000001593,0.032792586,-0.000792039,-0.030996460,0.251558593
0.771325030,-0.032505961,-0.000001588,0.032737048,-0.000764751,-0.030919446,0.251344309
0.770947658,-0.032463214,-0.000001583,0.032681264,-0.000737349,-0.030842098,0.251129021
0.770568382,-0.032420276,-0.000001578,0.032625235,-0.000709833,-0.030764416,0.250912732
0.770187207,-0.032377146,-0.000001573,0.032568961,-0.000682203,-0.030686401,0.250695442
0.769804135,-0.032333826,-0.000001568,0.032512443,-0.000654460,-0.030608052,0.250477152
0.769419167,-0.032290316,-0.000001563,0.032455680,-0.000626604,-0.030529372,0.250257865
0.769032307,-0.032246615,-0.000001558,0.032398673,-0.000598635,-0.030450360,0.250037582
0.768643557,-0.032202725,-0.000001553,0.032341423,-0.000570553,-0.030371017,0.249816304
0.768252920,-0.032158645,-0.000001548,0.032283930,-0.000542359,-0.030291343,0.249594032
0.767860399,-0.032114375,-0.000001543,0.032226194,-0.000514052,-0.030211339,0.249370769
0.767465995,-0.032069917,-0.000001537,0.032168216,-0.000485633,-0.030131005,0.249146515
0.767069712,-0.032025270,-0.000001532,0.032109995,-0.000457101,-0.030050342,0.248921272
0.766671551,-0.031980434,-0.000001527,0.032051533,-0.000428458,-0.029969350,0.248695041
0.766271517,-0.031935411,-0.000001522,0.031992830,-0.000399703,-0.029888030,0.248467824
0.765869610,-0.031890199,-0.000001517,0.031933886,-0.000370836,-0.029806383,0.248239623
0.765465834,-0.031844800,-0.000001511,0.031874702,-0.000341858,-0.029724408,0.248010438
0.765060191,-0.031799214,-0.000001506,0.031815277,-0.000312768,-0.029642107,0.247780271
0.764652683,-0.031753441,-0.000001501,0.031755612,-0.000283568,-0.029559480,0.247549124
0.764243314,-0.031707481,-0.000001495,0.031695709,-0.000254257,-0.029476527,0.247316998
0.763832086,-0.031661334,-0.000001490,0.031635566,-0.000224835,-0.029393250,0.247083894
0.763419002,-0.031615002,-0.000001485,0.031575184,-0.000195303,-0.029309647,0.246849815
0.763004063,-0.031568483,-0.000001479,0.031514564,-0.000165660,-0.029225721,0.246614760
0.762587272,-0.031521779,-0.000001474,0.031453707,-0.000135907,-0.029141471,0.246378733
0.762168633,-0.031474890,-0.000001468,0.031392611,-0.000106045,-0.029056898,0.246141733
0.761748147,-0.031427815,-0.000001463,0.031331279,-0.000076072,-0.028972003,0.245903764
0.761325818,-0.031380556,-0.000001457,0.031269710,-0.000045990,-0.028886786,0.245664825
0.760901647,-0.031333113,-0.000001452,0.031207904,-0.000015799,-0.028801247,0.245424919
0.760475637,-0.031285485,-0.000001446,0.031145862,0.000014502,-0.028715387,0.245184047
0.760047791,-0.031237674,-0.000001441,0.031083585,0.000044912,-0.028629207,0.244942211
0.759618112,-0.031189678,-0.000001435,0.031021072,0.000075430,-0.028542707,0.244699411
0.759186601,-0.031141500,-0.000001430,0.030958325,0.000106057,-0.028455888,0.244455650
0.758753262,-0.031093139,-0.000001424,0.030895343,0.000136793,-0.028368749,0.244210928
0.758318097,-0.031044594,-0.000001418,0.030832126,0.000167637,-0.028281293,0.243965248
0.757881108,-0.030995868,-0.000001413,0.030768676,0.000198589,-0.028193518,0.243718610
0.757442299,-0.030946959,-0.000001407,0.030704992,0.000229650,-0.028105426,0.243471017
0.757001671,-0.030897869,-0.000001401,0.030641075,0.000260817,-0.028017018,0.243222469
0.756559227,-0.030848596,-0.000001396,0.030576926,0.000292093,-0.027928293,0.242972968
0.756114970,-0.030799143,-0.000001390,0.030512544,0.000323476,-0.027839252,0.242722515
0.755668903,-0.030749508,-0.000001384,0.030447930,0.000354966,-0.027749896,0.242471112
0.755221027,-0.030699693,-0.000001379,0.030383085,0.000386563,-0.027660225,0.242218761
0.754771346,-0.030649697,-0.000001373,0.030318008,0.000418267,-0.027570240,0.241965462
0.754319861,-0.030599521,-0.000001367,0.030252701,0.000450078,-0.027479941,0.241711218
0.753866577,-0.030549166,-0.000001361,0.030187163,0.000481995,-0.027389329,0.241456029
0.753411494,-0.030498630,-0.000001355,0.030121395,0.000514018,-0.027298404,0.241199897
0.752954616,-0.030447916,-0.000001349,0.030055397,0.000546148,-0.027207167,0.240942824
0.752495945,-0.030397022,-0.000001344,0.029989170,0.000578384,-0.027115618,0.240684811
0.752035484,-0.030345950,-0.000001338,0.029922713,0.000610725,-0.027023758,0.240425859
0.751573235,-0.030294699,-0.000001332,0.029856029,0.000643172,-0.026931587,0.240165970
0.751109201,-0.030243270,-0.000001326,0.029789116,0.000675724,-0.026839106,0.239905145
0.750643384,-0.030191663,-0.000001320,0.029721975,0.000708382,-0.026746316,0.239643386
0.750175787,-0.030139878,-0.000001314,0.029654606,0.000741145,-0.026653216,0.239380694
0.749706413,-0.030087916,-0.000001308,0.029587010,0.000774012,-0.026559808,0.239117070
0.749235263,-0.030035778,-0.000001302,0.029519188,0.000806984,-0.026466092,0.238852517
0.748762342,-0.029983462,-0.000001296,0.029451139,0.000840061,-0.026372068,0.238587035
0.748287650,-0.029930970,-0.000001290,0.029382864,0.000873242,-0.026277737,0.238320626
0.747811191,-0.029878302,-0.000001284,0.029314364,0.000906527,-0.026183100,0.238053292
0.747332968,-0.029825458,-0.000001277,0.029245638,0.000939917,-0.026088156,0.237785033
0.746852982,-0.029772438,-0.000001271,0.029176687,0.000973409,-0.025992907,0.237515852
0.746371236,-0.029719243,-0.000001265,0.029107512,0.001007006,-0.025897353,0.237245749
0.745887734,-0.029665873,-0.000001259,0.029038112,0.001040706,-0.025801494,0.236974727
0.745402477,-0.029612328,-0.000001253,0.028968489,0.001074509,-0.025705332,0.236702786
0.744915467,-0.029558609,-0.000001247,0.028898642,0.001108415,-0.025608865,0.236429928
0.744426709,-0.029504715,-0.000001240,0.028828573,0.001142425,-0.025512096,0.236156154
0.743936203,-0.029450648,-0.000001234,0.028758280,0.001176536,-0.025415025,0.235881467
0.743443954,-0.029396407,-0.000001228,0.028687765,0.001210751,-0.025317651,0.235605866
0.742949962,-0.029341993,-0.000001222,0.028617029,0.001245067,-0.025219977,0.235329355
0.742454231,-0.029287405,-0.000001215,0.028546070,0.001279486,-0.025122001,0.235051934
0.741956763,-0.029232645,-0.000001209,0.028474891,0.001314007,-0.025023725,0.234773604
0.741457562,-0.029177713,-0.000001203,0.028403490,0.001348630,-0.024925148,0.234494368
0.740956628,-0.029122608,-0.000001196,0.028331870,0.001383354,-0.024826273,0.234214226
0.740453966,-0.029067331,-0.000001190,0.028260029,0.001418180,-0.024727099,0.233933180
0.739949577,-0.029011883,-0.000001184,0.028187968,0.001453106,-0.024627626,0.233651231
0.739443465,-0.028956263,-0.000001177,0.028115688,0.001488134,-0.024527856,0.233368382
0.738935630,-0.028900473,-0.000001171,0.028043189,0.001523263,-0.024427788,0.233084633
0.738426077,-0.028844511,-0.000001164,0.027970472,0.001558493,-0.024327423,0.232799985
0.737914808,-0.028788380,-0.000001158,0.027897536,0.001593823,-0.024226762,0.232514441
0.737401825,-0.028732078,-0.000001151,0.027824382,0.001629253,-0.024125806,0.232228001
0.736887131,-0.028675606,-0.000001145,0.027751011,0.001664784,-0.024024554,0.231940668
0.736370728,-0.028618964,-0.000001138,0.027677422,0.001700414,-0.023923007,0.231652442
0.735852620,-0.028562153,-0.000001132,0.027603617,0.001736145,-0.023821166,0.231363324
0.735332807,-0.028505173,-0.000001125,0.027529596,0.001771974,-0.023719031,0.231073318
0.734811294,-0.028448024,-0.000001119,0.027455358,0.001807904,-0.023616604,0.230782423
0.734288082,-0.028390707,-0.000001112,0.027380905,0.001843932,-0.023513883,0.230490642
0.733763175,-0.028333222,-0.000001106,0.027306237,0.001880060,-0.023410870,0.230197975
0.733236574,-0.028275569,-0.000001099,0.027231354,0.001916287,-0.023307566,0.229904424
0.732708282,-0.028217748,-0.000001092,0.027156256,0.001952612,-0.023203970,0.229609991
0.732178302,-0.028159759,-0.000001086,0.027080944,0.001989036,-0.023100084,0.229314677
0.731646637,-0.028101604,-0.000001079,0.027005418,0.002025558,-0.022995908,0.229018484
0.731113288,-0.028043282,-0.000001072,0.026929679,0.002062178,-0.022891442,0.228721413
0.730578259,-0.027984793,-0.000001065,0.026853727,0.002098897,-0.022786687,0.228423465
0.730041552,-0.027926139,-0.000001059,0.026777562,0.002135713,-0.022681643,0.228124641
0.729503169,-0.027867318,-0.000001052,0.026701185,0.002172626,-0.022576311,0.227824945
0.728963114,-0.027808332,-0.000001045,0.026624596,0.002209638,-0.022470692,0.227524375
0.728421388,-0.027749180,-0.000001038,0.026547795,0.002246746,-0.022364786,0.227222935
0.727877994,-0.027689863,-0.000001032,0.026470783,0.002283952,-0.022258593,0.226920626
0.727332935,-0.027630382,-0.000001025,0.026393560,0.002321254,-0.022152114,0.226617448
0.726786214,-0.027570736,-0.000001018,0.026316127,0.002358653,-0.022045350,0.226313404
0.726237832,-0.027510926,-0.000001011,0.026238484,0.002396149,-0.021938300,0.226008495
0.725687793,-0.027450952,-0.000001004,0.026160631,0.002433741,-0.021830967,0.225702723
0.725136098,-0.027390814,-0.000000997,0.026082569,0.002471429,-0.021723349,0.225396088
0.724582751,-0.027330513,-0.000000990,0.026004298,0.002509213,-0.021615447,0.225088592
0.724027755,-0.027270049,-0.000000983,0.025925818,0.002547093,-0.021507263,0.224780237
0.723471110,-0.027209422,-0.000000976,0.025847130,0.002585069,-0.021398797,0.224471025
0.722912821,-0.027148632,-0.000000969,0.025768234,0.002623140,-0.021290048,0.224160955
0.722352890,-0.027087681,-0.000000962,0.025689131,0.002661306,-0.021181018,0.223850031
0.721791319,-0.027026567,-0.000000955,0.025609821,0.002699568,-0.021071707,0.223538253
0.721228111,-0.026965292,-0.000000948,0.025530303,0.002737924,-0.020962116,0.223225624
0.720663268,-0.026903855,-0.000000941,0.025450580,0.002776375,-0.020852245,0.222912143
0.720096793,-0.026842258,-0.000000934,0.025370650,0.002814921,-0.020742095,0.222597813
0.719528689,-0.026780499,-0.000000927,0.025290515,0.002853561,-0.020631666,0.222282636
0.718958957,-0.026718580,-0.000000920,0.025210175,0.002892295,-0.020520958,0.221966612
0.718387602,-0.026656501,-0.000000913,0.025129630,0.002931123,-0.020409973,0.221649743
0.717814624,-0.026594262,-0.000000906,0.025048880,0.002970045,-0.020298710,0.221332031
0.717240027,-0.026531863,-0.000000899,0.024967926,0.003009061,-0.020187171,0.221013477
0.716663813,-0.026469305,-0.000000891,0.024886768,0.003048170,-0.020075355,0.220694082
0.716085985,-0.026406588,-0.000000884,0.024805407,0.003087372,-0.019963264,0.220373848
0.715506546,-0.026343712,-0.000000877,0.024723843,0.003126667,-0.019850897,0.220052777
0.714925497,-0.026280678,-0.000000870,0.024642076,0.003166056,-0.019738255,0.219730869
0.714342842,-0.026217485,-0.000000863,0.024560107,0.003205537,-0.019625340,0.219408126
0.713758583,-0.026154135,-0.000000855,0.024477936,0.003245110,-0.019512151,0.219084550
0.713172722,-0.026090626,-0.000000848,0.024395564,0.003284776,-0.019398688,0.218760142
0.712585262,-0.026026961,-0.000000841,0.024312990,0.003324535,-0.019284953,0.218434904
0.711996207,-0.025963138,-0.000000833,0.024230216,0.003364385,-0.019170946,0.218108836
0.711405557,-0.025899158,-0.000000826,0.024147241,0.003404327,-0.019056667,0.217781941
0.710813316,-0.025835022,-0.000000819,0.024064066,0.003444360,-0.018942117,0.217454220
0.710219486,-0.025770730,-0.000000811,0.023980692,0.003484486,-0.018827296,0.217125674
0.709624070,-0.025706282,-0.000000804,0.023897118,0.003524702,-0.018712205,0.216796305
0.709027071,-0.025641678,-0.000000797,0.023813345,0.003565009,-0.018596845,0.216466114
0.708428490,-0.025576919,-0.000000789,0.023729374,0.003605408,-0.018481216,0.216135103
0.707828332,-0.025512005,-0.000000782,0.023645204,0.003645897,-0.018365318,0.215803272
0.707226597,-0.025446936,-0.000000774,0.023560837,0.003686477,-0.018249152,0.215470625
0.706623288,-0.025381712,-0.000000767,0.023476272,0.003727147,-0.018132718,0.215137161
0.706018409,-0.025316334,-0.000000759,0.023391510,0.003767907,-0.018016017,0.214802882
0.705411962,-0.025250802,-0.000000752,0.023306551,0.003808757,-0.017899050,0.214467790
0.704803949,-0.025185117,-0.000000744,0.023221396,0.003849697,-0.017781817,0.214131887
0.704194373,-0.025119278,-0.000000737,0.023136045,0.003890727,-0.017664319,0.213795173
0.703583236,-0.025053286,-0.000000729,0.023050498,0.003931846,-0.017546555,0.213457651
0.702970541,-0.024987142,-0.000000722,0.022964757,0.003973055,-0.017428527,0.213119321
0.702356290,-0.024920844,-0.000000714,0.022878820,0.004014353,-0.017310235,0.212780185
0.701740487,-0.024854395,-0.000000706,0.022792689,0.004055739,-0.017191680,0.212440244
0.701123133,-0.024787793,-0.000000699,0.022706364,0.004097214,-0.017072862,0.212099501
0.700504231,-0.024721040,-0.000000691,0.022619845,0.004138778,-0.016953781,0.211757956
0.699883784,-0.024654136,-0.000000683,0.022533132,0.004180431,-0.016834439,0.211415610
0.699261794,-0.024587080,-0.000000676,0.022446227,0.004222171,-0.016714835,0.211072466
0.698638264,-0.024519874,-0.000000668,0.022359129,0.004264000,-0.016594970,0.210728525
0.698013197,-0.024452517,-0.000000660,0.022271838,0.004305916,-0.016474845,0.210383787
0.697386594,-0.024385010,-0.000000653,0.022184356,0.004347920,-0.016354460,0.210038255
0.696758459,-0.024317353,-0.000000645,0.022096683,0.004390011,-0.016233816,0.209691931
0.696128793,-0.024249546,-0.000000637,0.022008818,0.004432190,-0.016112913,0.209344814
0.695497600,-0.024181590,-0.000000629,0.021920762,0.004474456,-0.015991751,0.208996908
0.694864883,-0.024113485,-0.000000622,0.021832516,0.004516809,-0.015870332,0.208648213
0.694230643,-0.024045230,-0.000000614,0.021744080,0.004559248,-0.015748656,0.208298730
0.693594883,-0.023976828,-0.000000606,0.021655454,0.004601774,-0.015626723,0.207948462
0.692957606,-0.023908277,-0.000000598,0.021566639,0.004644387,-0.015504533,0.207597410
0.692318814,-0.023839578,-0.000000590,0.021477636,0.004687085,-0.015382088,0.207245574
0.691678510,-0.023770732,-0.000000582,0.021388443,0.004729870,-0.015259388,0.206892957
0.691036696,-0.023701738,-0.000000575,0.021299062,0.004772741,-0.015136433,0.206539560
0.690393376,-0.023632597,-0.000000567,0.021209494,0.004815697,-0.015013224,0.206185385
0.689748551,-0.023563309,-0.000000559,0.021119738,0.004858739,-0.014889761,0.205830432
0.689102224,-0.023493875,-0.000000551,0.021029795,0.004901866,-0.014766045,0.205474704
0.688454397,-0.023424294,-0.000000543,0.020939666,0.004945078,-0.014642077,0.205118202
0.687805074,-0.023354567,-0.000000535,0.020849350,0.004988375,-0.014517856,0.204760926
0.687154257,-0.023284695,-0.000000527,0.020758848,0.005031757,-0.014393383,0.204402879
0.686501948,-0.023214677,-0.000000519,0.020668160,0.005075223,-0.014268660,0.204044063
0.685848149,-0.023144515,-0.000000511,0.020577288,0.005118774,-0.014143686,0.203684478
0.685192864,-0.023074207,-0.000000503,0.020486230,0.005162409,-0.014018462,0.203324126
0.684536095,-0.023003755,-0.000000495,0.020394988,0.005206128,-0.013892988,0.202963008
0.683877844,-0.022933158,-0.000000487,0.020303562,0.005249931,-0.013767265,0.202601126
0.683218115,-0.022862418,-0.000000479,0.020211952,0.005293818,-0.013641294,0.202238481
0.682556909,-0.022791534,-0.000000471,0.020120159,0.005337788,-0.013515075,0.201875075
0.681894229,-0.022720507,-0.000000462,0.020028183,0.005381841,-0.013388608,0.201510909
0.681230078,-0.022649336,-0.000000454,0.019936024,0.005425978,-0.013261894,0.201145985
0.680564458,-0.022578023,-0.000000446,0.019843683,0.005470197,-0.013134934,0.200780304
0.679897372,-0.022506567,-0.000000438,0.019751160,0.005514500,-0.013007728,0.200413867
0.679228822,-0.022434968,-0.000000430,0.019658456,0.005558884,-0.012880276,0.200046677
0.678558811,-0.022363228,-0.000000422,0.019565571,0.005603352,-0.012752580,0.199678733
0.677887341,-0.022291346,-0.000000413,0.019472504,0.005647901,-0.012624639,0.199310039
0.677214416,-0.022219323,-0.000000405,0.019379258,0.005692533,-0.012496454,0.198940595
0.676540037,-0.022147158,-0.000000397,0.019285831,0.005737246,-0.012368026,0.198570402
0.675864207,-0.022074853,-0.000000389,0.019192225,0.005782041,-0.012239354,0.198199463
0.675186929,-0.022002407,-0.000000380,0.019098439,0.005826918,-0.012110441,0.197827778
0.674508205,-0.021929821,-0.000000372,0.019004475,0.005871875,-0.011981285,0.197455349
0.673828038,-0.021857095,-0.000000364,0.018910332,0.005916914,-0.011851889,0.197082178
0.673146430,-0.021784229,-0.000000356,0.018816011,0.005962034,-0.011722251,0.196708265
0.672463384,-0.021711224,-0.000000347,0.018721512,0.006007235,-0.011592373,0.196333613
0.671778902,-0.021638080,-0.000000339,0.018626836,0.006052516,-0.011462255,0.195958223
0.671092987,-0.021564797,-0.000000331,0.018531982,0.006097878,-0.011331898,0.195582096
0.670405642,-0.021491375,-0.000000322,0.018436952,0.006143320,-0.011201303,0.195205233
0.669716869,-0.021417815,-0.000000314,0.018341746,0.006188842,-0.011070469,0.194827637
0.669026670,-0.021344117,-0.000000305,0.018246364,0.006234444,-0.010939397,0.194449308
0.668335049,-0.021270281,-0.000000297,0.018150806,0.006280126,-0.010808088,0.194070248
0.667642007,-0.021196308,-0.000000289,0.018055073,0.006325887,-0.010676542,0.193690459
0.666947548,-0.021122198,-0.000000280,0.017959165,0.006371727,-0.010544760,0.193309941
0.666251673,-0.021047951,-0.000000272,0.017863083,0.006417647,-0.010412743,0.192928697
0.665554386,-0.020973567,-0.000000263,0.017766826,0.006463645,-0.010280490,0.192546728
0.664855689,-0.020899047,-0.000000255,0.017670396,0.006509722,-0.010148002,0.192164035
0.664155584,-0.020824391,-0.000000246,0.017573793,0.006555878,-0.010015281,0.191780619
0.663454074,-0.020749600,-0.000000238,0.017477017,0.006602112,-0.009882325,0.191396483
0.662751162,-0.020674673,-0.000000229,0.017380068,0.006648425,-0.009749137,0.191011627
0.662046850,-0.020599610,-0.000000221,0.017282947,0.006694816,-0.009615716,0.190626053
0.661341141,-0.020524413,-0.000000212,0.017185654,0.006741284,-0.009482063,0.190239763
0.660634037,-0.020449082,-0.000000203,0.017088189,0.006787830,-0.009348178,0.189852757
0.659925540,-0.020373616,-0.000000195,0.016990554,0.006834454,-0.009214063,0.189465038
0.659215654,-0.020298016,-0.000000186,0.016892747,0.006881155,-0.009079716,0.189076606
0.658504381,-0.020222282,-0.000000178,0.016794771,0.006927933,-0.008945140,0.188687464
0.657791723,-0.020146415,-0.000000169,0.016696624,0.006974788,-0.008810334,0.188297612
0.657077684,-0.020070415,-0.000000160,0.016598308,0.007021720,-0.008675299,0.187907052
0.656362265,-0.019994282,-0.000000152,0.016499822,0.007068728,-0.008540036,0.187515786
0.655645469,-0.019918016,-0.000000143,0.016401168,0.007115813,-0.008404544,0.187123814
0.654927298,-0.019841619,-0.000000134,0.016302345,0.007162975,-0.008268825,0.186731140
0.654207756,-0.019765089,-0.000000126,0.016203354,0.007210212,-0.008132880,0.186337762
0.653486845,-0.019688427,-0.000000117,0.016104195,0.007257525,-0.007996707,0.185943685
0.652764566,-0.019611634,-0.000000108,0.016004869,0.007304914,-0.007860309,0.185548908
0.652040924,-0.019534710,-0.000000099,0.015905376,0.007352378,-0.007723685,0.185153433
0.651315920,-0.019457655,-0.000000091,0.015805716,0.007399918,-0.007586837,0.184757261
0.650589557,-0.019380469,-0.000000082,0.015705890,0.007447533,-0.007449764,0.184360395
0.649861838,-0.019303153,-0.000000073,0.015605898,0.007495222,-0.007312467,0.183962835
0.649132765,-0.019225707,-0.000000064,0.015505740,0.007542987,-0.007174947,0.183564583
0.648402340,-0.019148131,-0.000000055,0.015405418,0.007590826,-0.007037204,0.183165641
0.647670566,-0.019070426,-0.000000046,0.015304930,0.007638740,-0.006899238,0.182766009
0.646937446,-0.018992592,-0.000000038,0.015204278,0.007686728,-0.006761051,0.182365690
0.646202983,-0.018914629,-0.000000029,0.015103462,0.007734790,-0.006622643,0.181964684
0.645467178,-0.018836537,-0.000000020,0.015002482,0.007782926,-0.006484013,0.181562993
0.644730035,-0.018758317,-0.000000011,0.014901339,0.007831135,-0.006345164,0.181160619
0.643991555,-0.018679969,-0.000000002,0.014800034,0.007879418,-0.006206094,0.180757563
0.643251742,-0.018601493,0.000000007,0.014698565,0.007927775,-0.006066806,0.180353826
0.642510598,-0.018522890,0.000000016,0.014596934,0.007976204,-0.005927298,0.179949411
0.641768126,-0.018444159,0.000000025,0.014495142,0.008024707,-0.005787573,0.179544317
0.641024328,-0.018365302,0.000000034,0.014393188,0.008073282,-0.005647629,0.179138548
0.640279206,-0.018286318,0.000000043,0.014291073,0.008121930,-0.005507469,0.178732103
0.639532764,-0.018207208,0.000000052,0.014188797,0.008170651,-0.005367092,0.178324985
0.638785003,-0.018127972,0.000000061,0.014086361,0.008219443,-0.005226498,0.177917196
0.638035927,-0.018048610,0.000000070,0.013983765,0.008268308,-0.005085689,0.177508736
0.637285537,-0.017969123,0.000000079,0.013881009,0.008317245,-0.004944665,0.177099607
0.636533838,-0.017889510,0.000000088,0.013778094,0.008366253,-0.004803426,0.176689810
0.635780830,-0.017809773,0.000000097,0.013675020,0.008415333,-0.004661973,0.176279347
0.635026516,-0.017729911,0.000000106,0.013571788,0.008464484,-0.004520306,0.175868220
0.634270900,-0.017649924,0.000000115,0.013468398,0.008513707,-0.004378427,0.175456429
0.633513983,-0.017569814,0.000000124,0.013364850,0.008563000,-0.004236334,0.175043976
0.632755769,-0.017489580,0.000000133,0.013261144,0.008612364,-0.004094030,0.174630864
0.631996259,-0.017409222,0.000000142,0.013157282,0.008661799,-0.003951514,0.174217092
0.631235457,-0.017328741,0.000000152,0.013053262,0.008711305,-0.003808787,0.173802662
0.630473364,-0.017248138,0.000000161,0.012949087,0.008760880,-0.003665850,0.173387577
0.629709984,-0.017167412,0.000000170,0.012844756,0.008810526,-0.003522702,0.172971837
0.628945319,-0.017086563,0.000000179,0.012740269,0.008860241,-0.003379345,0.172555444
0.628179371,-0.017005593,0.000000188,0.012635627,0.008910027,-0.003235779,0.172138399
0.627412144,-0.016924500,0.000000197,0.012530830,0.008959882,-0.003092005,0.171720704
0.626643639,-0.016843287,0.000000207,0.012425879,0.009009806,-0.002948022,0.171302360
0.625873859,-0.016761952,0.000000216,0.012320774,0.009059799,-0.002803832,0.170883369
0.625102807,-0.016680496,0.000000225,0.012215515,0.009109862,-0.002659435,0.170463732
0.624330485,-0.016598919,0.000000234,0.012110103,0.009159993,-0.002514832,0.170043450
0.623556896,-0.016517223,0.000000244,0.012004538,0.009210193,-0.002370023,0.169622526
0.622782042,-0.016435406,0.000000253,0.011898821,0.009260461,-0.002225009,0.169200959
0.622005927,-0.016353469,0.000000262,0.011792951,0.009310797,-0.002079789,0.168778753
0.621228552,-0.016271413,0.000000272,0.011686930,0.009361202,-0.001934365,0.168355907
0.620449919,-0.016189238,0.000000281,0.011580757,0.009411675,-0.001788738,0.167932425
0.619670033,-0.016106944,0.000000290,0.011474433,0.009462215,-0.001642907,0.167508306
0.618888894,-0.016024531,0.000000300,0.011367958,0.009512823,-0.001496873,0.167083553
0.618106506,-0.015942000,0.000000309,0.011261333,0.009563498,-0.001350637,0.166658167
0.617322872,-0.015859351,0.000000318,0.011154558,0.009614240,-0.001204199,0.166232150
0.616537993,-0.015776584,0.000000328,0.011047633,0.009665050,-0.001057560,0.165805503
0.615751872,-0.015693700,0.000000337,0.010940559,0.009715926,-0.000910720,0.165378227
0.614964513,-0.015610698,0.000000347,0.010833337,0.009766869,-0.000763679,0.164950323
0.614175917,-0.015527580,0.000000356,0.010725966,0.009817878,-0.000616439,0.164521794
0.613386086,-0.015444345,0.000000365,0.010618447,0.009868954,-0.000469000,0.164092641
0.612595025,-0.015360994,0.000000375,0.010510780,0.009920095,-0.000321362,0.163662865
0.611802734,-0.015277526,0.000000384,0.010402966,0.009971303,-0.000173526,0.163232467
0.611009217,-0.015193943,0.000000394,0.010295004,0.010022576,-0.000025492,0.162801449
0.610214477,-0.015110245,0.000000403,0.010186896,0.010073915,0.000122739,0.162369813
0.609418515,-0.015026431,0.000000413,0.010078642,0.010125319,0.000271166,0.161937559
0.608621334,-0.014942502,0.000000422,0.009970243,0.010176789,0.000419790,0.161504690
0.607822937,-0.014858459,0.000000432,0.009861697,0.010228323,0.000568610,0.161071207
0.607023327,-0.014774301,0.000000441,0.009753007,0.010279923,0.000717624,0.160637111
0.606222505,-0.014690029,0.000000451,0.009644171,0.010331586,0.000866833,0.160202404
0.605420476,-0.014605644,0.000000461,0.009535192,0.010383315,0.001016237,0.159767086
0.604617240,-0.014521145,0.000000470,0.009426068,0.010435108,0.001165834,0.159331161
0.603812800,-0.014436533,0.000000480,0.009316801,0.010486964,0.001315624,0.158894628
0.603007160,-0.014351808,0.000000489,0.009207390,0.010538885,0.001465606,0.158457490
0.602200322,-0.014266970,0.000000499,0.009097836,0.010590870,0.001615781,0.158019747
0.601392288,-0.014182020,0.000000509,0.008988140,0.010642918,0.001766147,0.157581402
0.600583060,-0.014096958,0.000000518,0.008878302,0.010695029,0.001916704,0.157142455
0.599772643,-0.014011784,0.000000528,0.008768322,0.010747204,0.002067451,0.156702909
0.598961037,-0.013926498,0.000000538,0.008658201,0.010799441,0.002218389,0.156262765
0.598148245,-0.013841102,0.000000547,0.008547938,0.010851742,0.002369516,0.155822023
0.597334270,-0.013755594,0.000000557,0.008437535,0.010904105,0.002520832,0.155380686
0.596519116,-0.013669976,0.000000567,0.008326992,0.010956531,0.002672336,0.154938755
0.595702783,-0.013584248,0.000000576,0.008216309,0.011009018,0.002824029,0.154496231
0.594885275,-0.013498409,0.000000586,0.008105486,0.011061568,0.002975909,0.154053116
0.594066594,-0.013412461,0.000000596,0.007994524,0.011114180,0.003127975,0.153609412
0.593246743,-0.013326403,0.000000606,0.007883423,0.011166854,0.003280228,0.153165119
0.592425724,-0.013240236,0.000000615,0.007772184,0.011219589,0.003432667,0.152720239
0.591603540,-0.013153960,0.000000625,0.007660806,0.011272386,0.003585292,0.152274774
0.590780193,-0.013067575,0.000000635,0.007549291,0.011325244,0.003738101,0.151828725
0.589955687,-0.012981083,0.000000645,0.007437639,0.011378163,0.003891094,0.151382094
0.589130023,-0.012894482,0.000000654,0.007325849,0.011431142,0.004044272,0.150934881
0.588303204,-0.012807773,0.000000664,0.007213923,0.011484183,0.004197632,0.150487089
0.587475233,-0.012720956,0.000000674,0.007101861,0.011537284,0.004351176,0.150038718
0.586646112,-0.012634033,0.000000684,0.006989663,0.011590445,0.004504902,0.149589771
0.585815844,-0.012547003,0.000000694,0.006877330,0.011643666,0.004658809,0.149140249
0.584984431,-0.012459865,0.000000704,0.006764861,0.011696947,0.004812898,0.148690152
0.584151876,-0.012372622,0.000000714,0.006652258,0.011750288,0.004967168,0.148239483
0.583318181,-0.012285273,0.000000723,0.006539520,0.011803689,0.005121617,0.147788244
0.582483349,-0.012197817,0.000000733,0.006426648,0.011857149,0.005276247,0.147336434
0.581647383,-0.012110256,0.000000743,0.006313643,0.011910668,0.005431056,0.146884057
0.580810285,-0.012022590,0.000000753,0.006200504,0.011964246,0.005586043,0.146431113
0.579972057,-0.011934820,0.000000763,0.006087233,0.012017883,0.005741208,0.145977604
0.579132703,-0.011846944,0.000000773,0.005973829,0.012071579,0.005896552,0.145523531
0.578292224,-0.011758964,0.000000783,0.005860293,0.012125333,0.006052072,0.145068895
0.577450623,-0.011670880,0.000000793,0.005746625,0.012179146,0.006207769,0.144613699
0.576607904,-0.011582692,0.000000803,0.005632826,0.012233016,0.006363642,0.144157944
0.575764068,-0.011494401,0.000000813,0.005518896,0.012286945,0.006519691,0.143701630
0.574919117,-0.011406006,0.000000823,0.005404835,0.012340931,0.006675915,0.143244760
0.574073055,-0.011317509,0.000000833,0.005290644,0.012394975,0.006832313,0.142787334
0.573225885,-0.011228909,0.000000843,0.005176323,0.012449077,0.006988886,0.142329355
0.572377607,-0.011140206,0.000000853,0.005061872,0.012503235,0.007145632,0.141870824
0.571528226,-0.011051401,0.000000863,0.004947292,0.012557451,0.007302551,0.141411742
0.570677744,-0.010962495,0.000000873,0.004832584,0.012611723,0.007459642,0.140952110
0.569826162,-0.010873487,0.000000883,0.004717747,0.012666052,0.007616906,0.140491931
0.568973485,-0.010784378,0.000000893,0.004602781,0.012720438,0.007774341,0.140031205
0.568119714,-0.010695168,0.000000903,0.004487689,0.012774880,0.007931947,0.139569935
0.567264852,-0.010605857,0.000000913,0.004372469,0.012829378,0.008089724,0.139108120
0.566408901,-0.010516446,0.000000924,0.004257122,0.012883932,0.008247670,0.138645764
0.565551864,-0.010426935,0.000000934,0.004141648,0.012938542,0.008405786,0.138182866
0.564693744,-0.010337324,0.000000944,0.004026048,0.012993207,0.008564071,0.137719430
0.563834542,-0.010247613,0.000000954,0.003910323,0.013047928,0.008722525,0.137255455
0.562974263,-0.010157803,0.000000964,0.003794472,0.013102704,0.008881146,0.136790945
0.562112908,-0.010067895,0.000000974,0.003678496,0.013157535,0.009039934,0.136325899
0.561250479,-0.009977887,0.000000984,0.003562395,0.013212421,0.009198890,0.135860320
0.560386980,-0.009887782,0.000000995,0.003446170,0.013267362,0.009358012,0.135394209
0.559522412,-0.009797578,0.000001005,0.003329821,0.013322357,0.009517300,0.134927567
0.558656779,-0.009707276,0.000001015,0.003213348,0.013377406,0.009676753,0.134460396
0.557790083,-0.009616877,0.000001025,0.003096752,0.013432510,0.009836370,0.133992697
0.556922326,-0.009526380,0.000001035,0.002980033,0.013487668,0.009996153,0.133524472
0.556053512,-0.009435787,0.000001046,0.002863192,0.013542879,0.010156099,0.133055722
0.555183642,-0.009345097,0.000001056,0.002746229,0.013598144,0.010316208,0.132586449
0.554312719,-0.009254311,0.000001066,0.002629143,0.013653462,0.010476480,0.132116654
0.553440746,-0.009163428,0.000001076,0.002511937,0.013708834,0.010636914,0.131646338
0.552567725,-0.009072450,0.000001087,0.002394609,0.013764258,0.010797510,0.131175503
0.551693659,-0.008981376,0.000001097,0.002277161,0.013819736,0.010958268,0.130704151
0.550818551,-0.008890207,0.000001107,0.002159593,0.013875266,0.011119186,0.130232282
0.549942402,-0.008798943,0.000001118,0.002041905,0.013930849,0.011280264,0.129759899
0.549065216,-0.008707584,0.000001128,0.001924097,0.013986484,0.011441502,0.129287002
0.548186994,-0.008616131,0.000001138,0.001806170,0.014042171,0.011602899,0.128813593
0.547307741,-0.008524583,0.000001149,0.001688124,0.014097910,0.011764455,0.128339674
0.546427457,-0.008432942,0.000001159,0.001569960,0.014153701,0.011926168,0.127865246
0.545546146,-0.008341208,0.000001169,0.001451678,0.014209544,0.012088040,0.127390311
0.544663811,-0.008249380,0.000001180,0.001333278,0.014265438,0.012250069,0.126914869
0.543780453,-0.008157459,0.000001190,0.001214761,0.014321383,0.012412254,0.126438923
0.542896075,-0.008065445,0.000001200,0.001096127,0.014377379,0.012574595,0.125962473
0.542010681,-0.007973339,0.000001211,0.000977376,0.014433426,0.012737092,0.125485522
0.541124272,-0.007881141,0.000001221,0.000858510,0.014489524,0.012899744,0.125008070
0.540236850,-0.007788852,0.000001232,0.000739527,0.014545672,0.013062551,0.124530120
0.539348420,-0.007696470,0.000001242,0.000620429,0.014601871,0.013225511,0.124051672
0.538458982,-0.007603998,0.000001253,0.000501216,0.014658120,0.013388625,0.123572728
0.537568540,-0.007511434,0.000001263,0.000381888,0.014714419,0.013551892,0.123093289
0.536677096,-0.007418780,0.000001273,0.000262446,0.014770768,0.013715312,0.122613357
0.535784653,-0.007326035,0.000001284,0.000142890,0.014827166,0.013878884,0.122132934
0.534891214,-0.007233200,0.000001294,0.000023221,0.014883613,0.014042607,0.121652020
0.533996780,-0.007140276,0.000001305,-0.000096562,0.014940110,0.014206481,0.121170618
0.533101354,-0.007047261,0.000001315,-0.000216458,0.014996656,0.014370505,0.120688728
0.532204940,-0.006954158,0.000001326,-0.000336466,0.015053251,0.014534680,0.120206352
0.531307539,-0.006860965,0.000001336,-0.000456586,0.015109895,0.014699003,0.119723492
0.530409154,-0.006767684,0.000001347,-0.000576818,0.015166587,0.014863476,0.119240149
0.529509788,-0.006674315,0.000001357,-0.000697161,0.015223327,0.015028097,0.118756324
0.528609442,-0.006580857,0.000001368,-0.000817615,0.015280116,0.015192866,0.118272019
0.527708121,-0.006487312,0.000001379,-0.000938180,0.015336953,0.015357783,0.117787235
0.526805826,-0.006393679,0.000001389,-0.001058855,0.015393837,0.015522846,0.117301974
0.525902559,-0.006299958,0.000001400,-0.001179640,0.015450769,0.015688055,0.116816237
0.524998324,-0.006206151,0.000001410,-0.001300535,0.015507748,0.015853411,0.116330026
0.524093123,-0.006112257,0.000001421,-0.001421538,0.015564775,0.016018911,0.115843342
0.523186958,-0.006018277,0.000001431,-0.001542650,0.015621849,0.016184557,0.115356186
0.522279833,-0.005924210,0.000001442,-0.001663871,0.015678970,0.016350347,0.114868561
0.521371749,-0.005830058,0.000001453,-0.001785200,0.015736137,0.016516280,0.114380466
0.520462709,-0.005735820,0.000001463,-0.001906636,0.015793351,0.016682357,0.113891905
0.519552716,-0.005641497,0.000001474,-0.002028180,0.015850611,0.016848577,0.113402878
0.518641772,-0.005547089,0.000001485,-0.002149830,0.015907918,0.017014938,0.112913386
0.517729879,-0.005452596,0.000001495,-0.002271587,0.015965270,0.017181442,0.112423432
0.516817041,-0.005358019,0.000001506,-0.002393450,0.016022668,0.017348087,0.111933016
0.515903260,-0.005263357,0.000001516,-0.002515419,0.016080112,0.017514872,0.111442140
0.514988539,-0.005168612,0.000001527,-0.002637494,0.016137601,0.017681797,0.110950806
0.514072879,-0.005073783,0.000001538,-0.002759673,0.016195136,0.017848863,0.110459014
0.513156284,-0.004978871,0.000001549,-0.002881957,0.016252716,0.018016067,0.109966767
0.512238756,-0.004883876,0.000001559,-0.003004346,0.016310340,0.018183410,0.109474066
0.511320298,-0.004788798,0.000001570,-0.003126838,0.016368009,0.018350891,0.108980912
0.510400911,-0.004693638,0.000001581,-0.003249434,0.016425723,0.018518510,0.108487307
0.509480600,-0.004598395,0.000001591,-0.003372133,0.016483481,0.018686266,0.107993251
0.508559366,-0.004503071,0.000001602,-0.003494935,0.016541284,0.018854158,0.107498748
0.507637212,-0.004407665,0.000001613,-0.003617839,0.016599130,0.019022186,0.107003797
0.506714140,-0.004312178,0.000001624,-0.003740845,0.016657020,0.019190350,0.106508401
0.505790153,-0.004216610,0.000001634,-0.003863953,0.016714954,0.019358649,0.106012561
0.504865253,-0.004120962,0.000001645,-0.003987163,0.016772931,0.019527083,0.105516278
0.503939444,-0.004025232,0.000001656,-0.004110473,0.016830952,0.019695651,0.105019554
0.503012727,-0.003929423,0.000001667,-0.004233884,0.016889015,0.019864352,0.104522390
0.502085105,-0.003833534,0.000001678,-0.004357395,0.016947122,0.020033186,0.104024787
0.501156582,-0.003737565,0.000001688,-0.004481006,0.017005271,0.020202152,0.103526748
0.500227158,-0.003641517,0.000001699,-0.004604717,0.017063463,0.020371251,0.103028273
0.499296837,-0.003545390,0.000001710,-0.004728526,0.017121697,0.020540481,0.102529365
0.498365622,-0.003449184,0.000001721,-0.004852435,0.017179973,0.020709842,0.102030023
0.497433514,-0.003352900,0.000001732,-0.004976441,0.017238292,0.020879333,0.101530251
0.496500517,-0.003256538,0.000001743,-0.005100546,0.017296652,0.021048954,0.101030049
0.495566633,-0.003160097,0.000001753,-0.005224748,0.017355054,0.021218705,0.100529418
0.494631864,-0.003063580,0.000001764,-0.005349048,0.017413497,0.021388584,0.100028361
0.493696214,-0.002966985,0.000001775,-0.005473444,0.017471981,0.021558592,0.099526878
0.492759684,-0.002870313,0.000001786,-0.005597937,0.017530507,0.021728728,0.099024972
0.491822278,-0.002773564,0.000001797,-0.005722526,0.017589073,0.021898991,0.098522643
0.490883997,-0.002676738,0.000001808,-0.005847211,0.017647681,0.022069380,0.098019893
0.489944845,-0.002579837,0.000001819,-0.005971991,0.017706329,0.022239897,0.097516723
0.489004823,-0.002482860,0.000001830,-0.006096866,0.017765017,0.022410538,0.097013135
0.488063935,-0.002385807,0.000001841,-0.006221836,0.017823745,0.022581306,0.096509131
0.487122183,-0.002288679,0.000001851,-0.006346900,0.017882513,0.022752198,0.096004711
0.486179569,-0.002191476,0.000001862,-0.006472058,0.017941322,0.022923214,0.095499877
0.485236097,-0.002094198,0.000001873,-0.006597310,0.018000170,0.023094354,0.094994631
0.484291768,-0.001996845,0.000001884,-0.006722655,0.018059057,0.023265617,0.094488974
0.483346585,-0.001899419,0.000001895,-0.006848092,0.018117984,0.023437003,0.093982908
0.482400551,-0.001801919,0.000001906,-0.006973622,0.018176949,0.023608511,0.093476433
0.481453669,-0.001704345,0.000001917,-0.007099244,0.018235954,0.023780141,0.092969552
0.480505940,-0.001606697,0.000001928,-0.007224958,0.018294997,0.023951892,0.092462266
0.479557368,-0.001508977,0.000001939,-0.007350763,0.018354079,0.024123764,0.091954576
0.478607954,-0.001411184,0.000001950,-0.007476659,0.018413200,0.024295755,0.091446483
0.477657702,-0.001313319,0.000001961,-0.007602645,0.018472358,0.024467867,0.090937990
0.476706614,-0.001215381,0.000001972,-0.007728722,0.018531555,0.024640097,0.090429097
0.475754693,-0.001117371,0.000001983,-0.007854889,0.018590789,0.024812446,0.089919807
0.474801941,-0.001019290,0.000001994,-0.007981145,0.018650061,0.024984914,0.089410119
0.473848361,-0.000921138,0.000002005,-0.008107490,0.018709371,0.025157499,0.088900037
0.472893955,-0.000822915,0.000002016,-0.008233924,0.018768717,0.025330200,0.088389561
0.471938725,-0.000724620,0.000002027,-0.008360446,0.018828101,0.025503019,0.087878693
0.470982675,-0.000626256,0.000002038,-0.008487056,0.018887522,0.025675953,0.087367434
0.470025807,-0.000527821,0.000002049,-0.008613753,0.018946980,0.025849003,0.086855785
0.469068124,-0.000429316,0.000002061,-0.008740538,0.019006474,0.026022168,0.086343749
0.468109627,-0.000330742,0.000002072,-0.008867410,0.019066004,0.026195448,0.085831327
0.467150320,-0.000232099,0.000002083,-0.008994368,0.019125571,0.026368841,0.085318519
0.466190205,-0.000133386,0.000002094,-0.009121413,0.019185174,0.026542348,0.084805328
0.465229285,-0.000034605,0.000002105,-0.009248543,0.019244812,0.026715968,0.084291754
0.464267562,0.000064245,0.000002116,-0.009375758,0.019304487,0.026889701,0.083777800
0.463305039,0.000163163,0.000002127,-0.009503059,0.019364196,0.027063545,0.083263467
0.462341718,0.000262149,0.000002138,-0.009630444,0.019423942,0.027237501,0.082748756
0.461377602,0.000361203,0.000002149,-0.009757913,0.019483722,0.027411567,0.082233669
0.460412693,0.000460323,0.000002160,-0.009885466,0.019543537,0.027585744,0.081718207
0.459446995,0.000559511,0.000002172,-0.010013103,0.019603387,0.027760031,0.081202371
0.458480509,0.000658766,0.000002183,-0.010140823,0.019663271,0.027934427,0.080686163
0.457513238,0.000758087,0.000002194,-0.010268626,0.019723190,0.028108932,0.080169585
0.456545184,0.000857474,0.000002205,-0.010396511,0.019783143,0.028283546,0.079652637
0.455576351,0.000956927,0.000002216,-0.010524478,0.019843130,0.028458267,0.079135322
0.454606741,0.001056446,0.000002227,-0.010652527,0.019903151,0.028633096,0.078617640
0.453636355,0.001156030,0.000002239,-0.010780657,0.019963205,0.028808031,0.078099594
0.452665198,0.001255679,0.000002250,-0.010908868,0.020023294,0.028983073,0.077581184
0.451693271,0.001355393,0.000002261,-0.011037159,0.020083415,0.029158220,0.077062413
0.450720577,0.001455171,0.000002272,-0.011165531,0.020143569,0.029333473,0.076543281
0.449747119,0.001555014,0.000002283,-0.011293982,0.020203757,0.029508830,0.076023789
0.448772899,0.001654920,0.000002295,-0.011422513,0.020263977,0.029684292,0.075503941
0.447797919,0.001754890,0.000002306,-0.011551123,0.020324230,0.029859857,0.074983736
0.446822182,0.001854923,0.000002317,-0.011679812,0.020384515,0.030035526,0.074463176
0.445845691,0.001955020,0.000002328,-0.011808579,0.020444832,0.030211297,0.073942263
0.444868449,0.002055179,0.000002340,-0.011937424,0.020505182,0.030387170,0.073420998
0.443890457,0.002155401,0.000002351,-0.012066346,0.020565563,0.030563145,0.072899383
0.442911718,0.002255684,0.000002362,-0.012195346,0.020625976,0.030739221,0.072377419
0.441932236,0.002356030,0.000002373,-0.012324422,0.020686421,0.030915398,0.071855107
0.440952011,0.002456437,0.000002385,-0.012453575,0.020746896,0.031091675,0.071332449
0.439971048,0.002556906,0.000002396,-0.012582805,0.020807403,0.031268052,0.070809447
0.438989349,0.002657436,0.000002407,-0.012712109,0.020867941,0.031444527,0.070286101
0.438006915,0.002758026,0.000002418,-0.012841490,0.020928510,0.031621102,0.069762414
0.437023751,0.002858677,0.000002430,-0.012970945,0.020989109,0.031797774,0.069238386
0.436039857,0.002959388,0.000002441,-0.013100474,0.021049739,0.031974544,0.068714019
0.435055237,0.003060159,0.000002452,-0.013230078,0.021110399,0.032151411,0.068189315
0.434069894,0.003160990,0.000002464,-0.013359756,0.021171089,0.032328374,0.067664275
0.433083829,0.003261880,0.000002475,-0.013489508,0.021231808,0.032505433,0.067138901
0.432097046,0.003362829,0.000002486,-0.013619332,0.021292558,0.032682588,0.066613193
0.431109547,0.003463837,0.000002498,-0.013749229,0.021353337,0.032859838,0.066087154
0.430121335,0.003564903,0.000002509,-0.013879199,0.021414145,0.033037182,0.065560784
0.429132411,0.003666028,0.000002520,-0.014009241,0.021474982,0.033214621,0.065034086
0.428142779,0.003767210,0.000002532,-0.014139354,0.021535849,0.033392153,0.064507061
0.427152441,0.003868451,0.000002543,-0.014269538,0.021596744,0.033569777,0.063979709
0.426161400,0.003969748,0.000002554,-0.014399794,0.021657668,0.033747494,0.063452033
0.425169659,0.004071102,0.000002566,-0.014530120,0.021718620,0.033925303,0.062924034
0.424177219,0.004172514,0.000002577,-0.014660516,0.021779600,0.034103204,0.062395713
0.423184083,0.004273982,0.000002588,-0.014790982,0.021840609,0.034281195,0.061867073
0.422190255,0.004375505,0.000002600,-0.014921517,0.021901645,0.034459277,0.061338113
0.421195736,0.004477085,0.000002611,-0.015052121,0.021962709,0.034637448,0.060808837
0.420200529,0.004578721,0.000002623,-0.015182794,0.022023800,0.034815709,0.060279244
0.419204637,0.004680412,0.000002634,-0.015313536,0.022084919,0.034994058,0.059749337
0.418208062,0.004782158,0.000002645,-0.015444345,0.022146065,0.035172496,0.059219118
0.417210806,0.004883958,0.000002657,-0.015575221,0.022207238,0.035351022,0.058688587
0.416212873,0.004985814,0.000002668,-0.015706165,0.022268438,0.035529635,0.058157745
0.415214264,0.005087723,0.000002680,-0.015837176,0.022329664,0.035708335,0.057626595
0.414214983,0.005189686,0.000002691,-0.015968253,0.022390917,0.035887121,0.057095139
0.413215032,0.005291703,0.000002702,-0.016099397,0.022452196,0.036065993,0.056563376
0.412214413,0.005393774,0.000002714,-0.016230606,0.022513501,0.036244950,0.056031309
0.411213130,0.005495897,0.000002725,-0.016361880,0.022574832,0.036423991,0.055498939
0.410211184,0.005598073,0.000002737,-0.016493219,0.022636189,0.036603117,0.054966268
0.409208578,0.005700302,0.000002748,-0.016624623,0.022697571,0.036782327,0.054433297
0.408205314,0.005802583,0.000002760,-0.016756091,0.022758978,0.036961620,0.053900027
0.407201396,0.005904916,0.000002771,-0.016887623,0.022820411,0.037140995,0.053366460
0.406196826,0.006007300,0.000002783,-0.017019218,0.022881869,0.037320453,0.052832598
0.405191606,0.006109736,0.000002794,-0.017150877,0.022943351,0.037499992,0.052298442
0.404185739,0.006212223,0.000002806,-0.017282598,0.023004858,0.037679612,0.051763992
0.403179227,0.006314761,0.000002817,-0.017414382,0.023066389,0.037859313,0.051229252
0.402172073,0.006417349,0.000002829,-0.017546227,0.023127945,0.038039094,0.050694221
0.401164280,0.006519988,0.000002840,-0.017678135,0.023189525,0.038218955,0.050158903
0.400155850,0.006622676,0.000002852,-0.017810103,0.023251128,0.038398894,0.049623297
0.399146786,0.006725414,0.000002863,-0.017942132,0.023312756,0.038578912,0.049087406
0.398137089,0.006828201,0.000002875,-0.018074222,0.023374407,0.038759009,0.048551230
0.397126764,0.006931038,0.000002886,-0.018206372,0.023436081,0.038939182,0.048014772
0.396115811,0.007033923,0.000002898,-0.018338582,0.023497778,0.039119433,0.047478033
0.395104235,0.007136857,0.000002909,-0.018470851,0.023559499,0.039299760,0.046941014
0.394092037,0.007239839,0.000002921,-0.018603179,0.023621242,0.039480164,0.046403717
0.393079220,0.007342869,0.000002932,-0.018735566,0.023683007,0.039660642,0.045866142
0.392065786,0.007445947,0.000002944,-0.018868011,0.023744796,0.039841196,0.045328293
0.391051739,0.007549072,0.000002955,-0.019000514,0.023806606,0.040021824,0.044790169
0.390037080,0.007652244,0.000002967,-0.019133074,0.023868439,0.040202526,0.044251773
0.389021812,0.007755463,0.000002978,-0.019265692,0.023930293,0.040383302,0.043713106
0.388005938,0.007858728,0.000002990,-0.019398366,0.023992169,0.040564150,0.043174169
0.386989460,0.007962040,0.000003001,-0.019531097,0.024054067,0.040745071,0.042634963
0.385972381,0.008065397,0.000003013,-0.019663884,0.024115986,0.040926063,0.042095491
0.384954703,0.008168800,0.000003025,-0.019796727,0.024177926,0.041107127,0.041555754
0.383936430,0.008272249,0.000003036,-0.019929624,0.024239887,0.041288262,0.041015753
0.382917562,0.008375743,0.000003048,-0.020062577,0.024301869,0.041469467,0.040475489
0.381898104,0.008479281,0.000003059,-0.020195585,0.024363872,0.041650742,0.039934964
0.380878057,0.008582864,0.000003071,-0.020328646,0.024425895,0.041832086,0.039394180
0.379857425,0.008686492,0.000003082,-0.020461762,0.024487938,0.042013500,0.038853138
0.378836209,0.008790163,0.000003094,-0.020594931,0.024550001,0.042194981,0.038311839
0.377814412,0.008893878,0.000003106,-0.020728152,0.024612085,0.042376530,0.037770284
0.376792037,0.008997636,0.000003117,-0.020861427,0.024674188,0.042558146,0.037228476
0.375769086,0.009101437,0.000003129,-0.020994754,0.024736310,0.042739829,0.036686415
0.374745563,0.009205282,0.000003140,-0.021128133,0.024798452,0.042921579,0.036144104
0.373721468,0.009309168,0.000003152,-0.021261564,0.024860613,0.043103394,0.035601543
0.372696806,0.009413097,0.000003164,-0.021395045,0.024922793,0.043285274,0.035058734
0.371671578,0.009517068,0.000003175,-0.021528578,0.024984992,0.043467219,0.034515678
0.370645788,0.009621081,0.000003187,-0.021662161,0.025047209,0.043649228,0.033972377
0.369619436,0.009725135,0.000003199,-0.021795794,0.025109445,0.043831301,0.033428833
0.368592527,0.009829230,0.000003210,-0.021929477,0.025171700,0.044013437,0.032885046
0.367565063,0.009933366,0.000003222,-0.022063210,0.025233972,0.044195635,0.032341018
0.366537046,0.010037542,0.000003233,-0.022196991,0.025296262,0.044377896,0.031796751
0.365508479,0.010141759,0.000003245,-0.022330821,0.025358570,0.044560218,0.031252246
0.364479365,0.010246015,0.000003257,-0.022464699,0.025420895,0.044742601,0.030707505
0.363449705,0.010350312,0.000003268,-0.022598625,0.025483238,0.044925045,0.030162528
0.362419503,0.010454647,0.000003280,-0.022732599,0.025545598,0.045107549,0.029617318
0.361388761,0.010559022,0.000003292,-0.022866620,0.025607975,0.045290113,0.029071876
0.360357481,0.010663436,0.000003303,-0.023000687,0.025670369,0.045472735,0.028526203
0.359325667,0.010767888,0.000003315,-0.023134801,0.025732780,0.045655416,0.027980300
0.358293320,0.010872379,0.000003327,-0.023268961,0.025795207,0.045838155,0.027434170
0.357260443,0.010976907,0.000003338,-0.023403167,0.025857650,0.046020952,0.026887813
0.356227040,0.011081473,0.000003350,-0.023537418,0.025920109,0.046203806,0.026341231
0.355193111,0.011186077,0.000003362,-0.023671713,0.025982584,0.046386716,0.025794426
0.354158661,0.011290717,0.000003373,-0.023806054,0.026045075,0.046569682,0.025247399
0.353123691,0.011395395,0.000003385,-0.023940438,0.026107582,0.046752703,0.024700151
0.352088204,0.011500108,0.000003397,-0.024074867,0.026170104,0.046935779,0.024152684
0.351052203,0.011604859,0.000003408,-0.024209338,0.026232641,0.047118910,0.023604999
0.350015689,0.011709645,0.000003420,-0.024343853,0.026295193,0.047302095,0.023057097
0.348978667,0.011814467,0.000003432,-0.024478411,0.026357760,0.047485333,0.022508981
0.347941137,0.011919324,0.000003444,-0.024613011,0.026420341,0.047668624,0.021960652
0.346903104,0.012024217,0.000003455,-0.024747652,0.026482937,0.047851967,0.021412110
0.345864569,0.012129144,0.000003467,-0.024882336,0.026545547,0.048035362,0.020863358
0.344825534,0.012234106,0.000003479,-0.025017060,0.026608172,0.048218809,0.020314396
0.343786003,0.012339102,0.000003490,-0.025151826,0.026670810,0.048402306,0.019765227
0.342745978,0.012444132,0.000003502,-0.025286632,0.026733462,0.048585854,0.019215852
0.341705462,0.012549195,0.000003514,-0.025421478,0.026796128,0.048769451,0.018666272
0.340664456,0.012654293,0.000003526,-0.025556363,0.026858807,0.048953098,0.018116489
0.339622964,0.012759423,0.000003537,-0.025691288,0.026921499,0.049136793,0.017566503
0.338580989,0.012864586,0.000003549,-0.025826252,0.026984204,0.049320537,0.017016318
0.337538532,0.012969782,0.000003561,-0.025961255,0.027046922,0.049504328,0.016465933
0.336495596,0.013075009,0.000003572,-0.026096296,0.027109653,0.049688167,0.015915350
0.335452185,0.013180269,0.000003584,-0.026231374,0.027172396,0.049872052,0.015364572
0.334408299,0.013285561,0.000003596,-0.026366491,0.027235151,0.050055984,0.014813599
0.333363943,0.013390884,0.000003608,-0.026501644,0.027297919,0.050239961,0.014262432
0.332319118,0.013496238,0.000003619,-0.026636834,0.027360698,0.050423983,0.013711074
0.331273827,0.013601623,0.000003631,-0.026772061,0.027423490,0.050608050,0.013159525
0.330228073,0.013707039,0.000003643,-0.026907323,0.027486292,0.050792161,0.012607787
0.329181858,0.013812485,0.000003655,-0.027042621,0.027549107,0.050976316,0.012055862
0.328135184,0.013917960,0.000003666,-0.027177954,0.027611932,0.051160514,0.011503751
0.327088055,0.014023466,0.000003678,-0.027313323,0.027674768,0.051344755,0.010951455
0.326040473,0.014129001,0.000003690,-0.027448725,0.027737616,0.051529037,0.010398976
0.324992440,0.014234565,0.000003702,-0.027584162,0.027800473,0.051713361,0.009846315
0.323943959,0.014340158,0.000003714,-0.027719633,0.027863342,0.051897727,0.009293474
0.322895032,0.014445779,0.000003725,-0.027855137,0.027926220,0.052082133,0.008740455
0.321845663,0.014551429,0.000003737,-0.027990674,0.027989109,0.052266578,0.008187257
0.320795853,0.014657107,0.000003749,-0.028126244,0.028052008,0.052451064,0.007633884
0.319745605,0.014762812,0.000003761,-0.028261846,0.028114916,0.052635588,0.007080336
0.318694921,0.014868545,0.000003772,-0.028397480,0.028177834,0.052820151,0.006526616
0.317643805,0.014974305,0.000003784,-0.028533146,0.028240762,0.053004752,0.005972723
0.316592259,0.015080092,0.000003796,-0.028668843,0.028303699,0.053189390,0.005418660
0.315540285,0.015185906,0.000003808,-0.028804570,0.028366644,0.053374065,0.004864429
0.314487886,0.015291745,0.000003820,-0.028940328,0.028429599,0.053558777,0.004310030
0.313435064,0.015397611,0.000003831,-0.029076117,0.028492562,0.053743525,0.003755466
0.312381822,0.015503503,0.000003843,-0.029211934,0.028555534,0.053928308,0.003200737
0.311328163,0.015609419,0.000003855,-0.029347782,0.028618514,0.054113126,0.002645845
0.310274089,0.015715361,0.000003867,-0.029483658,0.028681502,0.054297978,0.002090791
0.309219603,0.015821328,0.000003879,-0.029619562,0.028744498,0.054482864,0.001535578
0.308164706,0.015927320,0.000003890,-0.029755495,0.028807502,0.054667784,0.000980205
0.307109403,0.016033336,0.000003902,-0.029891456,0.028870513,0.054852736,0.000424676
0.306053694,0.016139375,0.000003914,-0.030027444,0.028933532,0.055037721,-0.000131010
0.304997584,0.016245439,0.000003926,-0.030163459,0.028996558,0.055222737,-0.000686849
0.303941074,0.016351526,0.000003938,-0.030299502,0.029059591,0.055407785,-0.001242842
0.302884167,0.016457636,0.000003949,-0.030435570,0.029122631,0.055592864,-0.001798986
0.301826865,0.016563769,0.000003961,-0.030571664,0.029185677,0.055777973,-0.002355280
0.300769172,0.016669924,0.000003973,-0.030707784,0.029248730,0.055963112,-0.002911723
0.299711089,0.016776102,0.000003985,-0.030843930,0.029311790,0.056148279,-0.003468312
0.298652619,0.016882302,0.000003997,-0.030980100,0.029374855,0.056333476,-0.004025048
0.297593765,0.016988524,0.000004008,-0.031116294,0.029437927,0.056518701,-0.004581927
0.296534529,0.017094766,0.000004020,-0.031252513,0.029501004,0.056703954,-0.005138950
0.295474914,0.017201031,0.000004032,-0.031388756,0.029564087,0.056889233,-0.005696114
0.294414922,0.017307316,0.000004044,-0.031525022,0.029627175,0.057074540,-0.006253417
0.293354556,0.017413621,0.000004056,-0.031661310,0.029690268,0.057259873,-0.006810860
0.292293819,0.017519947,0.000004068,-0.031797622,0.029753367,0.057445231,-0.007368439
0.291232713,0.017626293,0.000004079,-0.031933956,0.029816470,0.057630614,-0.007926154
0.290171240,0.017732659,0.000004091,-0.032070312,0.029879578,0.057816022,-0.008484003
0.289109403,0.017839044,0.000004103,-0.032206689,0.029942691,0.058001455,-0.009041984
0.288047205,0.017945448,0.000004115,-0.032343087,0.030005807,0.058186910,-0.009600097
0.286984648,0.018051871,0.000004127,-0.032479507,0.030068928,0.058372389,-0.010158340
0.285921735,0.018158313,0.000004139,-0.032615946,0.030132053,0.058557891,-0.010716712
0.284858468,0.018264773,0.000004150,-0.032752406,0.030195182,0.058743414,-0.011275210
0.283794851,0.018371251,0.000004162,-0.032888885,0.030258314,0.058928959,-0.011833833
0.282730884,0.018477747,0.000004174,-0.033025384,0.030321450,0.059114525,-0.012392581
0.281666572,0.018584260,0.000004186,-0.033161902,0.030384589,0.059300112,-0.012951451
0.280601916,0.018690790,0.000004198,-0.033298438,0.030447731,0.059485719,-0.013510443
0.279536919,0.018797338,0.000004210,-0.033434992,0.030510876,0.059671345,-0.014069554
0.278471584,0.018903902,0.000004221,-0.033571565,0.030574023,0.059856990,-0.014628784
0.277405913,0.019010482,0.000004233,-0.033708154,0.030637173,0.060042653,-0.015188130
0.276339908,0.019117078,0.000004245,-0.033844761,0.030700326,0.060228335,-0.015747592
0.275273573,0.019223690,0.000004257,-0.033981384,0.030763480,0.060414034,-0.016307168
0.274206910,0.019330317,0.000004269,-0.034118024,0.030826637,0.060599750,-0.016866856
0.273139921,0.019436960,0.000004281,-0.034254680,0.030889795,0.060785482,-0.017426656
0.272072609,0.019543617,0.000004293,-0.034391351,0.030952955,0.060971230,-0.017986565
0.271004977,0.019650290,0.000004304,-0.034528038,0.031016116,0.061156994,-0.018546582
0.269937027,0.019756976,0.000004316,-0.034664739,0.031079279,0.061342772,-0.019106706
0.268868761,0.019863676,0.000004328,-0.034801455,0.031142442,0.061528565,-0.019666935
0.267800182,0.019970391,0.000004340,-0.034938185,0.031205607,0.061714372,-0.020227269
0.266731294,0.020077118,0.000004352,-0.035074929,0.031268772,0.061900192,-0.020787704
0.265662097,0.020183859,0.000004364,-0.035211686,0.031331937,0.062086024,-0.021348241
0.264592595,0.020290613,0.000004376,-0.035348456,0.031395103,0.062271869,-0.021908877
0.263522791,0.020397379,0.000004387,-0.035485239,0.031458270,0.062457726,-0.022469612
0.262452686,0.020504158,0.000004399,-0.035622034,0.031521436,0.062643595,-0.023030443
0.261382284,0.020610948,0.000004411,-0.035758841,0.031584602,0.062829473,-0.023591369
0.260311587,0.020717751,0.000004423,-0.035895659,0.031647767,0.063015363,-0.024152389
0.259240597,0.020824565,0.000004435,-0.036032489,0.031710932,0.063201261,-0.024713501
0.258169318,0.020931390,0.000004447,-0.036169329,0.031774096,0.063387170,-0.025274704
0.257097751,0.021038226,0.000004459,-0.036306180,0.031837260,0.063573086,-0.025835997
0.256025899,0.021145072,0.000004470,-0.036443041,0.031900422,0.063759011,-0.026397378
0.254953766,0.021251929,0.000004482,-0.036579911,0.031963583,0.063944944,-0.026958845
0.253881352,0.021358796,0.000004494,-0.036716791,0.032026742,0.064130884,-0.027520398
0.252808661,0.021465673,0.000004506,-0.036853680,0.032089900,0.064316831,-0.028082034
0.251735696,0.021572559,0.000004518,-0.036990577,0.032153055,0.064502783,-0.028643752
0.250662459,0.021679454,0.000004530,-0.037127482,0.032216209,0.064688742,-0.029205552
0.249588952,0.021786359,0.000004542,-0.037264395,0.032279361,0.064874705,-0.029767430
0.248515179,0.021893271,0.000004553,-0.037401316,0.032342510,0.065060673,-0.030329387
0.247441141,0.022000193,0.000004565,-0.037538243,0.032405657,0.065246645,-0.030891420
0.246366841,0.022107122,0.000004577,-0.037675178,0.032468801,0.065432621,-0.031453528
0.245292282,0.022214059,0.000004589,-0.037812118,0.032531942,0.065618599,-0.032015710
0.244217466,0.022321003,0.000004601,-0.037949065,0.032595080,0.065804581,-0.032577963
0.243142396,0.022427955,0.000004613,-0.038086017,0.032658214,0.065990564,-0.033140288
0.242067074,0.022534914,0.000004625,-0.038222974,0.032721345,0.066176549,-0.033702682
0.240991504,0.022641879,0.000004636,-0.038359936,0.032784473,0.066362535,-0.034265144
0.239915686,0.022748851,0.000004648,-0.038496903,0.032847597,0.066548521,-0.034827672
0.238839625,0.022855828,0.000004660,-0.038633874,0.032910716,0.066734507,-0.035390265
0.237763323,0.022962812,0.000004672,-0.038770848,0.032973832,0.066920493,-0.035952921
0.236686781,0.023069800,0.000004684,-0.038907826,0.033036943,0.067106478,-0.036515640
0.235610004,0.023176794,0.000004696,-0.039044807,0.033100049,0.067292461,-0.037078419
0.234532992,0.023283793,0.000004708,-0.039181790,0.033163151,0.067478442,-0.037641258
0.233455750,0.023390797,0.000004719,-0.039318776,0.033226248,0.067664421,-0.038204154
0.232378278,0.023497805,0.000004731,-0.039455763,0.033289339,0.067850396,-0.038767106
0.231300581,0.023604817,0.000004743,-0.039592752,0.033352426,0.068036368,-0.039330114
0.230222660,0.023711833,0.000004755,-0.039729742,0.033415507,0.068222335,-0.039893174
0.229144518,0.023818852,0.000004767,-0.039866733,0.033478582,0.068408298,-0.040456287
0.228066158,0.023925874,0.000004779,-0.040003724,0.033541652,0.068594256,-0.041019451
0.226987581,0.024032900,0.000004791,-0.040140716,0.033604715,0.068780208,-0.041582663
0.225908792,0.024139928,0.000004802,-0.040277707,0.033667773,0.068966154,-0.042145923
0.224829791,0.024246958,0.000004814,-0.040414697,0.033730824,0.069152094,-0.042709229
0.223750583,0.024353991,0.000004826,-0.040551686,0.033793868,0.069338026,-0.043272580
0.222671168,0.024461025,0.000004838,-0.040688673,0.033856906,0.069523950,-0.043835975
0.221591551,0.024568061,0.000004850,-0.040825659,0.033919936,0.069709866,-0.044399411
0.220511733,0.024675098,0.000004862,-0.040962642,0.033982960,0.069895774,-0.044962888
0.219431717,0.024782135,0.000004874,-0.041099623,0.034045976,0.070081672,-0.045526403
0.218351505,0.024889174,0.000004885,-0.041236601,0.034108985,0.070267560,-0.046089957
0.217271101,0.024996213,0.000004897,-0.041373576,0.034171986,0.070453438,-0.046653546
0.216190506,0.025103252,0.000004909,-0.041510547,0.034234980,0.070639305,-0.047217170
0.215109723,0.025210290,0.000004921,-0.041647514,0.034297965,0.070825161,-0.047780827
0.214028756,0.025317328,0.000004933,-0.041784476,0.034360943,0.071011005,-0.048344516
0.212947605,0.025424366,0.000004945,-0.041921434,0.034423912,0.071196837,-0.048908236
0.211866274,0.025531402,0.000004956,-0.042058386,0.034486872,0.071382656,-0.049471984
0.210784766,0.025638437,0.000004968,-0.042195333,0.034549824,0.071568461,-0.050035760
0.209703082,0.025745470,0.000004980,-0.042332274,0.034612766,0.071754253,-0.050599562
0.208621226,0.025852502,0.000004992,-0.042469208,0.034675700,0.071940030,-0.051163388
0.207539200,0.025959531,0.000005004,-0.042606136,0.034738624,0.072125792,-0.051727238
0.206457007,0.026066558,0.000005016,-0.042743057,0.034801539,0.072311539,-0.052291109
0.205374649,0.026173582,0.000005028,-0.042879970,0.034864444,0.072497270,-0.052855001
0.204292128,0.026280602,0.000005039,-0.043016876,0.034927340,0.072682985,-0.053418911
0.203209448,0.026387620,0.000005051,-0.043153773,0.034990225,0.072868682,-0.053982839
0.202126610,0.026494634,0.000005063,-0.043290662,0.035053101,0.073054362,-0.054546783
0.201043618,0.026601644,0.000005075,-0.043427542,0.035115966,0.073240024,-0.055110741
0.199960474,0.026708649,0.000005087,-0.043564413,0.035178820,0.073425668,-0.055674712
0.198877180,0.026815651,0.000005099,-0.043701274,0.035241664,0.073611292,-0.056238695
0.197793739,0.026922647,0.000005110,-0.043838126,0.035304497,0.073796897,-0.056802688
0.196710154,0.027029639,0.000005122,-0.043974966,0.035367318,0.073982482,-0.057366690
0.195626427,0.027136625,0.000005134,-0.044111796,0.035430129,0.074168046,-0.057930699
0.194542560,0.027243605,0.000005146,-0.044248615,0.035492928,0.074353590,-0.058494714
0.193458557,0.027350580,0.000005158,-0.044385423,0.035555715,0.074539111,-0.059058733
0.192374420,0.027457548,0.000005169,-0.044522218,0.035618491,0.074724611,-0.059622756
0.191290151,0.027564510,0.000005181,-0.044659001,0.035681254,0.074910088,-0.060186779
0.190205752,0.027671465,0.000005193,-0.044795772,0.035744006,0.075095542,-0.060750803
0.189121227,0.027778413,0.000005205,-0.044932530,0.035806745,0.075280972,-0.061314826
0.188036578,0.027885353,0.000005217,-0.045069274,0.035869471,0.075466378,-0.061878845
0.186951808,0.027992287,0.000005229,-0.045206005,0.035932185,0.075651759,-0.062442861
0.185866919,0.028099212,0.000005240,-0.045342721,0.035994886,0.075837115,-0.063006871
0.184781913,0.028206129,0.000005252,-0.045479423,0.036057574,0.076022446,-0.063570873
0.183696794,0.028313037,0.000005264,-0.045616110,0.036120248,0.076207750,-0.064134868
0.182611563,0.028419937,0.000005276,-0.045752782,0.036182910,0.076393027,-0.064698852
0.181526223,0.028526827,0.000005288,-0.045889439,0.036245557,0.076578278,-0.065262824
0.180440778,0.028633709,0.000005299,-0.046026079,0.036308191,0.076763500,-0.065826784
0.179355228,0.028740580,0.000005311,-0.046162703,0.036370811,0.076948694,-0.066390729
0.178269578,0.028847442,0.000005323,-0.046299311,0.036433416,0.077133860,-0.066954659
0.177183829,0.028954294,0.000005335,-0.046435901,0.036496007,0.077318996,-0.067518571
0.176097984,0.029061135,0.000005347,-0.046572474,0.036558584,0.077504103,-0.068082465
0.175012046,0.029167965,0.000005358,-0.046709029,0.036621146,0.077689179,-0.068646339
0.173926017,0.029274784,0.000005370,-0.046845566,0.036683693,0.077874224,-0.069210191
0.172839899,0.029381592,0.000005382,-0.046982085,0.036746225,0.078059238,-0.069774020
0.171753696,0.029488389,0.000005394,-0.047118584,0.036808742,0.078244220,-0.070337825
0.170667410,0.029595173,0.000005406,-0.047255064,0.036871244,0.078429169,-0.070901603
0.169581043,0.029701946,0.000005417,-0.047391525,0.036933729,0.078614086,-0.071465355
0.168494598,0.029808705,0.000005429,-0.047527965,0.036996199,0.078798969,-0.072029078
0.167408077,0.029915452,0.000005441,-0.047664385,0.037058654,0.078983819,-0.072592770
0.166321483,0.030022186,0.000005453,-0.047800785,0.037121091,0.079168634,-0.073156431
0.165234819,0.030128907,0.000005464,-0.047937163,0.037183513,0.079353414,-0.073720059
0.164148087,0.030235614,0.000005476,-0.048073519,0.037245918,0.079538159,-0.074283652
0.163061290,0.030342307,0.000005488,-0.048209854,0.037308306,0.079722867,-0.074847209
0.161974430,0.030448986,0.000005500,-0.048346167,0.037370678,0.079907539,-0.075410729
0.160887509,0.030555651,0.000005511,-0.048482456,0.037433032,0.080092174,-0.075974211
0.159800531,0.030662301,0.000005523,-0.048618723,0.037495369,0.080276772,-0.076537651
0.158713498,0.030768935,0.000005535,-0.048754967,0.037557689,0.080461332,-0.077101050
0.157626412,0.030875555,0.000005547,-0.048891187,0.037619991,0.080645853,-0.077664406
0.156539277,0.030982159,0.000005559,-0.049027382,0.037682275,0.080830335,-0.078227718
0.155452093,0.031088747,0.000005570,-0.049163553,0.037744542,0.081014777,-0.078790983
0.154364865,0.031195318,0.000005582,-0.049299700,0.037806790,0.081199180,-0.079354201
0.153277594,0.031301874,0.000005594,-0.049435821,0.037869020,0.081383542,-0.079917369
0.152190284,0.031408412,0.000005605,-0.049571916,0.037931231,0.081567862,-0.080480488
0.151102936,0.031514934,0.000005617,-0.049707986,0.037993424,0.081752141,-0.081043554
0.150015554,0.031621438,0.000005629,-0.049844029,0.038055598,0.081936378,-0.081606568
0.148928139,0.031727925,0.000005641,-0.049980045,0.038117753,0.082120573,-0.082169526
0.147840695,0.031834393,0.000005652,-0.050116034,0.038179888,0.082304724,-0.082732429
0.146753224,0.031940844,0.000005664,-0.050251996,0.038242004,0.082488831,-0.083295274
0.145665728,0.032047276,0.000005676,-0.050387930,0.038304101,0.082672894,-0.083858060
0.144578210,0.032153690,0.000005688,-0.050523836,0.038366177,0.082856913,-0.084420785
0.143490673,0.032260084,0.000005699,-0.050659713,0.038428234,0.083040886,-0.084983449
0.142403119,0.032366459,0.000005711,-0.050795562,0.038490271,0.083224814,-0.085546049
0.141315551,0.032472814,0.000005723,-0.050931381,0.038552287,0.083408695,-0.086108584
0.140227971,0.032579150,0.000005734,-0.051067170,0.038614283,0.083592530,-0.086671053
0.139140381,0.032685465,0.000005746,-0.051202929,0.038676258,0.083776317,-0.087233455
0.138052785,0.032791760,0.000005758,-0.051338658,0.038738212,0.083960057,-0.087795787
0.136965185,0.032898035,0.000005770,-0.051474356,0.038800146,0.084143748,-0.088358049
0.135877584,0.033004288,0.000005781,-0.051610023,0.038862058,0.084327391,-0.088920239
0.134789983,0.033110520,0.000005793,-0.051745658,0.038923948,0.084510984,-0.089482355
0.133702386,0.033216730,0.000005805,-0.051881262,0.038985817,0.084694527,-0.090044396
0.132614795,0.033322918,0.000005816,-0.052016833,0.039047664,0.084878020,-0.090606362
0.131527213,0.033429085,0.000005828,-0.052152372,0.039109490,0.085061463,-0.091168249
0.130439642,0.033535229,0.000005840,-0.052287877,0.039171293,0.085244853,-0.091730057
0.129352084,0.033641350,0.000005851,-0.052423349,0.039233074,0.085428192,-0.092291784
0.128264543,0.033747448,0.000005863,-0.052558787,0.039294832,0.085611479,-0.092853430
0.127177021,0.033853523,0.000005875,-0.052694192,0.039356568,0.085794712,-0.093414992
0.126089521,0.033959574,0.000005886,-0.052829561,0.039418280,0.085977892,-0.093976468
0.125002044,0.034065601,0.000005898,-0.052964896,0.039479970,0.086161018,-0.094537859
0.123914594,0.034171604,0.000005910,-0.053100196,0.039541637,0.086344090,-0.095099162
0.122827172,0.034277583,0.000005921,-0.053235460,0.039603280,0.086527107,-0.095660375
0.121739783,0.034383537,0.000005933,-0.053370687,0.039664899,0.086710068,-0.096221497
0.120652428,0.034489466,0.000005945,-0.053505879,0.039726495,0.086892973,-0.096782528
0.119565109,0.034595370,0.000005956,-0.053641034,0.039788067,0.087075822,-0.097343464
0.118477829,0.034701248,0.000005968,-0.053776152,0.039849615,0.087258614,-0.097904306
0.117390592,0.034807101,0.000005979,-0.053911232,0.039911138,0.087441348,-0.098465051
0.116303399,0.034912927,0.000005991,-0.054046274,0.039972637,0.087624024,-0.099025698
0.115216253,0.035018726,0.000006003,-0.054181278,0.040034111,0.087806642,-0.099586246
0.114129156,0.035124499,0.000006014,-0.054316244,0.040095561,0.087989200,-0.100146693
0.113042111,0.035230245,0.000006026,-0.054451171,0.040156985,0.088171699,-0.100707038
0.111955121,0.035335964,0.000006038,-0.054586058,0.040218384,0.088354138,-0.101267279
0.110868188,0.035441655,0.000006049,-0.054720905,0.040279758,0.088536516,-0.101827414
0.109781315,0.035547319,0.000006061,-0.054855713,0.040341106,0.088718833,-0.102387444
0.108694504,0.035652954,0.000006072,-0.054990480,0.040402429,0.088901089,-0.102947365
0.107607757,0.035758560,0.000006084,-0.055125206,0.040463725,0.089083282,-0.103507176
0.106521078,0.035864138,0.000006096,-0.055259891,0.040524996,0.089265412,-0.104066877
0.105434469,0.035969687,0.000006107,-0.055394535,0.040586240,0.089447480,-0.104626465
0.104347933,0.036075207,0.000006119,-0.055529136,0.040647457,0.089629484,-0.105185940
0.103261471,0.036180697,0.000006130,-0.055663696,0.040708648,0.089811423,-0.105745299
0.102175087,0.036286158,0.000006142,-0.055798212,0.040769812,0.089993298,-0.106304542
0.101088783,0.036391588,0.000006154,-0.055932686,0.040830950,0.090175107,-0.106863666
0.100002562,0.036496988,0.000006165,-0.056067116,0.040892059,0.090356851,-0.107422671
0.098916426,0.036602357,0.000006177,-0.056201502,0.040953142,0.090538528,-0.107981555
0.097830378,0.036707695,0.000006188,-0.056335844,0.041014197,0.090720139,-0.108540317
0.096744420,0.036813001,0.000006200,-0.056470142,0.041075224,0.090901683,-0.109098954
0.095658555,0.036918277,0.000006211,-0.056604395,0.041136223,0.091083158,-0.109657466
0.094572785,0.037023520,0.000006223,-0.056738602,0.041197194,0.091264565,-0.110215852
0.093487113,0.037128731,0.000006234,-0.056872764,0.041258137,0.091445904,-0.110774109
0.092401542,0.037233910,0.000006246,-0.057006880,0.041319051,0.091627173,-0.111332236
0.091316074,0.037339056,0.000006257,-0.057140949,0.041379937,0.091808372,-0.111890233
0.090230711,0.037444169,0.000006269,-0.057274972,0.041440794,0.091989501,-0.112448096
0.089145457,0.037549249,0.000006280,-0.057408947,0.041501622,0.092170559,-0.113005826
0.088060313,0.037654295,0.000006292,-0.057542875,0.041562421,0.092351545,-0.113563420
0.086975283,0.037759308,0.000006304,-0.057676756,0.041623190,0.092532460,-0.114120878
0.085890369,0.037864286,0.000006315,-0.057810588,0.041683930,0.092713302,-0.114678197
0.084805572,0.037969230,0.000006327,-0.057944371,0.041744639,0.092894071,-0.115235377
0.083720897,0.038074139,0.000006338,-0.058078105,0.041805320,0.093074767,-0.115792415
0.082636345,0.038179014,0.000006350,-0.058211790,0.041865969,0.093255389,-0.116349310
0.081551920,0.038283853,0.000006361,-0.058345425,0.041926589,0.093435936,-0.116906062
0.080467623,0.038388656,0.000006372,-0.058479011,0.041987178,0.093616409,-0.117462668
0.079383457,0.038493424,0.000006384,-0.058612545,0.042047737,0.093796806,-0.118019127
0.078299424,0.038598155,0.000006395,-0.058746029,0.042108265,0.093977126,-0.118575437
0.077215528,0.038702850,0.000006407,-0.058879462,0.042168761,0.094157371,-0.119131598
0.076131771,0.038807508,0.000006418,-0.059012843,0.042229227,0.094337538,-0.119687607
0.075048155,0.038912130,0.000006430,-0.059146172,0.042289661,0.094517627,-0.120243464
0.073964683,0.039016714,0.000006441,-0.059279449,0.042350063,0.094697639,-0.120799167
0.072881358,0.039121261,0.000006453,-0.059412673,0.042410434,0.094877572,-0.121354714
0.071798181,0.039225769,0.000006464,-0.059545844,0.042470773,0.095057426,-0.121910103
0.070715156,0.039330240,0.000006476,-0.059678961,0.042531080,0.095237200,-0.122465335
0.069632285,0.039434672,0.000006487,-0.059812025,0.042591355,0.095416894,-0.123020406
0.068549571,0.039539066,0.000006498,-0.059945035,0.042651597,0.095596508,-0.123575316
0.067467016,0.039643420,0.000006510,-0.060077990,0.042711806,0.095776040,-0.124130063
0.066384622,0.039747736,0.000006521,-0.060210890,0.042771983,0.095955491,-0.124684646
0.065302393,0.039852011,0.000006533,-0.060343735,0.042832126,0.096134859,-0.125239063
0.064220331,0.039956247,0.000006544,-0.060476524,0.042892237,0.096314145,-0.125793313
0.063138439,0.040060443,0.000006556,-0.060609257,0.042952314,0.096493347,-0.126347395
0.062056718,0.040164599,0.000006567,-0.060741934,0.043012357,0.096672466,-0.126901306
0.060975172,0.040268713,0.000006578,-0.060874554,0.043072367,0.096851501,-0.127455046
0.059893802,0.040372787,0.000006590,-0.061007117,0.043132343,0.097030450,-0.128008613
0.058812613,0.040476820,0.000006601,-0.061139622,0.043192285,0.097209315,-0.128562006
0.057731605,0.040580811,0.000006612,-0.061272069,0.043252192,0.097388094,-0.129115223
0.056650783,0.040684760,0.000006624,-0.061404459,0.043312066,0.097566786,-0.129668262
0.055570147,0.040788667,0.000006635,-0.061536789,0.043371904,0.097745392,-0.130221123
0.054489702,0.040892532,0.000006646,-0.061669061,0.043431708,0.097923910,-0.130773804
0.053409449,0.040996354,0.000006658,-0.061801273,0.043491476,0.098102341,-0.131326303
0.052329390,0.041100133,0.000006669,-0.061933425,0.043551210,0.098280683,-0.131878619
0.051249530,0.041203869,0.000006681,-0.062065517,0.043610908,0.098458936,-0.132430751
0.050169869,0.041307561,0.000006692,-0.062197549,0.043670570,0.098637100,-0.132982697
0.049090411,0.041411210,0.000006703,-0.062329520,0.043730197,0.098815174,-0.133534455
0.048011158,0.041514814,0.000006714,-0.062461430,0.043789788,0.098993157,-0.134086025
0.046932112,0.041618374,0.000006726,-0.062593278,0.043849343,0.099171050,-0.134637405
0.045853277,0.041721889,0.000006737,-0.062725064,0.043908862,0.099348851,-0.135188592
0.044774655,0.041825360,0.000006748,-0.062856788,0.043968344,0.099526561,-0.135739587
0.043696248,0.041928785,0.000006760,-0.062988449,0.044027789,0.099704177,-0.136290387
0.042618059,0.042032164,0.000006771,-0.063120047,0.044087198,0.099881701,-0.136840992
0.041540090,0.042135498,0.000006782,-0.063251581,0.044146570,0.100059132,-0.137391398
0.040462345,0.042238786,0.000006794,-0.063383052,0.044205904,0.100236468,-0.137941606
0.039384825,0.042342027,0.000006805,-0.063514458,0.044265201,0.100413710,-0.138491614
0.038307533,0.042445222,0.000006816,-0.063645800,0.044324461,0.100590857,-0.139041420
0.037230471,0.042548370,0.000006827,-0.063777077,0.044383683,0.100767908,-0.139591022
0.036153643,0.042651470,0.000006839,-0.063908289,0.044442867,0.100944863,-0.140140420
0.035077051,0.042754523,0.000006850,-0.064039435,0.044502013,0.101121722,-0.140689612
0.034000697,0.042857528,0.000006861,-0.064170515,0.044561121,0.101298484,-0.141238597
0.032924584,0.042960485,0.000006872,-0.064301528,0.044620190,0.101475148,-0.141787372
0.031848714,0.043063394,0.000006884,-0.064432475,0.044679221,0.101651713,-0.142335937
0.030773090,0.043166254,0.000006895,-0.064563354,0.044738213,0.101828181,-0.142884291
0.029697715,0.043269065,0.000006906,-0.064694166,0.044797165,0.102004549,-0.143432431
0.028622591,0.043371827,0.000006917,-0.064824910,0.044856079,0.102180817,-0.143980356
0.027547720,0.043474539,0.000006928,-0.064955586,0.044914954,0.102356986,-0.144528065
0.026473105,0.043577202,0.000006940,-0.065086193,0.044973788,0.102533053,-0.145075556
0.025398750,0.043679814,0.000006951,-0.065216731,0.045032583,0.102709020,-0.145622829
0.024324655,0.043782376,0.000006962,-0.065347200,0.045091339,0.102884885,-0.146169880
0.023250825,0.043884888,0.000006973,-0.065477599,0.045150054,0.103060647,-0.146716710
0.022177260,0.043987348,0.000006984,-0.065607928,0.045208729,0.103236307,-0.147263317
0.021103965,0.044089757,0.000006995,-0.065738186,0.045267363,0.103411863,-0.147809699
0.020030941,0.044192115,0.000007007,-0.065868374,0.045325957,0.103587316,-0.148355854
0.018958191,0.044294421,0.000007018,-0.065998490,0.045384510,0.103762665,-0.148901782
0.017885718,0.044396675,0.000007029,-0.066128534,0.045443022,0.103937909,-0.149447481
0.016813524,0.044498877,0.000007040,-0.066258507,0.045501493,0.104113047,-0.149992949
0.015741612,0.044601025,0.000007051,-0.066388407,0.045559923,0.104288080,-0.150538185
0.014669984,0.044703121,0.000007062,-0.066518234,0.045618311,0.104463006,-0.151083187
0.013598642,0.044805164,0.000007073,-0.066647989,0.045676658,0.104637825,-0.151627955
0.012527590,0.044907153,0.000007084,-0.066777670,0.045734962,0.104812538,-0.152172486
0.011456830,0.045009089,0.000007095,-0.066907277,0.045793225,0.104987142,-0.152716780
0.010386364,0.045110970,0.000007107,-0.067036809,0.045851445,0.105161638,-0.153260834
0.009316196,0.045212797,0.000007118,-0.067166268,0.045909623,0.105336025,-0.153804648
0.008246326,0.045314570,0.000007129,-0.067295651,0.045967758,0.105510302,-0.154348219
0.007176759,0.045416287,0.000007140,-0.067424959,0.046025850,0.105684470,-0.154891547
0.006107497,0.045517949,0.000007151,-0.067554191,0.046083900,0.105858527,-0.155434630
0.005038542,0.045619556,0.000007162,-0.067683347,0.046141906,0.106032474,-0.155977466
0.003969896,0.045721107,0.000007173,-0.067812427,0.046199869,0.106206308,-0.156520055
0.002901563,0.045822602,0.000007184,-0.067941429,0.046257788,0.106380031,-0.157062394
0.001833545,0.045924040,0.000007195,-0.068070355,0.046315664,0.106553642,-0.157604482
0.000765844,0.046025422,0.000007206,-0.068199203,0.046373496,0.106727139,-0.158146319
-0.000301537,0.046126747,0.000007217,-0.068327973,0.046431284,0.106900523,-0.158687901
-0.001368595,0.046228015,0.000007228,-0.068456665,0.046489027,0.107073793,-0.159229229
-0.002435329,0.046329225,0.000007239,-0.068585278,0.046546727,0.107246948,-0.159770300
-0.003501734,0.046430377,0.000007250,-0.068713813,0.046604381,0.107419988,-0.160311113
-0.004567810,0.046531472,0.000007261,-0.068842267,0.046661991,0.107592913,-0.160851666
-0.005633553,0.046632508,0.000007272,-0.068970642,0.046719556,0.107765721,-0.161391959
-0.006698960,0.046733485,0.000007283,-0.069098937,0.046777075,0.107938413,-0.161931990
-0.007764030,0.046834404,0.000007294,-0.069227151,0.046834550,0.108110988,-0.162471756
-0.008828759,0.046935263,0.000007305,-0.069355285,0.046891979,0.108283446,-0.163011258
-0.009893146,0.047036063,0.000007316,-0.069483337,0.046949362,0.108455785,-0.163550493
-0.010957187,0.047136803,0.000007327,-0.069611307,0.047006699,0.108628005,-0.164089459
-0.012020880,0.047237483,0.000007338,-0.069739195,0.047063990,0.108800107,-0.164628157
-0.013084222,0.047338103,0.000007349,-0.069867001,0.047121236,0.108972088,-0.165166583
-0.014147211,0.047438662,0.000007360,-0.069994725,0.047178434,0.109143950,-0.165704737
-0.015209845,0.047539160,0.000007370,-0.070122365,0.047235586,0.109315690,-0.166242617
-0.016272120,0.047639597,0.000007381,-0.070249921,0.047292691,0.109487310,-0.166780222
-0.017334035,0.047739972,0.000007392,-0.070377394,0.047349750,0.109658808,-0.167317550
-0.018395586,0.047840286,0.000007403,-0.070504783,0.047406761,0.109830183,-0.167854600
-0.019456771,0.047940537,0.000007414,-0.070632087,0.047463725,0.110001436,-0.168391370
-0.020517588,0.048040727,0.000007425,-0.070759306,0.047520641,0.110172566,-0.168927859
-0.021578034,0.048140853,0.000007436,-0.070886439,0.047577510,0.110343571,-0.169464066
-0.022638106,0.048240917,0.000007447,-0.071013487,0.047634331,0.110514453,-0.169999989
-0.023697802,0.048340918,0.000007457,-0.071140449,0.047691103,0.110685209,-0.170535627
-0.024757120,0.048440855,0.000007468,-0.071267324,0.047747828,0.110855841,-0.171070977
-0.025816056,0.048540728,0.000007479,-0.071394113,0.047804504,0.111026346,-0.171606040
-0.026874609,0.048640537,0.000007490,-0.071520814,0.047861132,0.111196725,-0.172140812
-0.027932775,0.048740282,0.000007501,-0.071647427,0.047917711,0.111366977,-0.172675294
-0.028990552,0.048839962,0.000007512,-0.071773953,0.047974240,0.111537102,-0.173209483
-0.030047938,0.048939578,0.000007522,-0.071900390,0.048030721,0.111707099,-0.173743378
-0.031104930,0.049039128,0.000007533,-0.072026739,0.048087153,0.111876968,-0.174276978
-0.032161526,0.049138613,0.000007544,-0.072152999,0.048143535,0.112046708,-0.174810280
-0.033217722,0.049238032,0.000007555,-0.072279169,0.048199867,0.112216318,-0.175343285
-0.034273517,0.049337385,0.000007565,-0.072405249,0.048256149,0.112385798,-0.175875989
-0.035328908,0.049436671,0.000007576,-0.072531239,0.048312382,0.112555148,-0.176408392
-0.036383892,0.049535891,0.000007587,-0.072657139,0.048368564,0.112724367,-0.176940493
-0.037438467,0.049635044,0.000007598,-0.072782948,0.048424696,0.112893454,-0.177472289
-0.038492629,0.049734130,0.000007608,-0.072908665,0.048480777,0.113062409,-0.178003780
-0.039546378,0.049833149,0.000007619,-0.073034291,0.048536807,0.113231232,-0.178534964
-0.040599710,0.049932100,0.000007630,-0.073159825,0.048592787,0.113399922,-0.179065840
-0.041652622,0.050030982,0.000007640,-0.073285266,0.048648715,0.113568478,-0.179596406
-0.042705112,0.050129797,0.000007651,-0.073410615,0.048704592,0.113736900,-0.180126660
-0.043757177,0.050228542,0.000007662,-0.073535870,0.048760418,0.113905188,-0.180656601
-0.044808816,0.050327219,0.000007673,-0.073661032,0.048816192,0.114073341,-0.181186229
-0.045860024,0.050425827,0.000007683,-0.073786100,0.048871914,0.114241358,-0.181715541
-0.046910801,0.050524365,0.000007694,-0.073911073,0.048927584,0.114409238,-0.182244535
-0.047961142,0.050622834,0.000007704,-0.074035953,0.048983202,0.114576983,-0.182773211
-0.049011047,0.050721232,0.000007715,-0.074160737,0.049038767,0.114744590,-0.183301567
-0.050060511,0.050819560,0.000007726,-0.074285425,0.049094280,0.114912059,-0.183829602
-0.051109533,0.050917818,0.000007736,-0.074410018,0.049149740,0.115079390,-0.184357314
-0.052158110,0.051016004,0.000007747,-0.074534515,0.049205147,0.115246583,-0.184884702
-0.053206240,0.051114120,0.000007758,-0.074658915,0.049260501,0.115413636,-0.185411763
-0.054253919,0.051212164,0.000007768,-0.074783219,0.049315802,0.115580550,-0.185938498
-0.055301146,0.051310136,0.000007779,-0.074907425,0.049371050,0.115747324,-0.186464904
-0.056347917,0.051408036,0.000007789,-0.075031534,0.049426243,0.115913956,-0.186990980
-0.057394231,0.051505864,0.000007800,-0.075155544,0.049481383,0.116080448,-0.187516725
-0.058440084,0.051603620,0.000007810,-0.075279457,0.049536469,0.116246798,-0.188042136
-0.059485475,0.051701302,0.000007821,-0.075403270,0.049591500,0.116413005,-0.188567213
-0.060530400,0.051798911,0.000007832,-0.075526985,0.049646478,0.116579070,-0.189091955
-0.061574857,0.051896447,0.000007842,-0.075650600,0.049701400,0.116744991,-0.189616359
-0.062618844,0.051993909,0.000007853,-0.075774115,0.049756268,0.116910769,-0.190140424
-0.063662358,0.052091297,0.000007863,-0.075897530,0.049811081,0.117076402,-0.190664149
-0.064705396,0.052188611,0.000007874,-0.076020845,0.049865839,0.117241890,-0.191187533
-0.065747956,0.052285850,0.000007884,-0.076144058,0.049920542,0.117407233,-0.191710573
-0.066790035,0.052383015,0.000007895,-0.076267170,0.049975189,0.117572431,-0.192233269
-0.067831631,0.052480104,0.000007905,-0.076390181,0.050029780,0.117737481,-0.192755620
-0.068872741,0.052577117,0.000007915,-0.076513089,0.050084316,0.117902385,-0.193277622
-0.069913363,0.052674055,0.000007926,-0.076635895,0.050138796,0.118067142,-0.193799276
-0.070953493,0.052770917,0.000007936,-0.076758599,0.050193219,0.118231750,-0.194320580
-0.071993131,0.052867703,0.000007947,-0.076881199,0.050247586,0.118396210,-0.194841532
-0.073032272,0.052964412,0.000007957,-0.077003695,0.050301897,0.118560522,-0.195362131
-0.074070915,0.053061044,0.000007968,-0.077126088,0.050356150,0.118724683,-0.195882376
-0.075109056,0.053157599,0.000007978,-0.077248376,0.050410347,0.118888695,-0.196402264
-0.076146694,0.053254077,0.000007988,-0.077370560,0.050464487,0.119052556,-0.196921795
-0.077183826,0.053350477,0.000007999,-0.077492639,0.050518569,0.119216267,-0.197440967
-0.078220448,0.053446799,0.000008009,-0.077614612,0.050572595,0.119379825,-0.197959779
-0.079256560,0.053543042,0.000008020,-0.077736479,0.050626562,0.119543232,-0.198478228
-0.080292158,0.053639207,0.000008030,-0.077858241,0.050680471,0.119706486,-0.198996315
-0.081327239,0.053735293,0.000008040,-0.077979895,0.050734323,0.119869587,-0.199514037
-0.082361801,0.053831300,0.000008051,-0.078101443,0.050788116,0.120032535,-0.200031393
-0.083395842,0.053927228,0.000008061,-0.078222884,0.050841851,0.120195329,-0.200548381
-0.084429358,0.054023076,0.000008071,-0.078344217,0.050895528,0.120357967,-0.201065001
-0.085462348,0.054118844,0.000008081,-0.078465442,0.050949145,0.120520451,-0.201581250
-0.086494809,0.054214531,0.000008092,-0.078586559,0.051002704,0.120682779,-0.202097127
-0.087526738,0.054310138,0.000008102,-0.078707567,0.051056204,0.120844951,-0.202612631
-0.088558133,0.054405664,0.000008112,-0.078828466,0.051109644,0.121006967,-0.203127760
-0.089588990,0.054501109,0.000008123,-0.078949255,0.051163025,0.121168825,-0.203642513
-0.090619309,0.054596473,0.000008133,-0.079069935,0.051216347,0.121330525,-0.204156888
-0.091649085,0.054691755,0.000008143,-0.079190504,0.051269608,0.121492068,-0.204670884
-0.092678317,0.054786954,0.000008153,-0.079310963,0.051322810,0.121653451,-0.205184499
-0.093707002,0.054882072,0.000008164,-0.079431311,0.051375951,0.121814676,-0.205697733
-0.094735137,0.054977107,0.000008174,-0.079551547,0.051429032,0.121975740,-0.206210583
-0.095762720,0.055072059,0.000008184,-0.079671672,0.051482053,0.122136645,-0.206723049
-0.096789749,0.055166928,0.000008194,-0.079791684,0.051535012,0.122297388,-0.207235128
-0.097816220,0.055261713,0.000008204,-0.079911585,0.051587911,0.122457971,-0.207746819
-0.098842131,0.055356415,0.000008214,-0.080031372,0.051640749,0.122618391,-0.208258121
-0.099867480,0.055451033,0.000008225,-0.080151046,0.051693525,0.122778650,-0.208769033
-0.100892264,0.055545567,0.000008235,-0.080270607,0.051746240,0.122938745,-0.209279553
-0.101916481,0.055640016,0.000008245,-0.080390053,0.051798894,0.123098677,-0.209789679
-0.102940127,0.055734380,0.000008255,-0.080509386,0.051851485,0.123258446,-0.210299410
-0.103963201,0.055828659,0.000008265,-0.080628603,0.051904015,0.123418050,-0.210808745
-0.104985700,0.055922852,0.000008275,-0.080747706,0.051956482,0.123577489,-0.211317681
-0.106007621,0.056016960,0.000008285,-0.080866693,0.052008887,0.123736762,-0.211826219
-0.107028962,0.056110982,0.000008295,-0.080985565,0.052061230,0.123895870,-0.212334356
-0.108049720,0.056204918,0.000008305,-0.081104320,0.052113510,0.124054812,-0.212842091
-0.109069893,0.056298767,0.000008316,-0.081222959,0.052165727,0.124213586,-0.213349422
-0.110089478,0.056392529,0.000008326,-0.081341481,0.052217881,0.124372193,-0.213856348
-0.111108472,0.056486204,0.000008336,-0.081459885,0.052269971,0.124530632,-0.214362868
-0.112126873,0.056579792,0.000008346,-0.081578172,0.052321998,0.124688903,-0.214868980
-0.113144679,0.056673292,0.000008356,-0.081696341,0.052373962,0.124847004,-0.215374682
-0.114161887,0.056766704,0.000008366,-0.081814392,0.052425862,0.125004937,-0.215879974
-0.115178494,0.056860028,0.000008376,-0.081932324,0.052477697,0.125162699,-0.216384853
-0.116194498,0.056953263,0.000008386,-0.082050136,0.052529469,0.125320290,-0.216889319
-0.117209897,0.057046409,0.000008396,-0.082167829,0.052581176,0.125477711,-0.217393370
-0.118224686,0.057139466,0.000008406,-0.082285403,0.052632819,0.125634960,-0.217897004
-0.119238866,0.057232434,0.000008415,-0.082402856,0.052684397,0.125792037,-0.218400220
-0.120252431,0.057325312,0.000008425,-0.082520188,0.052735910,0.125948942,-0.218903017
-0.121265381,0.057418100,0.000008435,-0.082637400,0.052787358,0.126105673,-0.219405392
-0.122277712,0.057510798,0.000008445,-0.082754490,0.052838741,0.126262231,-0.219907346
-0.123289422,0.057603405,0.000008455,-0.082871458,0.052890058,0.126418614,-0.220408875
-0.124300509,0.057695922,0.000008465,-0.082988304,0.052941310,0.126574823,-0.220909980
-0.125310969,0.057788347,0.000008475,-0.083105028,0.052992496,0.126730857,-0.221410658
-0.126320801,0.057880681,0.000008485,-0.083221629,0.053043616,0.126886715,-0.221910907
-0.127330001,0.057972924,0.000008495,-0.083338107,0.053094669,0.127042398,-0.222410728
-0.128338568,0.058065074,0.000008505,-0.083454461,0.053145657,0.127197903,-0.222910117
-0.129346498,0.058157132,0.000008514,-0.083570691,0.053196578,0.127353231,-0.223409073
-0.130353789,0.058249097,0.000008524,-0.083686797,0.053247432,0.127508382,-0.223907596
-0.131360439,0.058340970,0.000008534,-0.083802778,0.053298219,0.127663354,-0.224405684
-0.132366445,0.058432750,0.000008544,-0.083918634,0.053348940,0.127818147,-0.224903335
-0.133371804,0.058524436,0.000008554,-0.084034365,0.053399593,0.127972762,-0.225400548
-0.134376514,0.058616028,0.000008563,-0.084149970,0.053450178,0.128127196,-0.225897321
-0.135380572,0.058707527,0.000008573,-0.084265449,0.053500696,0.128281450,-0.226393653
-0.136383977,0.058798931,0.000008583,-0.084380801,0.053551147,0.128435524,-0.226889542
-0.137386724,0.058890241,0.000008593,-0.084496026,0.053601529,0.128589416,-0.227384988
-0.138388812,0.058981456,0.000008602,-0.084611124,0.053651843,0.128743126,-0.227879988
-0.139390238,0.059072575,0.000008612,-0.084726094,0.053702089,0.128896654,-0.228374541
-0.140391000,0.059163600,0.000008622,-0.084840936,0.053752266,0.129050000,-0.228868646
-0.141391095,0.059254529,0.000008631,-0.084955650,0.053802375,0.129203162,-0.229362301
-0.142390520,0.059345361,0.000008641,-0.085070235,0.053852414,0.129356139,-0.229855505
-0.143389273,0.059436098,0.000008651,-0.085184691,0.053902385,0.129508933,-0.230348257
-0.144387351,0.059526738,0.000008660,-0.085299017,0.053952286,0.129661542,-0.230840554
-0.145384753,0.059617281,0.000008670,-0.085413214,0.054002118,0.129813965,-0.231332396
-0.146381474,0.059707727,0.000008680,-0.085527280,0.054051881,0.129966202,-0.231823781
-0.147377513,0.059798076,0.000008689,-0.085641216,0.054101573,0.130118253,-0.232314708
-0.148372868,0.059888327,0.000008699,-0.085755020,0.054151196,0.130270117,-0.232805175
-0.149367535,0.059978480,0.000008709,-0.085868693,0.054200748,0.130421794,-0.233295181
-0.150361512,0.060068535,0.000008718,-0.085982235,0.054250231,0.130573282,-0.233784724
-0.151354796,0.060158491,0.000008728,-0.086095644,0.054299642,0.130724582,-0.234273802
-0.152347386,0.060248348,0.000008737,-0.086208921,0.054348983,0.130875693,-0.234762416
-0.153339277,0.060338107,0.000008747,-0.086322065,0.054398253,0.131026615,-0.235250562
-0.154330469,0.060427766,0.000008756,-0.086435076,0.054447452,0.131177346,-0.235738240
-0.155320958,0.060517325,0.000008766,-0.086547953,0.054496580,0.131327887,-0.236225447
-0.156310742,0.060606784,0.000008775,-0.086660696,0.054545637,0.131478237,-0.236712184
-0.157299818,0.060696143,0.000008785,-0.086773305,0.054594621,0.131628395,-0.237198448
-0.158288183,0.060785402,0.000008794,-0.086885779,0.054643535,0.131778362,-0.237684237
-0.159275836,0.060874560,0.000008804,-0.086998118,0.054692376,0.131928135,-0.238169551
-0.160262773,0.060963617,0.000008813,-0.087110321,0.054741145,0.132077716,-0.238654388
-0.161248992,0.061052572,0.000008823,-0.087222389,0.054789841,0.132227103,-0.239138746
-0.162234490,0.061141426,0.000008832,-0.087334321,0.054838465,0.132376295,-0.239622624
-0.163219266,0.061230177,0.000008842,-0.087446116,0.054887017,0.132525293,-0.240106021
-0.164203316,0.061318827,0.000008851,-0.087557774,0.054935495,0.132674096,-0.240588934
-0.165186637,0.061407374,0.000008860,-0.087669294,0.054983901,0.132822703,-0.241071364
-0.166169228,0.061495818,0.000008870,-0.087780677,0.055032233,0.132971115,-0.241553308
-0.167151085,0.061584159,0.000008879,-0.087891922,0.055080492,0.133119329,-0.242034764
-0.168132207,0.061672397,0.000008889,-0.088003029,0.055128678,0.133267346,-0.242515732
-0.169112590,0.061760531,0.000008898,-0.088113996,0.055176789,0.133415165,-0.242996210
-0.170092232,0.061848561,0.000008907,-0.088224825,0.055224827,0.133562786,-0.243476196
-0.171071130,0.061936487,0.000008917,-0.088335514,0.055272790,0.133710209,-0.243955690
-0.172049283,0.062024308,0.000008926,-0.088446063,0.055320679,0.133857432,-0.244434689
-0.173026686,0.062112025,0.000008935,-0.088556472,0.055368494,0.134004455,-0.244913192
-0.174003339,0.062199636,0.000008944,-0.088666740,0.055416234,0.134151278,-0.245391198
-0.174979238,0.062287142,0.000008954,-0.088776867,0.055463899,0.134297900,-0.245868705
-0.175954380,0.062374543,0.000008963,-0.088886853,0.055511489,0.134444321,-0.246345711
-0.176928764,0.062461837,0.000008972,-0.088996697,0.055559004,0.134590540,-0.246822217
-0.177902386,0.062549026,0.000008981,-0.089106399,0.055606444,0.134736557,-0.247298219
-0.178875245,0.062636108,0.000008991,-0.089215958,0.055653808,0.134882371,-0.247773717
-0.179847336,0.062723083,0.000009000,-0.089325374,0.055701096,0.135027981,-0.248248708
-0.180818659,0.062809951,0.000009009,-0.089434647,0.055748308,0.135173388,-0.248723193
-0.181789210,0.062896711,0.000009018,-0.089543777,0.055795444,0.135318590,-0.249197168
-0.182758987,0.062983364,0.000009027,-0.089652763,0.055842504,0.135463587,-0.249670633
-0.183727988,0.063069909,0.000009036,-0.089761604,0.055889487,0.135608379,-0.250143587
-0.184696209,0.063156346,0.000009046,-0.089870300,0.055936394,0.135752964,-0.250616027
-0.185663648,0.063242674,0.000009055,-0.089978852,0.055983224,0.135897344,-0.251087953
-0.186630303,0.063328894,0.000009064,-0.090087257,0.056029977,0.136041516,-0.251559363
-0.187596171,0.063415004,0.000009073,-0.090195517,0.056076652,0.136185481,-0.252030255
-0.188561249,0.063501005,0.000009082,-0.090303631,0.056123250,0.136329238,-0.252500629
-0.189525536,0.063586897,0.000009091,-0.090411598,0.056169771,0.136472786,-0.252970482
-0.190489028,0.063672678,0.000009100,-0.090519419,0.056216214,0.136616125,-0.253439813
-0.191451722,0.063758349,0.000009109,-0.090627091,0.056262579,0.136759255,-0.253908621
-0.192413617,0.063843910,0.000009118,-0.090734617,0.056308866,0.136902175,-0.254376904
-0.193374710,0.063929360,0.000009127,-0.090841994,0.056355074,0.137044884,-0.254844661
-0.194334998,0.064014699,0.000009136,-0.090949222,0.056401204,0.137187382,-0.255311891
-0.195294479,0.064099927,0.000009145,-0.091056302,0.056447255,0.137329668,-0.255778591
-0.196253150,0.064185043,0.000009154,-0.091163233,0.056493228,0.137471743,-0.256244762
-0.197211008,0.064270047,0.000009163,-0.091270014,0.056539122,0.137613604,-0.256710400
-0.198168052,0.064354939,0.000009172,-0.091376645,0.056584936,0.137755253,-0.257175505
-0.199124278,0.064439718,0.000009181,-0.091483126,0.056630671,0.137896688,-0.257640075
-0.200079683,0.064524385,0.000009190,-0.091589456,0.056676326,0.138037909,-0.258104109
-0.201034266,0.064608938,0.000009199,-0.091695635,0.056721902,0.138178915,-0.258567605
-0.201988024,0.064693379,0.000009208,-0.091801663,0.056767397,0.138319705,-0.259030562
-0.202940955,0.064777705,0.000009217,-0.091907539,0.056812813,0.138460281,-0.259492979
-0.203893055,0.064861918,0.000009225,-0.092013263,0.056858148,0.138600640,-0.259954853
-0.204844322,0.064946016,0.000009234,-0.092118834,0.056903403,0.138740782,-0.260416184
-0.205794753,0.065030000,0.000009243,-0.092224252,0.056948577,0.138880707,-0.260876971
-0.206744347,0.065113869,0.000009252,-0.092329517,0.056993671,0.139020414,-0.261337211
-0.207693100,0.065197623,0.000009261,-0.092434629,0.057038683,0.139159903,-0.261796903
-0.208641010,0.065281262,0.000009270,-0.092539586,0.057083614,0.139299173,-0.262256046
-0.209588075,0.065364785,0.000009278,-0.092644389,0.057128464,0.139438224,-0.262714639
-0.210534291,0.065448193,0.000009287,-0.092749037,0.057173232,0.139577055,-0.263172679
-0.211479657,0.065531484,0.000009296,-0.092853530,0.057217918,0.139715665,-0.263630166
-0.212424169,0.065614658,0.000009305,-0.092957868,0.057262523,0.139854055,-0.264087098
-0.213367826,0.065697716,0.000009313,-0.093062050,0.057307045,0.139992224,-0.264543473
-0.214310624,0.065780657,0.000009322,-0.093166075,0.057351486,0.140130170,-0.264999291
-0.215252562,0.065863480,0.000009331,-0.093269944,0.057395843,0.140267894,-0.265454549
-0.216193635,0.065946186,0.000009339,-0.093373656,0.057440118,0.140405396,-0.265909247
-0.217133843,0.066028774,0.000009348,-0.093477210,0.057484311,0.140542674,-0.266363382
-0.218073182,0.066111244,0.000009357,-0.093580607,0.057528420,0.140679728,-0.266816954
-0.219011651,0.066193595,0.000009365,-0.093683846,0.057572446,0.140816557,-0.267269961
-0.219949245,0.066275828,0.000009374,-0.093786926,0.057616388,0.140953162,-0.267722401
-0.220885963,0.066357941,0.000009382,-0.093889847,0.057660247,0.141089541,-0.268174273
-0.221821803,0.066439935,0.000009391,-0.093992610,0.057704023,0.141225694,-0.268625576
-0.222756761,0.066521810,0.000009400,-0.094095212,0.057747714,0.141361620,-0.269076308
-0.223690835,0.066603564,0.000009408,-0.094197655,0.057791322,0.141497320,-0.269526468
-0.224624023,0.066685199,0.000009417,-0.094299937,0.057834845,0.141632792,-0.269976054
-0.225556322,0.066766713,0.000009425,-0.094402059,0.057878283,0.141768036,-0.270425065
-0.226487729,0.066848106,0.000009434,-0.094504019,0.057921637,0.141903052,-0.270873500
-0.227418242,0.066929378,0.000009442,-0.094605818,0.057964907,0.142037838,-0.271321356
-0.228347859,0.067010529,0.000009451,-0.094707456,0.058008091,0.142172395,-0.271768633
-0.229276576,0.067091558,0.000009459,-0.094808931,0.058051190,0.142306722,-0.272215329
-0.230204392,0.067172465,0.000009468,-0.094910243,0.058094203,0.142440818,-0.272661443
-0.231131303,0.067253250,0.000009476,-0.095011393,0.058137131,0.142574683,-0.273106973
-0.232057308,0.067333913,0.000009485,-0.095112379,0.058179974,0.142708317,-0.273551918
-0.232982403,0.067414453,0.000009493,-0.095213202,0.058222730,0.142841718,-0.273996276
-0.233906586,0.067494870,0.000009501,-0.095313861,0.058265401,0.142974887,-0.274440045
-0.234829854,0.067575164,0.000009510,-0.095414355,0.058307985,0.143107822,-0.274883226
-0.235752206,0.067655334,0.000009518,-0.095514684,0.058350482,0.143240524,-0.275325815
-0.236673638,0.067735380,0.000009526,-0.095614849,0.058392893,0.143372992,-0.275767812
-0.237594148,0.067815302,0.000009535,-0.095714847,0.058435218,0.143505225,-0.276209215
-0.238513733,0.067895099,0.000009543,-0.095814680,0.058477455,0.143637222,-0.276650023
-0.239432391,0.067974772,0.000009551,-0.095914347,0.058519605,0.143768984,-0.277090233
-0.240350119,0.068054319,0.000009560,-0.096013847,0.058561668,0.143900510,-0.277529846
-0.241266914,0.068133742,0.000009568,-0.096113180,0.058603643,0.144031799,-0.277968859
-0.242182775,0.068213039,0.000009576,-0.096212345,0.058645530,0.144162851,-0.278407271
-0.243097698,0.068292210,0.000009584,-0.096311343,0.058687330,0.144293664,-0.278845080
-0.244011682,0.068371254,0.000009593,-0.096410173,0.058729041,0.144424240,-0.279282286
-0.244924722,0.068450173,0.000009601,-0.096508834,0.058770664,0.144554577,-0.279718886
-0.245836818,0.068528964,0.000009609,-0.096607327,0.058812199,0.144684674,-0.280154879
-0.246747966,0.068607629,0.000009617,-0.096705650,0.058853645,0.144814532,-0.280590264
-0.247658164,0.068686166,0.000009625,-0.096803803,0.058895003,0.144944149,-0.281025039
-0.248567408,0.068764575,0.000009634,-0.096901787,0.058936271,0.145073525,-0.281459203
-0.249475698,0.068842857,0.000009642,-0.096999600,0.058977450,0.145202660,-0.281892754
-0.250383030,0.068921011,0.000009650,-0.097097243,0.059018540,0.145331553,-0.282325691
-0.251289401,0.068999036,0.000009658,-0.097194714,0.059059540,0.145460204,-0.282758013
-0.252194809,0.069076932,0.000009666,-0.097292014,0.059100451,0.145588612,-0.283189718
-0.253099252,0.069154700,0.000009674,-0.097389142,0.059141271,0.145716776,-0.283620804
-0.254002727,0.069232338,0.000009682,-0.097486098,0.059182002,0.145844696,-0.284051271
-0.254905231,0.069309846,0.000009690,-0.097582881,0.059222642,0.145972372,-0.284481116
-0.255806761,0.069387225,0.000009698,-0.097679492,0.059263192,0.146099803,-0.284910338
-0.256707316,0.069464473,0.000009706,-0.097775929,0.059303652,0.146226988,-0.285338937
-0.257606893,0.069541591,0.000009714,-0.097872192,0.059344020,0.146353928,-0.285766910
-0.258505489,0.069618579,0.000009722,-0.097968282,0.059384298,0.146480621,-0.286194255
-0.259403102,0.069695435,0.000009730,-0.098064197,0.059424484,0.146607067,-0.286620973
-0.260299728,0.069772160,0.000009738,-0.098159937,0.059464579,0.146733265,-0.287047060
-0.261195366,0.069848753,0.000009746,-0.098255502,0.059504583,0.146859215,-0.287472516
-0.262090013,0.069925215,0.000009754,-0.098350891,0.059544495,0.146984917,-0.287897339
-0.262983667,0.070001544,0.000009762,-0.098446105,0.059584314,0.147110369,-0.288321528
-0.263876324,0.070077741,0.000009770,-0.098541142,0.059624042,0.147235572,-0.288745081
-0.264767983,0.070153805,0.000009777,-0.098636002,0.059663678,0.147360525,-0.289167997
-0.265658640,0.070229736,0.000009785,-0.098730686,0.059703221,0.147485227,-0.289590274
-0.266548293,0.070305534,0.000009793,-0.098825192,0.059742672,0.147609678,-0.290011912
-0.267436941,0.070381199,0.000009801,-0.098919520,0.059782030,0.147733878,-0.290432908
-0.268324579,0.070456729,0.000009809,-0.099013670,0.059821294,0.147857825,-0.290853261
-0.269211206,0.070532125,0.000009817,-0.099107642,0.059860466,0.147981520,-0.291272970
-0.270096818,0.070607387,0.000009824,-0.099201435,0.059899544,0.148104961,-0.291692033
-0.270981414,0.070682515,0.000009832,-0.099295049,0.059938529,0.148228149,-0.292110448
-0.271864992,0.070757507,0.000009840,-0.099388482,0.059977420,0.148351082,-0.292528216
-0.272747547,0.070832364,0.000009847,-0.099481736,0.060016218,0.148473761,-0.292945332
-0.273629078,0.070907085,0.000009855,-0.099574810,0.060054921,0.148596184,-0.293361798
-0.274509582,0.070981670,0.000009863,-0.099667703,0.060093530,0.148718352,-0.293777610
-0.275389057,0.071056120,0.000009870,-0.099760415,0.060132044,0.148840263,-0.294192768
-0.276267501,0.071130433,0.000009878,-0.099852945,0.060170464,0.148961918,-0.294607270
-0.277144909,0.071204609,0.000009886,-0.099945293,0.060208789,0.149083315,-0.295021115
-0.278021281,0.071278648,0.000009893,-0.100037459,0.060247019,0.149204455,-0.295434301
-0.278896613,0.071352550,0.000009901,-0.100129443,0.060285154,0.149325336,-0.295846827
-0.279770903,0.071426314,0.000009909,-0.100221243,0.060323194,0.149445958,-0.296258691
-0.280644149,0.071499941,0.000009916,-0.100312861,0.060361138,0.149566321,-0.296669892
-0.281516347,0.071573429,0.000009924,-0.100404294,0.060398987,0.149686424,-0.297080429
-0.282387496,0.071646779,0.000009931,-0.100495544,0.060436739,0.149806267,-0.297490299
-0.283257592,0.071719990,0.000009939,-0.100586609,0.060474396,0.149925848,-0.297899503
-0.284126634,0.071793062,0.000009946,-0.100677489,0.060511956,0.150045169,-0.298308037
-0.284994618,0.071865995,0.000009954,-0.100768184,0.060549420,0.150164227,-0.298715901
-0.285861542,0.071938789,0.000009961,-0.100858694,0.060586788,0.150283023,-0.299123093
-0.286727403,0.072011442,0.000009969,-0.100949017,0.060624058,0.150401556,-0.299529612
-0.287592200,0.072083956,0.000009976,-0.101039154,0.060661232,0.150519826,-0.299935457
-0.288455929,0.072156329,0.000009983,-0.101129105,0.060698308,0.150637832,-0.300340625
-0.289318587,0.072228561,0.000009991,-0.101218868,0.060735287,0.150755573,-0.300745116
-0.290180173,0.072300652,0.000009998,-0.101308444,0.060772169,0.150873049,-0.301148928
-0.291040684,0.072372602,0.000010005,-0.101397833,0.060808953,0.150990259,-0.301552060
-0.291900117,0.072444411,0.000010013,-0.101487033,0.060845639,0.151107204,-0.301954510
-0.292758470,0.072516078,0.000010020,-0.101576044,0.060882227,0.151223882,-0.302356276
-0.293615740,0.072587602,0.000010027,-0.101664867,0.060918717,0.151340293,-0.302757358
-0.294471924,0.072658984,0.000010035,-0.101753500,0.060955109,0.151456436,-0.303157754
-0.295327020,0.072730224,0.000010042,-0.101841944,0.060991401,0.151572311,-0.303557462
-0.296181026,0.072801320,0.000010049,-0.101930198,0.061027595,0.151687918,-0.303956481
-0.297033938,0.072872273,0.000010057,-0.102018261,0.061063691,0.151803256,-0.304354809
-0.297885755,0.072943083,0.000010064,-0.102106134,0.061099687,0.151918324,-0.304752446
-0.298736474,0.073013749,0.000010071,-0.102193815,0.061135583,0.152033121,-0.305149389
-0.299586092,0.073084270,0.000010078,-0.102281305,0.061171380,0.152147648,-0.305545638
-0.300434606,0.073154647,0.000010085,-0.102368603,0.061207078,0.152261904,-0.305941190
-0.301282015,0.073224880,0.000010092,-0.102455709,0.061242676,0.152375889,-0.306336044
-0.302128315,0.073294968,0.000010100,-0.102542622,0.061278173,0.152489601,-0.306730200
-0.302973505,0.073364910,0.000010107,-0.102629343,0.061313571,0.152603040,-0.307123655
-0.303817580,0.073434707,0.000010114,-0.102715870,0.061348868,0.152716206,-0.307516408
-0.304660540,0.073504358,0.000010121,-0.102802203,0.061384064,0.152829099,-0.307908457
-0.305502381,0.073573862,0.000010128,-0.102888342,0.061419160,0.152941717,-0.308299801
-0.306343101,0.073643221,0.000010135,-0.102974286,0.061454154,0.153054060,-0.308690440
-0.307182697,0.073712433,0.000010142,-0.103060036,0.061489048,0.153166128,-0.309080370
-0.308021167,0.073781497,0.000010149,-0.103145591,0.061523840,0.153277920,-0.309469591
-0.308858508,0.073850415,0.000010156,-0.103230950,0.061558531,0.153389436,-0.309858102
-0.309694717,0.073919185,0.000010163,-0.103316113,0.061593120,0.153500676,-0.310245900
-0.310529793,0.073987807,0.000010170,-0.103401079,0.061627607,0.153611637,-0.310632985
-0.311363732,0.074056281,0.000010177,-0.103485849,0.061661993,0.153722321,-0.311019355
-0.312196532,0.074124607,0.000010184,-0.103570422,0.061696276,0.153832727,-0.311405008
-0.313028191,0.074192784,0.000010191,-0.103654798,0.061730456,0.153942854,-0.311789944
-0.313858705,0.074260812,0.000010197,-0.103738975,0.061764534,0.154052701,-0.312174160
-0.314688072,0.074328691,0.000010204,-0.103822955,0.061798510,0.154162269,-0.312557656
-0.315516291,0.074396420,0.000010211,-0.103906736,0.061832382,0.154271556,-0.312940429
-0.316343357,0.074463999,0.000010218,-0.103990318,0.061866151,0.154380562,-0.313322479
-0.317169270,0.074531429,0.000010225,-0.104073700,0.061899817,0.154489287,-0.313703803
-0.317994025,0.074598707,0.000010232,-0.104156883,0.061933380,0.154597729,-0.314084401
-0.318817621,0.074665836,0.000010238,-0.104239866,0.061966839,0.154705890,-0.314464271
-0.319640054,0.074732813,0.000010245,-0.104322649,0.062000194,0.154813767,-0.314843412
-0.320461324,0.074799639,0.000010252,-0.104405231,0.062033445,0.154921361,-0.315221822
-0.321281426,0.074866313,0.000010259,-0.104487611,0.062066591,0.155028670,-0.315599500
-0.322100358,0.074932836,0.000010265,-0.104569790,0.062099634,0.155135696,-0.315976443
-0.322918118,0.074999207,0.000010272,-0.104651768,0.062132572,0.155242436,-0.316352652
-0.323734704,0.075065425,0.000010279,-0.104733543,0.062165405,0.155348891,-0.316728124
-0.324550112,0.075131490,0.000010285,-0.104815115,0.062198133,0.155455059,-0.317102858
-0.325364340,0.075197403,0.000010292,-0.104896484,0.062230756,0.155560941,-0.317476853
-0.326177386,0.075263162,0.000010298,-0.104977650,0.062263273,0.155666536,-0.317850106
-0.326989247,0.075328768,0.000010305,-0.105058612,0.062295686,0.155771843,-0.318222618
-0.327799920,0.075394220,0.000010312,-0.105139371,0.062327992,0.155876863,-0.318594385
-0.328609403,0.075459518,0.000010318,-0.105219924,0.062360193,0.155981593,-0.318965407
-0.329417694,0.075524662,0.000010325,-0.105300273,0.062392288,0.156086035,-0.319335683
-0.330224789,0.075589651,0.000010331,-0.105380416,0.062424276,0.156190186,-0.319705210
-0.331030687,0.075654484,0.000010338,-0.105460354,0.062456159,0.156294048,-0.320073988
-0.331835384,0.075719163,0.000010344,-0.105540086,0.062487934,0.156397619,-0.320442014
-0.332638879,0.075783686,0.000010351,-0.105619612,0.062519603,0.156500899,-0.320809289
-0.333441168,0.075848054,0.000010357,-0.105698930,0.062551165,0.156603887,-0.321175809
-0.334242249,0.075912265,0.000010363,-0.105778042,0.062582620,0.156706583,-0.321541574
-0.335042120,0.075976320,0.000010370,-0.105856947,0.062613967,0.156808986,-0.321906582
-0.335840778,0.076040218,0.000010376,-0.105935643,0.062645208,0.156911095,-0.322270832
-0.336638220,0.076103959,0.000010383,-0.106014131,0.062676340,0.157012911,-0.322634322
-0.337434444,0.076167543,0.000010389,-0.106092411,0.062707365,0.157114433,-0.322997052
-0.338229447,0.076230970,0.000010395,-0.106170482,0.062738281,0.157215660,-0.323359018
-0.339023227,0.076294239,0.000010402,-0.106248343,0.062769090,0.157316592,-0.323720221
-0.339815781,0.076357349,0.000010408,-0.106325995,0.062799790,0.157417228,-0.324080658
-0.340607107,0.076420302,0.000010414,-0.106403436,0.062830381,0.157517567,-0.324440328
-0.341397201,0.076483095,0.000010420,-0.106480668,0.062860864,0.157617610,-0.324799230
-0.342186063,0.076545730,0.000010427,-0.106557688,0.062891238,0.157717355,-0.325157362
-0.342973688,0.076608206,0.000010433,-0.106634497,0.062921503,0.157816802,-0.325514723
-0.343760075,0.076670522,0.000010439,-0.106711095,0.062951658,0.157915952,-0.325871312
-0.344545221,0.076732678,0.000010445,-0.106787481,0.062981704,0.158014802,-0.326227126
-0.345329123,0.076794674,0.000010451,-0.106863654,0.063011640,0.158113352,-0.326582164
-0.346111779,0.076856510,0.000010457,-0.106939615,0.063041467,0.158211603,-0.326936426
-0.346893186,0.076918185,0.000010463,-0.107015363,0.063071184,0.158309553,-0.327289909
-0.347673341,0.076979699,0.000010470,-0.107090898,0.063100790,0.158407203,-0.327642613
-0.348452243,0.077041052,0.000010476,-0.107166218,0.063130286,0.158504551,-0.327994535
-0.349229889,0.077102243,0.000010482,-0.107241325,0.063159671,0.158601597,-0.328345674
-0.350006275,0.077163273,0.000010488,-0.107316217,0.063188946,0.158698340,-0.328696029
-0.350781400,0.077224141,0.000010494,-0.107390894,0.063218110,0.158794781,-0.329045599
-0.351555261,0.077284846,0.000010500,-0.107465356,0.063247163,0.158890917,-0.329394382
-0.352327855,0.077345388,0.000010506,-0.107539602,0.063276104,0.158986750,-0.329742376
-0.353099180,0.077405768,0.000010512,-0.107613632,0.063304934,0.159082279,-0.330089580
-0.353869233,0.077465985,0.000010518,-0.107687446,0.063333653,0.159177502,-0.330435992
-0.354638012,0.077526037,0.000010523,-0.107761043,0.063362259,0.159272420,-0.330781612
-0.355405514,0.077585927,0.000010529,-0.107834423,0.063390754,0.159367031,-0.331126438
-0.356171737,0.077645652,0.000010535,-0.107907586,0.063419136,0.159461336,-0.331470467
-0.356936678,0.077705212,0.000010541,-0.107980531,0.063447406,0.159555334,-0.331813700
-0.357700334,0.077764609,0.000010547,-0.108053257,0.063475564,0.159649024,-0.332156134
-0.358462703,0.077823840,0.000010553,-0.108125765,0.063503609,0.159742406,-0.332497768
-0.359223783,0.077882906,0.000010559,-0.108198054,0.063531540,0.159835480,-0.332838601
-0.359983571,0.077941806,0.000010564,-0.108270123,0.063559359,0.159928244,-0.333178630
-0.360742063,0.078000541,0.000010570,-0.108341973,0.063587065,0.160020698,-0.333517855
-0.361499259,0.078059110,0.000010576,-0.108413603,0.063614657,0.160112843,-0.333856275
-0.362255155,0.078117512,0.000010581,-0.108485012,0.063642135,0.160204676,-0.334193887
-0.363009748,0.078175747,0.000010587,-0.108556201,0.063669500,0.160296199,-0.334530690
-0.363763037,0.078233816,0.000010593,-0.108627168,0.063696751,0.160387410,-0.334866684
-0.364515018,0.078291718,0.000010599,-0.108697914,0.063723887,0.160478308,-0.335201866
-0.365265689,0.078349452,0.000010604,-0.108768438,0.063750909,0.160568894,-0.335536234
-0.366015047,0.078407018,0.000010610,-0.108838739,0.063777817,0.160659166,-0.335869789
-0.366763090,0.078464416,0.000010615,-0.108908818,0.063804610,0.160749125,-0.336202527
-0.367509816,0.078521646,0.000010621,-0.108978674,0.063831288,0.160838769,-0.336534448
-0.368255222,0.078578707,0.000010626,-0.109048306,0.063857851,0.160928098,-0.336865550
-0.368999304,0.078635600,0.000010632,-0.109117715,0.063884299,0.161017112,-0.337195832
-0.369742062,0.078692323,0.000010637,-0.109186899,0.063910631,0.161105811,-0.337525293
-0.370483491,0.078748877,0.000010643,-0.109255859,0.063936848,0.161194193,-0.337853930
-0.371223590,0.078805261,0.000010648,-0.109324594,0.063962948,0.161282258,-0.338181743
-0.371962356,0.078861474,0.000010654,-0.109393104,0.063988933,0.161370005,-0.338508729
-0.372699787,0.078917518,0.000010659,-0.109461388,0.064014802,0.161457435,-0.338834889
-0.373435879,0.078973391,0.000010665,-0.109529446,0.064040554,0.161544546,-0.339160219
-0.374170631,0.079029093,0.000010670,-0.109597278,0.064066190,0.161631339,-0.339484719
-0.374904040,0.079084624,0.000010675,-0.109664883,0.064091709,0.161717812,-0.339808387
-0.375636103,0.079139983,0.000010681,-0.109732260,0.064117112,0.161803965,-0.340131222
-0.376366817,0.079195170,0.000010686,-0.109799411,0.064142397,0.161889797,-0.340453223
-0.377096181,0.079250186,0.000010691,-0.109866333,0.064167565,0.161975309,-0.340774387
-0.377824192,0.079305029,0.000010697,-0.109933027,0.064192615,0.162060499,-0.341094714
-0.378550846,0.079359700,0.000010702,-0.109999493,0.064217548,0.162145367,-0.341414202
-0.379276142,0.079414197,0.000010707,-0.110065729,0.064242363,0.162229912,-0.341732850
-0.380000077,0.079468522,0.000010712,-0.110131736,0.064267060,0.162314135,-0.342050655
-0.380722648,0.079522673,0.000010718,-0.110197514,0.064291639,0.162398034,-0.342367618
-0.381443853,0.079576650,0.000010723,-0.110263061,0.064316100,0.162481609,-0.342683735
-0.382163690,0.079630453,0.000010728,-0.110328378,0.064340442,0.162564859,-0.342999007
-0.382882155,0.079684082,0.000010733,-0.110393464,0.064364665,0.162647784,-0.343313430
-0.383599246,0.079737536,0.000010738,-0.110458319,0.064388770,0.162730384,-0.343627005
-0.384314962,0.079790816,0.000010743,-0.110522942,0.064412755,0.162812657,-0.343939729
-0.385029298,0.079843920,0.000010748,-0.110587333,0.064436622,0.162894604,-0.344251602
-0.385742252,0.079896849,0.000010753,-0.110651492,0.064460369,0.162976224,-0.344562621
-0.386453823,0.079949602,0.000010758,-0.110715418,0.064483996,0.163057516,-0.344872785
-0.387164007,0.080002179,0.000010763,-0.110779112,0.064507503,0.163138479,-0.345182092
-0.387872802,0.080054579,0.000010768,-0.110842571,0.064530891,0.163219115,-0.345490543
-0.388580206,0.080106803,0.000010773,-0.110905797,0.064554158,0.163299421,-0.345798134
-0.389286215,0.080158850,0.000010778,-0.110968789,0.064577305,0.163379397,-0.346104864
-0.389990827,0.080210720,0.000010783,-0.111031546,0.064600331,0.163459043,-0.346410732
-0.390694040,0.080262413,0.000010788,-0.111094068,0.064623237,0.163538358,-0.346715737
-0.391395851,0.080313927,0.000010793,-0.111156355,0.064646022,0.163617342,-0.347019877
-0.392096258,0.080365264,0.000010798,-0.111218407,0.064668686,0.163695994,-0.347323151
-0.392795258,0.080416423,0.000010803,-0.111280222,0.064691229,0.163774314,-0.347625556
-0.393492848,0.080467402,0.000010808,-0.111341801,0.064713650,0.163852301,-0.347927093
-0.394189026,0.080518203,0.000010812,-0.111403143,0.064735949,0.163929955,-0.348227759
-0.394883790,0.080568825,0.000010817,-0.111464248,0.064758127,0.164007275,-0.348527553
-0.395577136,0.080619267,0.000010822,-0.111525115,0.064780183,0.164084261,-0.348826473
-0.396269063,0.080669530,0.000010827,-0.111585745,0.064802117,0.164160912,-0.349124518
-0.396959567,0.080719612,0.000010831,-0.111646136,0.064823928,0.164237227,-0.349421687
-0.397648646,0.080769515,0.000010836,-0.111706289,0.064845617,0.164313207,-0.349717977
-0.398336298,0.080819236,0.000010841,-0.111766202,0.064867183,0.164388850,-0.350013389
-0.399022521,0.080868777,0.000010845,-0.111825876,0.064888627,0.164464157,-0.350307919
-0.399707310,0.080918136,0.000010850,-0.111885311,0.064909947,0.164539126,-0.350601568
-0.400390665,0.080967315,0.000010854,-0.111944505,0.064931144,0.164613756,-0.350894333
-0.401072582,0.081016311,0.000010859,-0.112003459,0.064952218,0.164688049,-0.351186212
-0.401753059,0.081065125,0.000010864,-0.112062172,0.064973168,0.164762003,-0.351477206
-0.402432093,0.081113757,0.000010868,-0.112120644,0.064993994,0.164835617,-0.351767311
-0.403109682,0.081162207,0.000010873,-0.112178874,0.065014697,0.164908891,-0.352056527
-0.403785823,0.081210473,0.000010877,-0.112236862,0.065035275,0.164981824,-0.352344851
-0.404460514,0.081258557,0.000010882,-0.112294608,0.065055729,0.165054417,-0.352632284
-0.405133752,0.081306457,0.000010886,-0.112352111,0.065076058,0.165126668,-0.352918823
-0.405805534,0.081354173,0.000010890,-0.112409371,0.065096263,0.165198577,-0.353204467
-0.406475858,0.081401705,0.000010895,-0.112466387,0.065116343,0.165270144,-0.353489214
-0.407144722,0.081449053,0.000010899,-0.112523160,0.065136298,0.165341367,-0.353773062
-0.407812123,0.081496216,0.000010904,-0.112579689,0.065156127,0.165412247,-0.354056012
-0.408478058,0.081543195,0.000010908,-0.112635973,0.065175831,0.165482783,-0.354338060
-0.409142525,0.081589988,0.000010912,-0.112692012,0.065195410,0.165552974,-0.354619206
-0.409805521,0.081636596,0.000010917,-0.112747805,0.065214863,0.165622820,-0.354899449
-0.410467044,0.081683018,0.000010921,-0.112803353,0.065234190,0.165692320,-0.355178785
-0.411127091,0.081729254,0.000010925,-0.112858655,0.065253391,0.165761474,-0.355457216
-0.411785659,0.081775304,0.000010929,-0.112913711,0.065272465,0.165830282,-0.355734738
-0.412442746,0.081821168,0.000010933,-0.112968519,0.065291413,0.165898742,-0.356011350
-0.413098350,0.081866844,0.000010938,-0.113023081,0.065310235,0.165966855,-0.356287051
-0.413752468,0.081912333,0.000010942,-0.113077395,0.065328929,0.166034620,-0.356561840
-0.414405098,0.081957635,0.000010946,-0.113131461,0.065347497,0.166102035,-0.356835715
-0.415056236,0.082002749,0.000010950,-0.113185279,0.065365937,0.166169102,-0.357108675
-0.415705880,0.082047675,0.000010954,-0.113238848,0.065384250,0.166235819,-0.357380718
-0.416354028,0.082092413,0.000010958,-0.113292168,0.065402435,0.166302185,-0.357651842
-0.417000677,0.082136962,0.000010962,-0.113345239,0.065420492,0.166368201,-0.357922047
-0.417645825,0.082181323,0.000010966,-0.113398059,0.065438422,0.166433866,-0.358191330
-0.418289469,0.082225494,0.000010970,-0.113450630,0.065456224,0.166499178,-0.358459692
-0.418931606,0.082269476,0.000010974,-0.113502950,0.065473897,0.166564139,-0.358727129
-0.419572235,0.082313268,0.000010978,-0.113555020,0.065491441,0.166628746,-0.358993640
-0.420211351,0.082356870,0.000010982,-0.113606838,0.065508857,0.166693001,-0.359259225
-0.420848954,0.082400282,0.000010986,-0.113658404,0.065526145,0.166756901,-0.359523881
-0.421485040,0.082443503,0.000010990,-0.113709719,0.065543303,0.166820447,-0.359787608
-0.422119607,0.082486533,0.000010994,-0.113760781,0.065560332,0.166883638,-0.360050403
-0.422752651,0.082529373,0.000010997,-0.113811590,0.065577231,0.166946474,-0.360312265
-0.423384172,0.082572021,0.000011001,-0.113862147,0.065594001,0.167008954,-0.360573194
-0.424014166,0.082614477,0.000011005,-0.113912449,0.065610641,0.167071077,-0.360833187
-0.424642630,0.082656741,0.000011009,-0.113962498,0.065627152,0.167132844,-0.361092243
-0.425269562,0.082698813,0.000011013,-0.114012293,0.065643532,0.167194253,-0.361350360
-0.425894959,0.082740692,0.000011016,-0.114061833,0.065659782,0.167255304,-0.361607538
-0.426518820,0.082782378,0.000011020,-0.114111118,0.065675901,0.167315997,-0.361863774
-0.427141141,0.082823872,0.000011024,-0.114160148,0.065691890,0.167376330,-0.362119068
-0.427761919,0.082865172,0.000011027,-0.114208922,0.065707748,0.167436305,-0.362373417
-0.428381153,0.082906278,0.000011031,-0.114257440,0.065723475,0.167495919,-0.362626820
-0.428998840,0.082947190,0.000011035,-0.114305702,0.065739071,0.167555172,-0.362879277
-0.429614976,0.082987908,0.000011038,-0.114353707,0.065754535,0.167614065,-0.363130785
-0.430229561,0.083028431,0.000011042,-0.114401454,0.065769868,0.167672596,-0.363381343
-0.430842590,0.083068760,0.000011045,-0.114448944,0.065785069,0.167730765,-0.363630950
-0.431454061,0.083108893,0.000011049,-0.114496176,0.065800138,0.167788571,-0.363879603
-0.432063973,0.083148831,0.000011052,-0.114543150,0.065815075,0.167846014,-0.364127303
-0.432672322,0.083188573,0.000011056,-0.114589865,0.065829880,0.167903094,-0.364374047
-0.433279106,0.083228120,0.000011059,-0.114636321,0.065844552,0.167959810,-0.364619833
-0.433884322,0.083267470,0.000011063,-0.114682518,0.065859091,0.168016161,-0.364864661
-0.434487968,0.083306623,0.000011066,-0.114728454,0.065873498,0.168072146,-0.365108529
-0.435090041,0.083345580,0.000011069,-0.114774131,0.065887772,0.168127767,-0.365351435
-0.435690538,0.083384339,0.000011073,-0.114819547,0.065901913,0.168183020,-0.365593378
-0.436289458,0.083422901,0.000011076,-0.114864702,0.065915920,0.168237908,-0.365834357
-0.436886797,0.083461266,0.000011079,-0.114909596,0.065929793,0.168292428,-0.366074371
-0.437482553,0.083499432,0.000011082,-0.114954228,0.065943533,0.168346580,-0.366313416
-0.438076724,0.083537400,0.000011086,-0.114998599,0.065957139,0.168400364,-0.366551494
-0.438669306,0.083575170,0.000011089,-0.115042707,0.065970611,0.168453779,-0.366788601
-0.439260298,0.083612741,0.000011092,-0.115086552,0.065983949,0.168506826,-0.367024736
-0.439849696,0.083650113,0.000011095,-0.115130134,0.065997152,0.168559502,-0.367259898
-0.440437499,0.083687285,0.000011098,-0.115173452,0.066010221,0.168611808,-0.367494086
-0.441023703,0.083724257,0.000011102,-0.115216507,0.066023154,0.168663743,-0.367727298
-0.441608307,0.083761030,0.000011105,-0.115259297,0.066035953,0.168715307,-0.367959533
-0.442191307,0.083797602,0.000011108,-0.115301823,0.066048616,0.168766499,-0.368190788
-0.442772701,0.083833974,0.000011111,-0.115344084,0.066061145,0.168817319,-0.368421064
-0.443352486,0.083870145,0.000011114,-0.115386079,0.066073537,0.168867766,-0.368650358
-0.443930660,0.083906115,0.000011117,-0.115427809,0.066085794,0.168917839,-0.368878668
-0.444507221,0.083941883,0.000011120,-0.115469272,0.066097915,0.168967539,-0.369105995
-0.445082165,0.083977450,0.000011123,-0.115510469,0.066109900,0.169016864,-0.369332335
-0.445655491,0.084012815,0.000011126,-0.115551399,0.066121748,0.169065815,-0.369557687
-0.446227195,0.084047978,0.000011129,-0.115592062,0.066133461,0.169114390,-0.369782051
-0.446797276,0.084082938,0.000011132,-0.115632458,0.066145036,0.169162589,-0.370005424
-0.447365730,0.084117695,0.000011134,-0.115672585,0.066156475,0.169210411,-0.370227806
-0.447932555,0.084152249,0.000011137,-0.115712445,0.066167776,0.169257857,-0.370449194
-0.448497748,0.084186600,0.000011140,-0.115752035,0.066178941,0.169304925,-0.370669588
-0.449061308,0.084220747,0.000011143,-0.115791356,0.066189968,0.169351615,-0.370888986
-0.449623230,0.084254690,0.000011146,-0.115830408,0.066200858,0.169397927,-0.371107386
-0.450183514,0.084288429,0.000011148,-0.115869190,0.066211610,0.169443860,-0.371324787
-0.450742156,0.084321963,0.000011151,-0.115907702,0.066222224,0.169489413,-0.371541187
-0.451299154,0.084355292,0.000011154,-0.115945944,0.066232700,0.169534586,-0.371756586
-0.451854504,0.084388417,0.000011156,-0.115983914,0.066243037,0.169579378,-0.371970981
-0.452408206,0.084421336,0.000011159,-0.116021613,0.066253236,0.169623790,-0.372184372
-0.452960255,0.084454049,0.000011162,-0.116059041,0.066263297,0.169667820,-0.372396757
-0.453510650,0.084486556,0.000011164,-0.116096196,0.066273219,0.169711467,-0.372608133
-0.454059388,0.084518858,0.000011167,-0.116133079,0.066283002,0.169754733,-0.372818501
-0.454606467,0.084550952,0.000011169,-0.116169690,0.066292645,0.169797615,-0.373027858
-0.455151883,0.084582840,0.000011172,-0.116206027,0.066302149,0.169840113,-0.373236204
-0.455695634,0.084614521,0.000011174,-0.116242090,0.066311514,0.169882227,-0.373443535
-0.456237719,0.084645994,0.000011177,-0.116277880,0.066320739,0.169923957,-0.373649852
-0.456778133,0.084677260,0.000011179,-0.116313395,0.066329824,0.169965301,-0.373855153
-0.457316875,0.084708317,0.000011182,-0.116348636,0.066338769,0.170006260,-0.374059436
-0.457853942,0.084739167,0.000011184,-0.116383602,0.066347574,0.170046833,-0.374262700
-0.458389332,0.084769808,0.000011186,-0.116418292,0.066356238,0.170087018,-0.374464943
-0.458923042,0.084800240,0.000011189,-0.116452707,0.066364762,0.170126817,-0.374666164
-0.459455069,0.084830463,0.000011191,-0.116486846,0.066373145,0.170166228,-0.374866362
-0.459985411,0.084860476,0.000011193,-0.116520708,0.066381387,0.170205250,-0.375065534
-0.460514066,0.084890280,0.000011196,-0.116554293,0.066389488,0.170243884,-0.375263681
-0.461041030,0.084919875,0.000011198,-0.116587601,0.066397447,0.170282129,-0.375460799
-0.461566301,0.084949258,0.000011200,-0.116620631,0.066405265,0.170319983,-0.375656888
-0.462089877,0.084978432,0.000011202,-0.116653383,0.066412941,0.170357448,-0.375851947
-0.462611756,0.085007394,0.000011204,-0.116685857,0.066420476,0.170394521,-0.376045973
-0.463131934,0.085036146,0.000011207,-0.116718053,0.066427868,0.170431204,-0.376238966
-0.463650408,0.085064686,0.000011209,-0.116749969,0.066435118,0.170467494,-0.376430923
-0.464167178,0.085093014,0.000011211,-0.116781606,0.066442225,0.170503392,-0.376621845
-0.464682239,0.085121130,0.000011213,-0.116812962,0.066449190,0.170538897,-0.376811728
-0.465195590,0.085149035,0.000011215,-0.116844039,0.066456012,0.170574009,-0.377000572
-0.465707227,0.085176726,0.000011217,-0.116874835,0.066462692,0.170608727,-0.377188375
-0.466217149,0.085204205,0.000011219,-0.116905350,0.066469228,0.170643050,-0.377375136
-0.466725352,0.085231471,0.000011221,-0.116935584,0.066475620,0.170676979,-0.377560853
-0.467231835,0.085258524,0.000011223,-0.116965536,0.066481869,0.170710512,-0.377745525
-0.467736594,0.085285362,0.000011225,-0.116995206,0.066487975,0.170743649,-0.377929151
-0.468239628,0.085311987,0.000011227,-0.117024594,0.066493936,0.170776389,-0.378111728
-0.468740933,0.085338398,0.000011228,-0.117053699,0.066499754,0.170808733,-0.378293256
-0.469240506,0.085364594,0.000011230,-0.117082521,0.066505427,0.170840679,-0.378473733
-0.469738347,0.085390575,0.000011232,-0.117111059,0.066510956,0.170872227,-0.378653158
-0.470234451,0.085416342,0.000011234,-0.117139313,0.066516340,0.170903377,-0.378831529
-0.470728816,0.085441893,0.000011236,-0.117167283,0.066521580,0.170934127,-0.379008845
-0.471221440,0.085467228,0.000011237,-0.117194968,0.066526674,0.170964478,-0.379185104
-0.471712320,0.085492347,0.000011239,-0.117222368,0.066531624,0.170994429,-0.379360305
-0.472201454,0.085517250,0.000011241,-0.117249483,0.066536428,0.171023980,-0.379534447
-0.472688840,0.085541937,0.000011242,-0.117276312,0.066541086,0.171053129,-0.379707527
-0.473174473,0.085566407,0.000011244,-0.117302855,0.066545599,0.171081877,-0.379879545
-0.473658353,0.085590660,0.000011246,-0.117329112,0.066549966,0.171110222,-0.380050500
-0.474140476,0.085614695,0.000011247,-0.117355081,0.066554187,0.171138165,-0.380220389
-0.474620840,0.085638513,0.000011249,-0.117380764,0.066558261,0.171165705,-0.380389211
-0.475099442,0.085662113,0.000011250,-0.117406158,0.066562190,0.171192841,-0.380556965
-0.475576280,0.085685494,0.000011252,-0.117431265,0.066565971,0.171219573,-0.380723649
-0.476051352,0.085708658,0.000011253,-0.117456083,0.066569606,0.171245900,-0.380889262
-0.476524654,0.085731602,0.000011255,-0.117480613,0.066573094,0.171271822,-0.381053803
-0.476996184,0.085754327,0.000011256,-0.117504853,0.066576435,0.171297338,-0.381217270
-0.477465939,0.085776833,0.000011258,-0.117528804,0.066579628,0.171322448,-0.381379661
-0.477933918,0.085799120,0.000011259,-0.117552465,0.066582674,0.171347151,-0.381540976
-0.478400117,0.085821186,0.000011260,-0.117575836,0.066585572,0.171371447,-0.381701212
-0.478864535,0.085843032,0.000011262,-0.117598916,0.066588323,0.171395336,-0.381860369
-0.479327167,0.085864658,0.000011263,-0.117621706,0.066590925,0.171418815,-0.382018444
-0.479788012,0.085886063,0.000011264,-0.117644204,0.066593379,0.171441887,-0.382175437
-0.480247068,0.085907247,0.000011265,-0.117666410,0.066595685,0.171464549,-0.382331346
-0.480704331,0.085928209,0.000011267,-0.117688324,0.066597842,0.171486801,-0.382486169
-0.481159800,0.085948950,0.000011268,-0.117709946,0.066599850,0.171508642,-0.382639905
-0.481613471,0.085969469,0.000011269,-0.117731275,0.066601709,0.171530073,-0.382792553
-0.482065342,0.085989766,0.000011270,-0.117752310,0.066603420,0.171551093,-0.382944111
-0.482515411,0.086009840,0.000011271,-0.117773052,0.066604980,0.171571700,-0.383094578
-0.482963675,0.086029692,0.000011272,-0.117793501,0.066606392,0.171591895,-0.383243952
-0.483410131,0.086049320,0.000011273,-0.117813655,0.066607654,0.171611678,-0.383392232
-0.483854777,0.086068726,0.000011274,-0.117833514,0.066608765,0.171631046,-0.383539417
-0.484297610,0.086087907,0.000011275,-0.117853078,0.066609727,0.171650001,-0.383685504
-0.484738628,0.086106865,0.000011276,-0.117872347,0.066610539,0.171668542,-0.383830493
-0.485177828,0.086125598,0.000011277,-0.117891320,0.066611200,0.171686667,-0.383974382
-0.485615208,0.086144107,0.000011278,-0.117909996,0.066611711,0.171704377,-0.384117170
-0.486050765,0.086162391,0.000011279,-0.117928377,0.066612071,0.171721672,-0.384258855
-0.486484497,0.086180450,0.000011280,-0.117946460,0.066612279,0.171738549,-0.384399435
-0.486916400,0.086198284,0.000011281,-0.117964246,0.066612337,0.171755010,-0.384538910
-0.487346473,0.086215892,0.000011281,-0.117981734,0.066612244,0.171771053,-0.384677278
-0.487774713,0.086233275,0.000011282,-0.117998925,0.066611999,0.171786678,-0.384814537
-0.488201117,0.086250431,0.000011283,-0.118015817,0.066611602,0.171801884,-0.384950687
-0.488625683,0.086267360,0.000011284,-0.118032410,0.066611053,0.171816671,-0.385085725
-0.489048409,0.086284063,0.000011284,-0.118048704,0.066610353,0.171831039,-0.385219650
-0.489469291,0.086300539,0.000011285,-0.118064699,0.066609500,0.171844987,-0.385352460
-0.489888327,0.086316787,0.000011286,-0.118080393,0.066608495,0.171858514,-0.385484155
-0.490305514,0.086332808,0.000011286,-0.118095788,0.066607337,0.171871620,-0.385614733
-0.490720851,0.086348601,0.000011287,-0.118110882,0.066606027,0.171884304,-0.385744192
-0.491134334,0.086364166,0.000011287,-0.118125675,0.066604563,0.171896566,-0.385872531
-0.491545961,0.086379502,0.000011288,-0.118140166,0.066602946,0.171908406,-0.385999748
-0.491955730,0.086394610,0.000011288,-0.118154356,0.066601177,0.171919822,-0.386125842
-0.492363637,0.086409488,0.000011289,-0.118168244,0.066599253,0.171930815,-0.386250812
-0.492769681,0.086424138,0.000011289,-0.118181829,0.066597176,0.171941383,-0.386374657
-0.493173858,0.086438557,0.000011290,-0.118195111,0.066594945,0.171951527,-0.386497373
-0.493576166,0.086452747,0.000011290,-0.118208090,0.066592560,0.171961245,-0.386618961
-0.493976603,0.086466706,0.000011291,-0.118220766,0.066590021,0.171970538,-0.386739419
-0.494375167,0.086480436,0.000011291,-0.118233138,0.066587328,0.171979404,-0.386858746
-0.494771853,0.086493934,0.000011291,-0.118245205,0.066584480,0.171987844,-0.386976939
-0.495166661,0.086507201,0.000011292,-0.118256967,0.066581477,0.171995856,-0.387093998
-0.495559587,0.086520237,0.000011292,-0.118268425,0.066578319,0.172003441,-0.387209920
-0.495950629,0.086533041,0.000011292,-0.118279577,0.066575006,0.172010597,-0.387324706
-0.496339784,0.086545614,0.000011292,-0.118290423,0.066571538,0.172017324,-0.387438352
-0.496727050,0.086557954,0.000011292,-0.118300963,0.066567914,0.172023623,-0.387550858
-0.497112424,0.086570062,0.000011293,-0.118311197,0.066564135,0.172029491,-0.387662223
-0.497495904,0.086581937,0.000011293,-0.118321123,0.066560200,0.172034929,-0.387772444
-0.497877487,0.086593579,0.000011293,-0.118330743,0.066556109,0.172039936,-0.387881521
-0.498257170,0.086604988,0.000011293,-0.118340054,0.066551861,0.172044511,-0.387989452
-0.498634952,0.086616163,0.000011293,-0.118349058,0.066547458,0.172048655,-0.388096235
-0.499010829,0.086627104,0.000011293,-0.118357753,0.066542897,0.172052366,-0.388201869
-0.499384799,0.086637811,0.000011293,-0.118366139,0.066538180,0.172055645,-0.388306353
-0.499756859,0.086648284,0.000011293,-0.118374217,0.066533306,0.172058489,-0.388409685
-0.500127007,0.086658522,0.000011293,-0.118381984,0.066528275,0.172060900,-0.388511864
-0.500495240,0.086668525,0.000011293,-0.118389442,0.066523087,0.172062877,-0.388612889
-0.500861556,0.086678293,0.000011292,-0.118396590,0.066517741,0.172064418,-0.388712757
-0.501225952,0.086687825,0.000011292,-0.118403427,0.066512237,0.172065524,-0.388811467
-0.501588425,0.086697121,0.000011292,-0.118409952,0.066506576,0.172066194,-0.388909019
-0.501948974,0.086706181,0.000011292,-0.118416167,0.066500757,0.172066428,-0.389005410
-0.502307595,0.086715004,0.000011292,-0.118422070,0.066494779,0.172066224,-0.389100639
-0.502664286,0.086723591,0.000011291,-0.118427660,0.066488643,0.172065583,-0.389194704
-0.503019045,0.086731941,0.000011291,-0.118432939,0.066482349,0.172064503,-0.389287605
-0.503371868,0.086740053,0.000011291,-0.118437904,0.066475896,0.172062986,-0.389379340
-0.503722753,0.086747928,0.000011290,-0.118442556,0.066469284,0.172061029,-0.389469907
-0.504071699,0.086755565,0.000011290,-0.118446894,0.066462512,0.172058632,-0.389559305
-0.504418701,0.086762964,0.000011290,-0.118450919,0.066455582,0.172055795,-0.389647533
-0.504763758,0.086770124,0.000011289,-0.118454629,0.066448492,0.172052518,-0.389734588
-0.505106867,0.086777046,0.000011289,-0.118458024,0.066441242,0.172048800,-0.389820470
-0.505448026,0.086783729,0.000011288,-0.118461104,0.066433833,0.172044639,-0.389905177
-0.505787232,0.086790172,0.000011288,-0.118463869,0.066426263,0.172040037,-0.389988708
-0.506124482,0.086796376,0.000011287,-0.118466318,0.066418534,0.172034992,-0.390071061
-0.506459773,0.086802340,0.000011286,-0.118468451,0.066410644,0.172029504,-0.390152235
-0.506793105,0.086808063,0.000011286,-0.118470267,0.066402593,0.172023572,-0.390232228
-0.507124473,0.086813547,0.000011285,-0.118471767,0.066394382,0.172017196,-0.390311039
-0.507453875,0.086818789,0.000011285,-0.118472948,0.066386010,0.172010375,-0.390388667
-0.507781309,0.086823791,0.000011284,-0.118473813,0.066377477,0.172003109,-0.390465110
-0.508106771,0.086828551,0.000011283,-0.118474359,0.066368782,0.171995397,-0.390540366
-0.508430261,0.086833070,0.000011282,-0.118474587,0.066359926,0.171987238,-0.390614434
-0.508751774,0.086837347,0.000011282,-0.118474496,0.066350908,0.171978633,-0.390687313
-0.509071309,0.086841381,0.000011281,-0.118474085,0.066341729,0.171969581,-0.390759002
-0.509388863,0.086845174,0.000011280,-0.118473356,0.066332387,0.171960081,-0.390829498
-0.509704433,0.086848723,0.000011279,-0.118472306,0.066322884,0.171950132,-0.390898800
-0.510018017,0.086852030,0.000011278,-0.118470936,0.066313218,0.171939735,-0.390966908
-0.510329612,0.086855093,0.000011277,-0.118469245,0.066303389,0.171928888,-0.391033819
-0.510639216,0.086857913,0.000011276,-0.118467234,0.066293398,0.171917592,-0.391099532
-0.510946826,0.086860489,0.000011275,-0.118464901,0.066283244,0.171905845,-0.391164046
-0.511252440,0.086862821,0.000011274,-0.118462246,0.066272927,0.171893647,-0.391227358
-0.511556055,0.086864908,0.000011273,-0.118459269,0.066262446,0.171880997,-0.391289469
-0.511857668,0.086866750,0.000011272,-0.118455969,0.066251802,0.171867896,-0.391350376
-0.512157277,0.086868348,0.000011271,-0.118452347,0.066240995,0.171854342,-0.391410078
-0.512454879,0.086869700,0.000011270,-0.118448401,0.066230023,0.171840335,-0.391468573
-0.512750472,0.086870807,0.000011269,-0.118444132,0.066218888,0.171825875,-0.391525860
-0.513044054,0.086871668,0.000011267,-0.118439539,0.066207588,0.171810961,-0.391581937
-0.513335621,0.086872283,0.000011266,-0.118434621,0.066196124,0.171795592,-0.391636804
-0.513625172,0.086872651,0.000011265,-0.118429379,0.066184496,0.171779769,-0.391690458
-0.513912703,0.086872773,0.000011264,-0.118423811,0.066172703,0.171763489,-0.391742899
-0.514198212,0.086872647,0.000011262,-0.118417918,0.066160745,0.171746754,-0.391794124
-0.514481697,0.086872275,0.000011261,-0.118411700,0.066148621,0.171729562,-0.391844133
-0.514763154,0.086871654,0.000011260,-0.118405154,0.066136333,0.171711913,-0.391892923
-0.515042582,0.086870786,0.000011258,-0.118398283,0.066123879,0.171693807,-0.391940494
-0.515319978,0.086869670,0.000011257,-0.118391084,0.066111260,0.171675242,-0.391986844
-0.515595339,0.086868306,0.000011255,-0.118383558,0.066098474,0.171656219,-0.392031972
-0.515868663,0.086866692,0.000011254,-0.118375705,0.066085523,0.171636737,-0.392075875
-0.516139947,0.086864830,0.000011252,-0.118367523,0.066072406,0.171616795,-0.392118553
-0.516409189,0.086862718,0.000011251,-0.118359013,0.066059122,0.171596393,-0.392160005
-0.516676386,0.086860357,0.000011249,-0.118350174,0.066045672,0.171575530,-0.392200228
-0.516941536,0.086857746,0.000011248,-0.118341005,0.066032055,0.171554206,-0.392239222
-0.517204635,0.086854885,0.000011246,-0.118331508,0.066018271,0.171532420,-0.392276984
-0.517465682,0.086851774,0.000011244,-0.118321680,0.066004320,0.171510172,-0.392313514
-0.517724674,0.086848412,0.000011243,-0.118311522,0.065990202,0.171487462,-0.392348810
-0.517981608,0.086844798,0.000011241,-0.118301033,0.065975916,0.171464288,-0.392382871
-0.518236482,0.086840934,0.000011239,-0.118290213,0.065961463,0.171440650,-0.392415694
-0.518489293,0.086836818,0.000011237,-0.118279062,0.065946842,0.171416548,-0.392447280
-0.518740039,0.086832450,0.000011235,-0.118267579,0.065932053,0.171391982,-0.392477625
-0.518988717,0.086827830,0.000011234,-0.118255764,0.065917095,0.171366950,-0.392506730
-0.519235325,0.086822958,0.000011232,-0.118243616,0.065901970,0.171341452,-0.392534591
-0.519479860,0.086817833,0.000011230,-0.118231136,0.065886676,0.171315488,-0.392561209
-0.519722319,0.086812455,0.000011228,-0.118218322,0.065871213,0.171289057,-0.392586581
-0.519962700,0.086806824,0.000011226,-0.118205174,0.065855581,0.171262159,-0.392610706
-0.520201000,0.086800939,0.000011224,-0.118191693,0.065839781,0.171234793,-0.392633583
-0.520437218,0.086794800,0.000011222,-0.118177877,0.065823811,0.171206959,-0.392655210
-0.520671349,0.086788408,0.000011220,-0.118163726,0.065807671,0.171178655,-0.392675586
-0.520903393,0.086781760,0.000011218,-0.118149240,0.065791362,0.171149883,-0.392694709
-0.521133345,0.086774859,0.000011216,-0.118134419,0.065774884,0.171120640,-0.392712578
-0.521361204,0.086767702,0.000011213,-0.118119262,0.065758235,0.171090927,-0.392729191
-0.521586967,0.086760290,0.000011211,-0.118103768,0.065741416,0.171060743,-0.392744547
-0.521810632,0.086752622,0.000011209,-0.118087938,0.065724427,0.171030088,-0.392758645
-0.522032196,0.086744699,0.000011207,-0.118071771,0.065707267,0.170998960,-0.392771482
-0.522251656,0.086736519,0.000011205,-0.118055267,0.065689937,0.170967360,-0.392783059
-0.522469010,0.086728083,0.000011202,-0.118038425,0.065672435,0.170935287,-0.392793372
-0.522684255,0.086719391,0.000011200,-0.118021244,0.065654763,0.170902741,-0.392802422
-0.522897389,0.086710441,0.000011198,-0.118003726,0.065636919,0.170869721,-0.392810205
-0.523108409,0.086701234,0.000011195,-0.117985868,0.065618904,0.170836226,-0.392816722
-0.523317313,0.086691770,0.000011193,-0.117967671,0.065600718,0.170802256,-0.392821969
-0.523524098,0.086682048,0.000011190,-0.117949135,0.065582359,0.170767810,-0.392825947
-0.523728762,0.086672068,0.000011188,-0.117930258,0.065563829,0.170732889,-0.392828654
-0.523931301,0.086661829,0.000011185,-0.117911042,0.065545126,0.170697491,-0.392830087
-0.524131714,0.086651332,0.000011183,-0.117891484,0.065526252,0.170661615,-0.392830246
-0.524329998,0.086640575,0.000011180,-0.117871586,0.065507204,0.170625262,-0.392829129
-0.524526150,0.086629560,0.000011177,-0.117851346,0.065487984,0.170588431,-0.392826735
-0.524720168,0.086618285,0.000011175,-0.117830764,0.065468591,0.170551122,-0.392823063
-0.524912050,0.086606750,0.000011172,-0.117809840,0.065449025,0.170513333,-0.392818110
-0.525101792,0.086594955,0.000011169,-0.117788574,0.065429286,0.170475064,-0.392811876
-0.525289392,0.086582899,0.000011167,-0.117766965,0.065409374,0.170436316,-0.392804359
-0.525474848,0.086570583,0.000011164,-0.117745012,0.065389287,0.170397086,-0.392795557
-0.525658156,0.086558006,0.000011161,-0.117722716,0.065369027,0.170357376,-0.392785469
-0.525839316,0.086545168,0.000011158,-0.117700075,0.065348594,0.170317184,-0.392774094
-0.526018323,0.086532068,0.000011155,-0.117677090,0.065327985,0.170276509,-0.392761431
-0.526195175,0.086518707,0.000011153,-0.117653761,0.065307203,0.170235352,-0.392747477
-0.526369871,0.086505083,0.000011150,-0.117630086,0.065286246,0.170193711,-0.392732231
-0.526542406,0.086491197,0.000011147,-0.117606066,0.065265115,0.170151587,-0.392715692
-0.526712780,0.086477048,0.000011144,-0.117581700,0.065243808,0.170108978,-0.392697859
-0.526880988,0.086462637,0.000011141,-0.117556987,0.065222327,0.170065885,-0.392678730
-0.527047030,0.086447962,0.000011138,-0.117531928,0.065200670,0.170022306,-0.392658303
-0.527210901,0.086433024,0.000011135,-0.117506522,0.065178838,0.169978242,-0.392636578
-0.527372600,0.086417821,0.000011131,-0.117480769,0.065156830,0.169933691,-0.392613552
-0.527532123,0.086402355,0.000011128,-0.117454668,0.065134647,0.169888653,-0.392589225
-0.527689470,0.086386624,0.000011125,-0.117428218,0.065112288,0.169843128,-0.392563594
-0.527844636,0.086370629,0.000011122,-0.117401420,0.065089752,0.169797115,-0.392536659
-0.527997619,0.086354369,0.000011119,-0.117374274,0.065067040,0.169750613,-0.392508417
-0.528148417,0.086337843,0.000011115,-0.117346778,0.065044152,0.169703623,-0.392478869
-0.528297027,0.086321052,0.000011112,-0.117318932,0.065021087,0.169656143,-0.392448011
-0.528443447,0.086303996,0.000011109,-0.117290737,0.064997845,0.169608174,-0.392415843
-0.528587675,0.086286673,0.000011105,-0.117262191,0.064974426,0.169559714,-0.392382362
-0.528729706,0.086269083,0.000011102,-0.117233294,0.064950830,0.169510762,-0.392347569
-0.528869540,0.086251228,0.000011099,-0.117204047,0.064927057,0.169461320,-0.392311461
-0.529007173,0.086233105,0.000011095,-0.117174447,0.064903105,0.169411385,-0.392274037
-0.529142603,0.086214715,0.000011092,-0.117144496,0.064878977,0.169360958,-0.392235295
-0.529275827,0.086196057,0.000011088,-0.117114193,0.064854670,0.169310038,-0.392195234
-0.529406844,0.086177132,0.000011085,-0.117083537,0.064830185,0.169258624,-0.392153853
-0.529535649,0.086157938,0.000011081,-0.117052529,0.064805522,0.169206717,-0.392111150
-0.529662241,0.086138476,0.000011077,-0.117021167,0.064780680,0.169154315,-0.392067123
-0.529786617,0.086118746,0.000011074,-0.116989451,0.064755660,0.169101417,-0.392021772
-0.529908775,0.086098747,0.000011070,-0.116957381,0.064730460,0.169048024,-0.391975094
-0.530028712,0.086078478,0.000011066,-0.116924957,0.064705082,0.168994135,-0.391927089
-0.530146425,0.086057940,0.000011063,-0.116892178,0.064679525,0.168939750,-0.391877754
-0.530261913,0.086037132,0.000011059,-0.116859044,0.064653788,0.168884867,-0.391827089
-0.530375171,0.086016054,0.000011055,-0.116825554,0.064627872,0.168829487,-0.391775092
-0.530486199,0.085994706,0.000011051,-0.116791708,0.064601775,0.168773608,-0.391721761
-0.530594993,0.085973087,0.000011047,-0.116757506,0.064575499,0.168717231,-0.391667096
-0.530701550,0.085951197,0.000011043,-0.116722948,0.064549043,0.168660354,-0.391611094
-0.530805869,0.085929036,0.000011039,-0.116688032,0.064522407,0.168602978,-0.391553755
-0.530907946,0.085906603,0.000011035,-0.116652759,0.064495590,0.168545102,-0.391495076
-0.531007780,0.085883899,0.000011031,-0.116617128,0.064468592,0.168486725,-0.391435056
-0.531105367,0.085860922,0.000011027,-0.116581139,0.064441413,0.168427847,-0.391373695
-0.531200704,0.085837674,0.000011023,-0.116544792,0.064414054,0.168368467,-0.391310990
-0.531293791,0.085814152,0.000011019,-0.116508085,0.064386513,0.168308585,-0.391246939
-0.531384623,0.085790358,0.000011015,-0.116471020,0.064358791,0.168248200,-0.391181543
-0.531473198,0.085766290,0.000011011,-0.116433595,0.064330887,0.168187311,-0.391114798
-0.531559515,0.085741949,0.000011007,-0.116395809,0.064302802,0.168125919,-0.391046705
-0.531643569,0.085717334,0.000011002,-0.116357664,0.064274535,0.168064023,-0.390977260
-0.531725359,0.085692445,0.000010998,-0.116319157,0.064246085,0.168001621,-0.390906463
-0.531804883,0.085667282,0.000010994,-0.116280290,0.064217454,0.167938715,-0.390834313
-0.531882136,0.085641844,0.000010990,-0.116241061,0.064188639,0.167875302,-0.390760808
-0.531957118,0.085616131,0.000010985,-0.116201470,0.064159642,0.167811383,-0.390685946
-0.532029825,0.085590143,0.000010981,-0.116161517,0.064130463,0.167746958,-0.390609726
-0.532100256,0.085563880,0.000010976,-0.116121201,0.064101100,0.167682024,-0.390532146
-0.532168406,0.085537341,0.000010972,-0.116080523,0.064071554,0.167616583,-0.390453206
-0.532234274,0.085510525,0.000010967,-0.116039481,0.064041825,0.167550634,-0.390372904
-0.532297858,0.085483434,0.000010963,-0.115998075,0.064011912,0.167484175,-0.390291238
-0.532359154,0.085456066,0.000010958,-0.115956305,0.063981816,0.167417208,-0.390208206
-0.532418161,0.085428420,0.000010954,-0.115914171,0.063951535,0.167349730,-0.390123808
-0.532474875,0.085400498,0.000010949,-0.115871672,0.063921070,0.167281741,-0.390038042
-0.532529294,0.085372298,0.000010944,-0.115828808,0.063890422,0.167213242,-0.389950907
-0.532581415,0.085343820,0.000010940,-0.115785578,0.063859588,0.167144231,-0.389862400
-0.532631237,0.085315065,0.000010935,-0.115741982,0.063828570,0.167074708,-0.389772521
-0.532678755,0.085286031,0.000010930,-0.115698020,0.063797367,0.167004673,-0.389681269
-0.532723969,0.085256718,0.000010925,-0.115653692,0.063765980,0.166934125,-0.389588641
-0.532766875,0.085227127,0.000010921,-0.115608996,0.063734407,0.166863063,-0.389494636
-0.532807471,0.085197256,0.000010916,-0.115563933,0.063702648,0.166791487,-0.389399253
-0.532845754,0.085167106,0.000010911,-0.115518502,0.063670704,0.166719396,-0.389302491
-0.532881721,0.085136676,0.000010906,-0.115472703,0.063638575,0.166646790,-0.389204347
-0.532915371,0.085105966,0.000010901,-0.115426535,0.063606259,0.166573669,-0.389104821
-0.532946700,0.085074975,0.000010896,-0.115379998,0.063573757,0.166500031,-0.389003911
-0.532975706,0.085043704,0.000010891,-0.115333092,0.063541069,0.166425877,-0.388901616
-0.533002386,0.085012152,0.000010886,-0.115285817,0.063508195,0.166351206,-0.388797934
-0.533026739,0.084980319,0.000010881,-0.115238171,0.063475134,0.166276017,-0.388692864
-0.533048760,0.084948205,0.000010876,-0.115190155,0.063441886,0.166200310,-0.388586404
-0.533068449,0.084915809,0.000010871,-0.115141769,0.063408451,0.166124084,-0.388478553
-0.533085802,0.084883130,0.000010865,-0.115093011,0.063374829,0.166047339,-0.388369309
-0.533100816,0.084850170,0.000010860,-0.115043881,0.063341020,0.165970074,-0.388258672
-0.533113489,0.084816926,0.000010855,-0.114994380,0.063307023,0.165892289,-0.388146638
-0.533123819,0.084783400,0.000010850,-0.114944507,0.063272838,0.165813983,-0.388033208
-0.533131803,0.084749591,0.000010844,-0.114894261,0.063238466,0.165735156,-0.387918380
-0.533137439,0.084715498,0.000010839,-0.114843642,0.063203905,0.165655807,-0.387802152
-0.533140723,0.084681121,0.000010833,-0.114792649,0.063169156,0.165575936,-0.387684523
-0.533141654,0.084646461,0.000010828,-0.114741283,0.063134219,0.165495542,-0.387565491
-0.533140228,0.084611516,0.000010823,-0.114689543,0.063099093,0.165414625,-0.387445055
-0.533136444,0.084576286,0.000010817,-0.114637428,0.063063778,0.165333184,-0.387323213
-0.533130298,0.084540772,0.000010812,-0.114584938,0.063028274,0.165251219,-0.387199965
-0.533121789,0.084504972,0.000010806,-0.114532073,0.062992581,0.165168728,-0.387075308
-0.533110913,0.084468887,0.000010800,-0.114478833,0.062956699,0.165085713,-0.386949241
-0.533097668,0.084432517,0.000010795,-0.114425217,0.062920627,0.165002171,-0.386821762
-0.533082052,0.084395860,0.000010789,-0.114371224,0.062884365,0.164918103,-0.386692872
-0.533064062,0.084358917,0.000010783,-0.114316855,0.062847914,0.164833509,-0.386562566
-0.533043695,0.084321687,0.000010778,-0.114262108,0.062811272,0.164748386,-0.386430846
-0.533020949,0.084284170,0.000010772,-0.114206984,0.062774440,0.164662736,-0.386297708
-0.532995821,0.084246367,0.000010766,-0.114151482,0.062737418,0.164576557,-0.386163151
-0.532968309,0.084208275,0.000010760,-0.114095603,0.062700205,0.164489850,-0.386027175
-0.532938410,0.084169896,0.000010754,-0.114039344,0.062662801,0.164402613,-0.385889777
-0.532906122,0.084131229,0.000010749,-0.113982707,0.062625207,0.164314846,-0.385750957
-0.532871441,0.084092274,0.000010743,-0.113925690,0.062587421,0.164226548,-0.385610712
-0.532834367,0.084053030,0.000010737,-0.113868294,0.062549444,0.164137719,-0.385469041
-0.532794895,0.084013497,0.000010731,-0.113810517,0.062511275,0.164048359,-0.385325944
-0.532753024,0.083973675,0.000010725,-0.113752360,0.062472914,0.163958467,-0.385181417
-0.532708750,0.083933564,0.000010718,-0.113693823,0.062434362,0.163868042,-0.385035461
-0.532662072,0.083893163,0.000010712,-0.113634904,0.062395618,0.163777084,-0.384888073
-0.532612987,0.083852472,0.000010706,-0.113575604,0.062356681,0.163685593,-0.384739252
-0.532561492,0.083811490,0.000010700,-0.113515921,0.062317552,0.163593567,-0.384588997
-0.532507584,0.083770218,0.000010694,-0.113455857,0.062278230,0.163501007,-0.384437306
-0.532451262,0.083728655,0.000010688,-0.113395410,0.062238716,0.163407912,-0.384284178
-0.532392522,0.083686801,0.000010681,-0.113334580,0.062199008,0.163314281,-0.384129611
-0.532331362,0.083644656,0.000010675,-0.113273366,0.062159108,0.163220114,-0.383973604
-0.532267780,0.083602218,0.000010669,-0.113211769,0.062119014,0.163125410,-0.383816155
-0.532201773,0.083559489,0.000010662,-0.113149788,0.062078726,0.163030169,-0.383657263
-0.532133337,0.083516468,0.000010656,-0.113087422,0.062038245,0.162934391,-0.383496927
-0.532062472,0.083473153,0.000010649,-0.113024671,0.061997570,0.162838074,-0.383335145
-0.531989174,0.083429546,0.000010643,-0.112961535,0.061956700,0.162741218,-0.383171916
-0.531913441,0.083385646,0.000010636,-0.112898014,0.061915637,0.162643823,-0.383007237
-0.531835270,0.083341453,0.000010630,-0.112834106,0.061874379,0.162545889,-0.382841109
-0.531754658,0.083296965,0.000010623,-0.112769812,0.061832927,0.162447414,-0.382673529
-0.531671604,0.083252184,0.000010617,-0.112705131,0.061791279,0.162348398,-0.382504495
-0.531586104,0.083207108,0.000010610,-0.112640064,0.061749437,0.162248841,-0.382334008
-0.531498155,0.083161738,0.000010603,-0.112574609,0.061707400,0.162148743,-0.382162064
-0.531407757,0.083116073,0.000010596,-0.112508765,0.061665167,0.162048102,-0.381988663
-0.531314905,0.083070113,0.000010590,-0.112442534,0.061622739,0.161946918,-0.381813802
-0.531219597,0.083023857,0.000010583,-0.112375914,0.061580115,0.161845191,-0.381637482
-0.531121831,0.082977306,0.000010576,-0.112308906,0.061537295,0.161742920,-0.381459700
-0.531021605,0.082930458,0.000010569,-0.112241508,0.061494279,0.161640104,-0.381280454
-0.530918915,0.082883315,0.000010562,-0.112173720,0.061451067,0.161536744,-0.381099744
-0.530813759,0.082835874,0.000010555,-0.112105542,0.061407659,0.161432838,-0.380917568
-0.530706134,0.082788137,0.000010548,-0.112036974,0.061364054,0.161328386,-0.380733924
-0.530596039,0.082740103,0.000010541,-0.111968015,0.061320252,0.161223388,-0.380548812
-0.530483470,0.082691771,0.000010534,-0.111898664,0.061276253,0.161117843,-0.380362228
-0.530368425,0.082643142,0.000010527,-0.111828923,0.061232057,0.161011751,-0.380174173
-0.530250901,0.082594215,0.000010520,-0.111758789,0.061187663,0.160905110,-0.379984645
-0.530130896,0.082544989,0.000010513,-0.111688263,0.061143073,0.160797921,-0.379793642
-0.530008407,0.082495465,0.000010506,-0.111617344,0.061098284,0.160690184,-0.379601163
-0.529883432,0.082445642,0.000010498,-0.111546032,0.061053298,0.160581896,-0.379407206
-0.529755967,0.082395519,0.000010491,-0.111474327,0.061008113,0.160473059,-0.379211770
-0.529626012,0.082345098,0.000010484,-0.111402228,0.060962730,0.160363671,-0.379014854
-0.529493562,0.082294376,0.000010477,-0.111329735,0.060917149,0.160253732,-0.378816456
-0.529358616,0.082243355,0.000010469,-0.111256848,0.060871370,0.160143241,-0.378616574
-0.529221171,0.082192033,0.000010462,-0.111183565,0.060825391,0.160032198,-0.378415207
-0.529081224,0.082140411,0.000010454,-0.111109888,0.060779214,0.159920603,-0.378212354
-0.528938773,0.082088488,0.000010447,-0.111035814,0.060732837,0.159808455,-0.378008014
-0.528793816,0.082036264,0.000010439,-0.110961345,0.060686261,0.159695753,-0.377802184
-0.528646349,0.081983738,0.000010432,-0.110886479,0.060639486,0.159582497,-0.377594864
-0.528496370,0.081930911,0.000010424,-0.110811217,0.060592511,0.159468686,-0.377386051
-0.528343876,0.081877782,0.000010417,-0.110735557,0.060545336,0.159354320,-0.377175746
-0.528188866,0.081824350,0.000010409,-0.110659500,0.060497961,0.159239398,-0.376963945
-0.528031336,0.081770616,0.000010401,-0.110583046,0.060450386,0.159123921,-0.376750648
-0.527871285,0.081716579,0.000010393,-0.110506192,0.060402610,0.159007886,-0.376535853
-0.527708708,0.081662239,0.000010386,-0.110428941,0.060354634,0.158891294,-0.376319559
-0.527543605,0.081607595,0.000010378,-0.110351290,0.060306457,0.158774145,-0.376101764
-0.527375971,0.081552648,0.000010370,-0.110273240,0.060258079,0.158656437,-0.375882467
-0.527205806,0.081497397,0.000010362,-0.110194790,0.060209500,0.158538171,-0.375661666
-0.527033105,0.081441842,0.000010354,-0.110115940,0.060160719,0.158419345,-0.375439360
-0.526857868,0.081385982,0.000010346,-0.110036690,0.060111737,0.158299960,-0.375215548
-0.526680090,0.081329817,0.000010338,-0.109957039,0.060062554,0.158180014,-0.374990228
-0.526499770,0.081273347,0.000010330,-0.109876987,0.060013168,0.158059508,-0.374763399
-0.526316905,0.081216571,0.000010322,-0.109796533,0.059963581,0.157938440,-0.374535059
-0.526131492,0.081159490,0.000010314,-0.109715677,0.059913791,0.157816810,-0.374305207
-0.525943529,0.081102103,0.000010306,-0.109634419,0.059863799,0.157694618,-0.374073841
-0.525753013,0.081044410,0.000010298,-0.109552758,0.059813605,0.157571863,-0.373840960
-0.525559943,0.080986410,0.000010290,-0.109470694,0.059763207,0.157448545,-0.373606562
-0.525364314,0.080928103,0.000010281,-0.109388227,0.059712607,0.157324663,-0.373370646
-0.525166125,0.080869490,0.000010273,-0.109305356,0.059661803,0.157200216,-0.373133211
-0.524965373,0.080810568,0.000010265,-0.109222081,0.059610797,0.157075204,-0.372894255
-0.524762056,0.080751340,0.000010257,-0.109138401,0.059559586,0.156949628,-0.372653777
-0.524556171,0.080691803,0.000010248,-0.109054316,0.059508172,0.156823485,-0.372411775
-0.524347715,0.080631958,0.000010240,-0.108969826,0.059456555,0.156696775,-0.372168248
-0.524136686,0.080571804,0.000010231,-0.108884931,0.059404733,0.156569499,-0.371923194
-0.523923082,0.080511341,0.000010223,-0.108799629,0.059352707,0.156441655,-0.371676612
-0.523706899,0.080450570,0.000010214,-0.108713921,0.059300476,0.156313244,-0.371428500
-0.523488136,0.080389489,0.000010206,-0.108627806,0.059248041,0.156184263,-0.371178858
-0.523266789,0.080328098,0.000010197,-0.108541284,0.059195402,0.156054714,-0.370927683
-0.523042856,0.080266398,0.000010188,-0.108454355,0.059142557,0.155924595,-0.370674975
-0.522816335,0.080204387,0.000010180,-0.108367017,0.059089507,0.155793906,-0.370420731
-0.522587223,0.080142065,0.000010171,-0.108279272,0.059036252,0.155662647,-0.370164950
-0.522355518,0.080079433,0.000010162,-0.108191118,0.058982792,0.155530816,-0.369907631
-0.522121216,0.080016490,0.000010154,-0.108102555,0.058929125,0.155398414,-0.369648772
-0.521884316,0.079953235,0.000010145,-0.108013582,0.058875253,0.155265440,-0.369388373
-0.521644815,0.079889668,0.000010136,-0.107924200,0.058821175,0.155131893,-0.369126431
-0.521402710,0.079825790,0.000010127,-0.107834407,0.058766891,0.154997773,-0.368862945
-0.521157999,0.079761599,0.000010118,-0.107744204,0.058712400,0.154863079,-0.368597913
-0.520910679,0.079697096,0.000010109,-0.107653591,0.058657703,0.154727812,-0.368331335
-0.520660747,0.079632280,0.000010100,-0.107562566,0.058602799,0.154591969,-0.368063209
-0.520408202,0.079567151,0.000010091,-0.107471129,0.058547688,0.154455552,-0.367793532
-0.520153040,0.079501709,0.000010082,-0.107379281,0.058492370,0.154318558,-0.367522305
-0.519895259,0.079435953,0.000010073,-0.107287020,0.058436844,0.154180989,-0.367249525
-0.519634857,0.079369882,0.000010064,-0.107194347,0.058381112,0.154042842,-0.366975191
-0.519371830,0.079303498,0.000010054,-0.107101260,0.058325171,0.153904119,-0.366699302
-0.519106177,0.079236799,0.000010045,-0.107007760,0.058269023,0.153764818,-0.366421855
-0.518837895,0.079169786,0.000010036,-0.106913846,0.058212667,0.153624938,-0.366142851
-0.518566980,0.079102457,0.000010027,-0.106819518,0.058156102,0.153484480,-0.365862286
-0.518293432,0.079034813,0.000010017,-0.106724776,0.058099329,0.153343442,-0.365580160
-0.518017246,0.078966853,0.000010008,-0.106629618,0.058042348,0.153201825,-0.365296472
-0.517738422,0.078898577,0.000009998,-0.106534045,0.057985157,0.153059627,-0.365011219
-0.517456955,0.078829985,0.000009989,-0.106438057,0.057927758,0.152916848,-0.364724401
-0.517172843,0.078761077,0.000009979,-0.106341652,0.057870150,0.152773488,-0.364436016
-0.516886085,0.078691851,0.000009970,-0.106244831,0.057812333,0.152629547,-0.364146063
-0.516596677,0.078622309,0.000009960,-0.106147594,0.057754306,0.152485022,-0.363854539
-0.516304616,0.078552449,0.000009951,-0.106049939,0.057696069,0.152339915,-0.363561444
-0.516009901,0.078482272,0.000009941,-0.105951866,0.057637623,0.152194225,-0.363266777
-0.515712529,0.078411776,0.000009931,-0.105853376,0.057578966,0.152047951,-0.362970535
-0.515412497,0.078340962,0.000009922,-0.105754467,0.057520099,0.151901092,-0.362672717
-0.515109802,0.078269830,0.000009912,-0.105655140,0.057461022,0.151753648,-0.362373323
-0.514804442,0.078198379,0.000009902,-0.105555394,0.057401735,0.151605619,-0.362072350
-0.514496415,0.078126609,0.000009892,-0.105455228,0.057342237,0.151457004,-0.361769797
-0.514185718,0.078054520,0.000009882,-0.105354643,0.057282527,0.151307802,-0.361465662
-0.513872348,0.077982111,0.000009873,-0.105253638,0.057222607,0.151158013,-0.361159945
-0.513556303,0.077909382,0.000009863,-0.105152212,0.057162475,0.151007637,-0.360852643
-0.513237581,0.077836333,0.000009853,-0.105050365,0.057102132,0.150856673,-0.360543756
-0.512916178,0.077762963,0.000009843,-0.104948097,0.057041578,0.150705120,-0.360233281
-0.512592092,0.077689272,0.000009833,-0.104845407,0.056980811,0.150552978,-0.359921218
-0.512265321,0.077615261,0.000009822,-0.104742295,0.056919833,0.150400247,-0.359607564
-0.511935862,0.077540928,0.000009812,-0.104638761,0.056858642,0.150246926,-0.359292320
-0.511603713,0.077466273,0.000009802,-0.104534804,0.056797239,0.150093014,-0.358975482
-0.511268870,0.077391297,0.000009792,-0.104430425,0.056735623,0.149938511,-0.358657050
-0.510931332,0.077315998,0.000009782,-0.104325621,0.056673795,0.149783416,-0.358337022
-0.510591096,0.077240377,0.000009771,-0.104220394,0.056611754,0.149627729,-0.358015396
-0.510248159,0.077164433,0.000009761,-0.104114743,0.056549499,0.149471449,-0.357692172
-0.509902519,0.077088165,0.000009751,-0.104008667,0.056487032,0.149314577,-0.357367348
-0.509554173,0.077011575,0.000009740,-0.103902166,0.056424351,0.149157110,-0.357040922
-0.509203119,0.076934661,0.000009730,-0.103795240,0.056361456,0.148999050,-0.356712893
-0.508849354,0.076857423,0.000009719,-0.103687888,0.056298348,0.148840395,-0.356383260
-0.508492876,0.076779860,0.000009709,-0.103580110,0.056235025,0.148681144,-0.356052021
-0.508133681,0.076701974,0.000009698,-0.103471905,0.056171488,0.148521298,-0.355719174
-0.507771768,0.076623762,0.000009688,-0.103363274,0.056107737,0.148360855,-0.355384718
-0.507407134,0.076545225,0.000009677,-0.103254216,0.056043772,0.148199816,-0.355048653
-0.507039776,0.076466363,0.000009666,-0.103144730,0.055979592,0.148038180,-0.354710975
-0.506669692,0.076387176,0.000009656,-0.103034816,0.055915196,0.147875946,-0.354371685
-0.506296880,0.076307662,0.000009645,-0.102924474,0.055850586,0.147713113,-0.354030779
-0.505921336,0.076227822,0.000009634,-0.102813703,0.055785761,0.147549682,-0.353688258
-0.505543058,0.076147656,0.000009623,-0.102702503,0.055720720,0.147385651,-0.353344119
-0.505162043,0.076067163,0.000009612,-0.102590874,0.055655463,0.147221021,-0.352998362
-0.504778290,0.075986343,0.000009601,-0.102478815,0.055589991,0.147055790,-0.352650984
-0.504391796,0.075905195,0.000009591,-0.102366326,0.055524302,0.146889958,-0.352301984
-0.504002557,0.075823720,0.000009580,-0.102253406,0.055458398,0.146723525,-0.351951361
-0.503610571,0.075741917,0.000009569,-0.102140056,0.055392277,0.146556490,-0.351599114
-0.503215837,0.075659786,0.000009557,-0.102026274,0.055325939,0.146388853,-0.351245240
-0.502818351,0.075577326,0.000009546,-0.101912060,0.055259385,0.146220612,-0.350889739
-0.502418110,0.075494538,0.000009535,-0.101797415,0.055192614,0.146051769,-0.350532608
-0.502015113,0.075411420,0.000009524,-0.101682337,0.055125626,0.145882321,-0.350173848
-0.501609356,0.075327973,0.000009513,-0.101566826,0.055058420,0.145712269,-0.349813455
-0.501200838,0.075244197,0.000009502,-0.101450883,0.054990998,0.145541612,-0.349451429
-0.500789555,0.075160090,0.000009490,-0.101334505,0.054923357,0.145370349,-0.349087768
-0.500375505,0.075075654,0.000009479,-0.101217694,0.054855499,0.145198481,-0.348722471
-0.499958685,0.074990887,0.000009468,-0.101100449,0.054787423,0.145026005,-0.348355537
-0.499539093,0.074905789,0.000009456,-0.100982769,0.054719128,0.144852923,-0.347986963
-0.499116727,0.074820360,0.000009445,-0.100864654,0.054650616,0.144679234,-0.347616749
-0.498691583,0.074734600,0.000009433,-0.100746104,0.054581884,0.144504936,-0.347244893
-0.498263660,0.074648508,0.000009422,-0.100627118,0.054512934,0.144330030,-0.346871393
-0.497832954,0.074562084,0.000009410,-0.100507696,0.054443766,0.144154514,-0.346496249
-0.497399463,0.074475328,0.000009399,-0.100387838,0.054374378,0.143978389,-0.346119458
-0.496963185,0.074388239,0.000009387,-0.100267543,0.054304770,0.143801654,-0.345741019
-0.496524117,0.074300818,0.000009375,-0.100146810,0.054234944,0.143624309,-0.345360932
-0.496082257,0.074213064,0.000009363,-0.100025640,0.054164898,0.143446352,-0.344979193
-0.495637601,0.074124976,0.000009352,-0.099904032,0.054094632,0.143267783,-0.344595803
-0.495190148,0.074036555,0.000009340,-0.099781986,0.054024146,0.143088603,-0.344210759
-0.494739894,0.073947800,0.000009328,-0.099659501,0.053953440,0.142908809,-0.343824060
-0.494286838,0.073858711,0.000009316,-0.099536577,0.053882513,0.142728403,-0.343435705
-0.493830976,0.073769287,0.000009304,-0.099413214,0.053811366,0.142547383,-0.343045692
-0.493372307,0.073679528,0.000009292,-0.099289410,0.053739998,0.142365748,-0.342654020
-0.492910827,0.073589435,0.000009280,-0.099165167,0.053668410,0.142183499,-0.342260687
-0.492446534,0.073499006,0.000009268,-0.099040483,0.053596600,0.142000635,-0.341865692
-0.491979426,0.073408241,0.000009256,-0.098915358,0.053524569,0.141817155,-0.341469033
-0.491509500,0.073317141,0.000009244,-0.098789792,0.053452317,0.141633058,-0.341070709
-0.491036753,0.073225704,0.000009232,-0.098663784,0.053379843,0.141448345,-0.340670719
-0.490561183,0.073133931,0.000009220,-0.098537334,0.053307148,0.141263015,-0.340269060
-0.490082787,0.073041821,0.000009207,-0.098410442,0.053234230,0.141077066,-0.339865733
-0.489601563,0.072949374,0.000009195,-0.098283107,0.053161090,0.140890500,-0.339460734
-0.489117508,0.072856590,0.000009183,-0.098155329,0.053087728,0.140703314,-0.339054064
-0.488630620,0.072763468,0.000009170,-0.098027108,0.053014143,0.140515510,-0.338645719
-0.488140896,0.072670009,0.000009158,-0.097898442,0.052940336,0.140327085,-0.338235700
-0.487648333,0.072576211,0.000009146,-0.097769332,0.052866306,0.140138040,-0.337824004
-0.487152929,0.072482074,0.000009133,-0.097639778,0.052792053,0.139948374,-0.337410630
-0.486654682,0.072387599,0.000009121,-0.097509779,0.052717576,0.139758087,-0.336995576
-0.486153589,0.072292785,0.000009108,-0.097379334,0.052642876,0.139567177,-0.336578842
-0.485649647,0.072197632,0.000009095,-0.097248444,0.052567953,0.139375646,-0.336160425
-0.485142854,0.072102139,0.000009083,-0.097117107,0.052492806,0.139183491,-0.335740324
-0.484633207,0.072006306,0.000009070,-0.096985324,0.052417434,0.138990713,-0.335318539
-0.484120703,0.071910133,0.000009057,-0.096853094,0.052341839,0.138797311,-0.334895066
-0.483605341,0.071813619,0.000009045,-0.096720417,0.052266019,0.138603284,-0.334469906
-0.483087118,0.071716765,0.000009032,-0.096587292,0.052189975,0.138408633,-0.334043056
-0.482566030,0.071619569,0.000009019,-0.096453720,0.052113706,0.138213356,-0.333614514
-0.482042076,0.071522033,0.000009006,-0.096319699,0.052037213,0.138017453,-0.333184281
-0.481515253,0.071424154,0.000008993,-0.096185229,0.051960494,0.137820923,-0.332752353
-0.480985558,0.071325934,0.000008980,-0.096050310,0.051883550,0.137623766,-0.332318731
-0.480452989,0.071227372,0.000008967,-0.095914942,0.051806380,0.137425982,-0.331883411
-0.479917543,0.071128467,0.000008954,-0.095779124,0.051728985,0.137227570,-0.331446394
-0.479379218,0.071029220,0.000008941,-0.095642856,0.051651364,0.137028529,-0.331007676
-0.478838011,0.070929629,0.000008928,-0.095506137,0.051573518,0.136828859,-0.330567258
-0.478293920,0.070829695,0.000008915,-0.095368967,0.051495445,0.136628559,-0.330125137
-0.477746941,0.070729418,0.000008901,-0.095231346,0.051417146,0.136427629,-0.329681312
-0.477197074,0.070628797,0.000008888,-0.095093274,0.051338620,0.136226069,-0.329235782
-0.476644314,0.070527831,0.000008875,-0.094954749,0.051259868,0.136023877,-0.328788545
-0.476088659,0.070426521,0.000008862,-0.094815772,0.051180888,0.135821054,-0.328339599
-0.475530108,0.070324867,0.000008848,-0.094676342,0.051101682,0.135617599,-0.327888944
-0.474968656,0.070222867,0.000008835,-0.094536459,0.051022249,0.135413511,-0.327436578
-0.474404303,0.070120522,0.000008821,-0.094396122,0.050942588,0.135208789,-0.326982499
-0.473837045,0.070017832,0.000008808,-0.094255332,0.050862699,0.135003434,-0.326526706
-0.473266879,0.069914795,0.000008794,-0.094114087,0.050782583,0.134797445,-0.326069197
-0.472693803,0.069811413,0.000008781,-0.093972388,0.050702239,0.134590821,-0.325609972
-0.472117815,0.069707684,0.000008767,-0.093830233,0.050621667,0.134383561,-0.325149028
-0.471538912,0.069603608,0.000008753,-0.093687623,0.050540866,0.134175666,-0.324686364
-0.470957091,0.069499185,0.000008740,-0.093544558,0.050459837,0.133967135,-0.324221979
-0.470372350,0.069394415,0.000008726,-0.093401036,0.050378579,0.133757966,-0.323755871
-0.469784687,0.069289298,0.000008712,-0.093257058,0.050297093,0.133548161,-0.323288040
-0.469194098,0.069183832,0.000008698,-0.093112623,0.050215377,0.133337717,-0.322818482
-0.468600582,0.069078019,0.000008685,-0.092967731,0.050133432,0.133126636,-0.322347198
-0.468004135,0.068971857,0.000008671,-0.092822381,0.050051258,0.132914915,-0.321874185
-0.467404755,0.068865346,0.000008657,-0.092676573,0.049968854,0.132702555,-0.321399442
-0.466802440,0.068758486,0.000008643,-0.092530307,0.049886220,0.132489555,-0.320922968
-0.466197187,0.068651277,0.000008629,-0.092383582,0.049803357,0.132275915,-0.320444761
-0.465588993,0.068543718,0.000008615,-0.092236398,0.049720263,0.132061633,-0.319964820
-0.464977857,0.068435810,0.000008600,-0.092088754,0.049636939,0.131846711,-0.319483143
-0.464363774,0.068327551,0.000008586,-0.091940651,0.049553385,0.131631146,-0.318999729
-0.463746744,0.068218942,0.000008572,-0.091792087,0.049469600,0.131414939,-0.318514576
-0.463126763,0.068109982,0.000008558,-0.091643063,0.049385584,0.131198089,-0.318027684
-0.462503828,0.068000671,0.000008544,-0.091493578,0.049301337,0.130980595,-0.317539050
-0.461877938,0.067891009,0.000008529,-0.091343632,0.049216859,0.130762458,-0.317048673
-0.461249089,0.067780996,0.000008515,-0.091193223,0.049132149,0.130543676,-0.316556551
-0.460617279,0.067670630,0.000008500,-0.091042353,0.049047208,0.130324249,-0.316062684
-0.459982506,0.067559912,0.000008486,-0.090891021,0.048962035,0.130104176,-0.315567070
-0.459344766,0.067448842,0.000008472,-0.090739225,0.048876630,0.129883458,-0.315069707
-0.458704058,0.067337420,0.000008457,-0.090586967,0.048790993,0.129662092,-0.314570594
-0.458060379,0.067225644,0.000008442,-0.090434245,0.048705124,0.129440080,-0.314069730
-0.457413727,0.067113515,0.000008428,-0.090281058,0.048619022,0.129217420,-0.313567112
-0.456764098,0.067001032,0.000008413,-0.090127408,0.048532688,0.128994112,-0.313062740
-0.456111490,0.066888196,0.000008398,-0.089973293,0.048446121,0.128770155,-0.312556612
-0.455455901,0.066775005,0.000008384,-0.089818713,0.048359321,0.128545550,-0.312048727
-0.454797327,0.066661460,0.000008369,-0.089663668,0.048272287,0.128320294,-0.311539083
-0.454135768,0.066547560,0.000008354,-0.089508156,0.048185021,0.128094389,-0.311027679
-0.453471219,0.066433305,0.000008339,-0.089352179,0.048097520,0.127867832,-0.310514514
-0.452803679,0.066318695,0.000008324,-0.089195735,0.048009786,0.127640625,-0.309999585
-0.452133145,0.066203730,0.000008309,-0.089038824,0.047921818,0.127412766,-0.309482892
-0.451459614,0.066088408,0.000008294,-0.088881446,0.047833616,0.127184254,-0.308964432
-0.450783084,0.065972731,0.000008279,-0.088723601,0.047745180,0.126955090,-0.308444206
-0.450103552,0.065856697,0.000008264,-0.088565287,0.047656509,0.126725273,-0.307922210
-0.449421015,0.065740306,0.000008249,-0.088406505,0.047567603,0.126494802,-0.307398444
-0.448735472,0.065623559,0.000008234,-0.088247254,0.047478463,0.126263676,-0.306872907
-0.448046920,0.065506454,0.000008219,-0.088087534,0.047389088,0.126031896,-0.306345596
-0.447355355,0.065388991,0.000008204,-0.087927345,0.047299477,0.125799461,-0.305816511
-0.446660776,0.065271171,0.000008188,-0.087766685,0.047209631,0.125566369,-0.305285650
-0.445963180,0.065152992,0.000008173,-0.087605556,0.047119550,0.125332622,-0.304753011
-0.445262564,0.065034456,0.000008158,-0.087443956,0.047029232,0.125098217,-0.304218593
-0.444558926,0.064915560,0.000008142,-0.087281885,0.046938679,0.124863155,-0.303682395
-0.443852263,0.064796305,0.000008127,-0.087119342,0.046847890,0.124627436,-0.303144415
-0.443142573,0.064676692,0.000008111,-0.086956328,0.046756865,0.124391058,-0.302604652
-0.442429853,0.064556718,0.000008096,-0.086792842,0.046665603,0.124154021,-0.302063104
-0.441714101,0.064436385,0.000008080,-0.086628883,0.046574104,0.123916324,-0.301519770
-0.440995314,0.064315692,0.000008064,-0.086464452,0.046482369,0.123677968,-0.300974648
-0.440273489,0.064194638,0.000008049,-0.086299547,0.046390396,0.123438952,-0.300427738
-0.439548625,0.064073224,0.000008033,-0.086134169,0.046298187,0.123199274,-0.299879036
-0.438820717,0.063951448,0.000008017,-0.085968317,0.046205740,0.122958935,-0.299328543
-0.438089765,0.063829312,0.000008002,-0.085801990,0.046113055,0.122717934,-0.298776257
-0.437355764,0.063706814,0.000007986,-0.085635189,0.046020133,0.122476270,-0.298222176
-0.436618714,0.063583954,0.000007970,-0.085467913,0.045926973,0.122233944,-0.297666298
-0.435878611,0.063460732,0.000007954,-0.085300161,0.045833574,0.121990953,-0.297108623
-0.435135452,0.063337147,0.000007938,-0.085131934,0.045739938,0.121747299,-0.296549149
-0.434389236,0.063213200,0.000007922,-0.084963230,0.045646063,0.121502981,-0.295987875
-0.433639959,0.063088890,0.000007906,-0.084794050,0.045551949,0.121257997,-0.295424798
-0.432887618,0.062964216,0.000007890,-0.084624393,0.045457597,0.121012348,-0.294859918
-0.432132213,0.062839179,0.000007874,-0.084454258,0.045363005,0.120766032,-0.294293233
-0.431373739,0.062713779,0.000007857,-0.084283646,0.045268175,0.120519050,-0.293724741
-0.430612195,0.062588014,0.000007841,-0.084112556,0.045173105,0.120271401,-0.293154442
-0.429847577,0.062461884,0.000007825,-0.083940988,0.045077795,0.120023085,-0.292582334
-0.429079884,0.062335390,0.000007809,-0.083768941,0.044982246,0.119774100,-0.292008415
-0.428309112,0.062208532,0.000007792,-0.083596414,0.044886457,0.119524446,-0.291432684
-0.427535260,0.062081307,0.000007776,-0.083423409,0.044790428,0.119274124,-0.290855139
-0.426758324,0.061953718,0.000007759,-0.083249923,0.044694158,0.119023131,-0.290275779
-0.425978302,0.061825762,0.000007743,-0.083075957,0.044597648,0.118771469,-0.289694603
-0.425195191,0.061697441,0.000007726,-0.082901510,0.044500898,0.118519136,-0.289111609
-0.424408990,0.061568753,0.000007710,-0.082726583,0.044403906,0.118266131,-0.288526796
-0.423619694,0.061439698,0.000007693,-0.082551174,0.044306674,0.118012455,-0.287940162
-0.422827303,0.061310276,0.000007677,-0.082375283,0.044209200,0.117758107,-0.287351706
-0.422031813,0.061180487,0.000007660,-0.082198910,0.044111486,0.117503085,-0.286761426
-0.421233221,0.061050331,0.000007643,-0.082022055,0.044013529,0.117247391,-0.286169322
-0.420431526,0.060919807,0.000007626,-0.081844717,0.043915331,0.116991023,-0.285575390
-0.419626724,0.060788914,0.000007609,-0.081666895,0.043816891,0.116733980,-0.284979631
-0.418818814,0.060657654,0.000007593,-0.081488591,0.043718209,0.116476263,-0.284382042
-0.418007792,0.060526024,0.000007576,-0.081309802,0.043619285,0.116217870,-0.283782623
-0.417193655,0.060394026,0.000007559,-0.081130528,0.043520118,0.115958802,-0.283181371
-0.416376403,0.060261658,0.000007542,-0.080950770,0.043420708,0.115699057,-0.282578286
-0.415556031,0.060128921,0.000007525,-0.080770527,0.043321056,0.115438635,-0.281973365
-0.414732537,0.059995814,0.000007508,-0.080589799,0.043221161,0.115177536,-0.281366608
-0.413905919,0.059862337,0.000007490,-0.080408585,0.043121023,0.114915759,-0.280758013
-0.413076175,0.059728490,0.000007473,-0.080226884,0.043020641,0.114653304,-0.280147578
-0.412243301,0.059594272,0.000007456,-0.080044697,0.042920016,0.114390169,-0.279535302
-0.411407295,0.059459683,0.000007439,-0.079862023,0.042819147,0.114126356,-0.278921184
-0.410568154,0.059324723,0.000007421,-0.079678862,0.042718034,0.113861862,-0.278305222
-0.409725877,0.059189391,0.000007404,-0.079495213,0.042616677,0.113596688,-0.277687415
-0.408880460,0.059053687,0.000007387,-0.079311076,0.042515076,0.113330833,-0.277067762
-0.408031901,0.058917612,0.000007369,-0.079126451,0.042413230,0.113064296,-0.276446260
-0.407180197,0.058781164,0.000007352,-0.078941337,0.042311140,0.112797077,-0.275822908
-0.406325346,0.058644343,0.000007334,-0.078755733,0.042208805,0.112529176,-0.275197706
-0.405467345,0.058507150,0.000007317,-0.078569640,0.042106225,0.112260592,-0.274570651
-0.404606192,0.058369583,0.000007299,-0.078383058,0.042003400,0.111991324,-0.273941742
-0.403741884,0.058231642,0.000007281,-0.078195985,0.041900329,0.111721372,-0.273310978
-0.402874419,0.058093328,0.000007264,-0.078008421,0.041797013,0.111450736,-0.272678357
-0.402003794,0.057954640,0.000007246,-0.077820366,0.041693452,0.111179415,-0.272043877
-0.401130006,0.057815578,0.000007228,-0.077631820,0.041589644,0.110907408,-0.271407539
-0.400253053,0.057676140,0.000007210,-0.077442782,0.041485591,0.110634714,-0.270769339
-0.399372932,0.057536328,0.000007192,-0.077253252,0.041381291,0.110361335,-0.270129276
-0.398489641,0.057396141,0.000007174,-0.077063230,0.041276744,0.110087268,-0.269487350
-0.397603178,0.057255578,0.000007156,-0.076872715,0.041171952,0.109812513,-0.268843558
-0.396713539,0.057114639,0.000007138,-0.076681706,0.041066912,0.109537071,-0.268197899
-0.395820722,0.056973324,0.000007120,-0.076490204,0.040961625,0.109260939,-0.267550372
-0.394924725,0.056831633,0.000007102,-0.076298208,0.040856091,0.108984119,-0.266900975
-0.394025545,0.056689565,0.000007084,-0.076105717,0.040750310,0.108706608,-0.266249707
-0.393123180,0.056547121,0.000007066,-0.075912732,0.040644282,0.108428408,-0.265596566
-0.392217626,0.056404299,0.000007048,-0.075719252,0.040538005,0.108149516,-0.264941551
-0.391308882,0.056261099,0.000007029,-0.075525276,0.040431481,0.107869934,-0.264284661
-0.390396945,0.056117522,0.000007011,-0.075330804,0.040324709,0.107589660,-0.263625893
-0.389481812,0.055973567,0.000006993,-0.075135836,0.040217688,0.107308693,-0.262965248
-0.388563481,0.055829233,0.000006974,-0.074940372,0.040110419,0.107027034,-0.262302722
-0.387641949,0.055684521,0.000006956,-0.074744411,0.040002902,0.106744681,-0.261638315
-0.386717213,0.055539430,0.000006937,-0.074547952,0.039895136,0.106461635,-0.260972026
-0.385789272,0.055393959,0.000006919,-0.074350996,0.039787120,0.106177894,-0.260303852
-0.384858122,0.055248109,0.000006900,-0.074153541,0.039678856,0.105893459,-0.259633793
-0.383923761,0.055101880,0.000006881,-0.073955588,0.039570342,0.105608328,-0.258961846
-0.382986187,0.054955270,0.000006863,-0.073757137,0.039461579,0.105322501,-0.258288011
-0.382045397,0.054808280,0.000006844,-0.073558186,0.039352566,0.105035978,-0.257612286
-0.381101388,0.054660909,0.000006825,-0.073358735,0.039243303,0.104748757,-0.256934670
-0.380154157,0.054513157,0.000006806,-0.073158785,0.039133790,0.104460840,-0.256255161
-0.379203703,0.054365024,0.000006788,-0.072958334,0.039024027,0.104172225,-0.255573758
-0.378250023,0.054216510,0.000006769,-0.072757383,0.038914014,0.103882911,-0.254890459
-0.377293113,0.054067614,0.000006750,-0.072555931,0.038803750,0.103592898,-0.254205262
-0.376332973,0.053918336,0.000006731,-0.072353977,0.038693235,0.103302186,-0.253518168
-0.375369598,0.053768675,0.000006712,-0.072151521,0.038582469,0.103010773,-0.252829173
-0.374402987,0.053618632,0.000006693,-0.071948564,0.038471452,0.102718661,-0.252138276
-0.373433137,0.053468206,0.000006673,-0.071745103,0.038360184,0.102425847,-0.251445477
-0.372460045,0.053317397,0.000006654,-0.071541140,0.038248664,0.102132332,-0.250750774
-0.371483708,0.053166204,0.000006635,-0.071336674,0.038136893,0.101838114,-0.250054164
-0.370504126,0.053014627,0.000006616,-0.071131704,0.038024869,0.101543194,-0.249355648
-0.369521293,0.052862667,0.000006596,-0.070926230,0.037912594,0.101247572,-0.248655222
-0.368535209,0.052710322,0.000006577,-0.070720252,0.037800067,0.100951245,-0.247952887
-0.367545871,0.052557592,0.000006558,-0.070513769,0.037687287,0.100654215,-0.247248640
-0.366553276,0.052404477,0.000006538,-0.070306780,0.037574254,0.100356479,-0.246542480
-0.365557421,0.052250978,0.000006519,-0.070099287,0.037460969,0.100058039,-0.245834405
-0.364558304,0.052097093,0.000006499,-0.069891287,0.037347430,0.099758893,-0.245124415
-0.363555923,0.051942822,0.000006479,-0.069682781,0.037233639,0.099459041,-0.244412507
-0.362550274,0.051788165,0.000006460,-0.069473769,0.037119594,0.099158483,-0.243698681
-0.361541356,0.051633121,0.000006440,-0.069264250,0.037005296,0.098857217,-0.242982934
-0.360529165,0.051477691,0.000006420,-0.069054223,0.036890744,0.098555243,-0.242265266
-0.359513700,0.051321875,0.000006401,-0.068843689,0.036775939,0.098252562,-0.241545675
-0.358494957,0.051165670,0.000006381,-0.068632646,0.036660879,0.097949171,-0.240824159
-0.357472935,0.051009079,0.000006361,-0.068421095,0.036545565,0.097645072,-0.240100717
-0.356447630,0.050852100,0.000006341,-0.068209035,0.036429997,0.097340262,-0.239375347
-0.355419039,0.050694732,0.000006321,-0.067996466,0.036314174,0.097034743,-0.238648049
-0.354387162,0.050536977,0.000006301,-0.067783388,0.036198096,0.096728512,-0.237918821
-0.353351994,0.050378832,0.000006281,-0.067569799,0.036081763,0.096421571,-0.237187660
-0.352313534,0.050220299,0.000006261,-0.067355700,0.035965176,0.096113917,-0.236454567
-0.351271778,0.050061377,0.000006241,-0.067141091,0.035848333,0.095805551,-0.235719539
-0.350226725,0.049902065,0.000006221,-0.066925970,0.035731234,0.095496473,-0.234982575
-0.349178371,0.049742363,0.000006200,-0.066710338,0.035613880,0.095186681,-0.234243673
-0.348126714,0.049582272,0.000006180,-0.066494195,0.035496270,0.094876175,-0.233502832
-0.347071752,0.049421790,0.000006160,-0.066277539,0.035378404,0.094564955,-0.232760051
-0.346013482,0.049260917,0.000006139,-0.066060370,0.035260281,0.094253020,-0.232015328
-0.344951902,0.049099654,0.000006119,-0.065842689,0.035141903,0.093940370,-0.231268662
-0.343887008,0.048937999,0.000006098,-0.065624494,0.035023268,0.093627004,-0.230520051
-0.342818799,0.048775953,0.000006078,-0.065405786,0.034904376,0.093312921,-0.229769494
-0.341747272,0.048613515,0.000006057,-0.065186563,0.034785227,0.092998121,-0.229016989
-0.340672423,0.048450685,0.000006037,-0.064966827,0.034665821,0.092682604,-0.228262536
-0.339594252,0.048287463,0.000006016,-0.064746575,0.034546157,0.092366370,-0.227506132
-0.338512755,0.048123848,0.000005995,-0.064525808,0.034426236,0.092049416,-0.226747775
-0.337427929,0.047959841,0.000005975,-0.064304526,0.034306058,0.091731744,-0.225987466
-0.336339772,0.047795440,0.000005954,-0.064082728,0.034185622,0.091413352,-0.225225202
-0.335248282,0.047630646,0.000005933,-0.063860414,0.034064927,0.091094240,-0.224460981
-0.334153456,0.047465457,0.000005912,-0.063637583,0.033943975,0.090774408,-0.223694803
-0.333055292,0.047299875,0.000005891,-0.063414235,0.033822764,0.090453854,-0.222926665
-0.331953786,0.047133899,0.000005870,-0.063190370,0.033701294,0.090132579,-0.222156567
-0.330848936,0.046967528,0.000005849,-0.062965987,0.033579566,0.089810582,-0.221384507
-0.329740740,0.046800762,0.000005828,-0.062741086,0.033457579,0.089487863,-0.220610484
-0.328629196,0.046633601,0.000005807,-0.062515666,0.033335333,0.089164420,-0.219834495
-0.327514300,0.046466044,0.000005786,-0.062289728,0.033212827,0.088840254,-0.219056541
-0.326396050,0.046298092,0.000005765,-0.062063270,0.033090062,0.088515363,-0.218276618
-0.325274443,0.046129744,0.000005743,-0.061836293,0.032967038,0.088189748,-0.217494726
-0.324149478,0.045960999,0.000005722,-0.061608795,0.032843753,0.087863408,-0.216710864
-0.323021151,0.045791858,0.000005701,-0.061380778,0.032720209,0.087536342,-0.215925029
-0.321889460,0.045622320,0.000005679,-0.061152240,0.032596404,0.087208550,-0.215137221
-0.320754402,0.045452385,0.000005658,-0.060923180,0.032472339,0.086880032,-0.214347438
-0.319615976,0.045282052,0.000005636,-0.060693600,0.032348013,0.086550786,-0.213555678
-0.318474177,0.045111322,0.000005615,-0.060463497,0.032223427,0.086220812,-0.212761941
-0.317329004,0.044940193,0.000005593,-0.060232872,0.032098579,0.085890110,-0.211966224
-0.316180454,0.044768666,0.000005572,-0.060001725,0.031973471,0.085558680,-0.211168527
-0.315028525,0.044596741,0.000005550,-0.059770055,0.031848101,0.085226520,-0.210368847
-0.313873214,0.044424417,0.000005528,-0.059537861,0.031722470,0.084893630,-0.209567183
-0.312714518,0.044251694,0.000005507,-0.059305144,0.031596578,0.084560011,-0.208763535
-0.311552435,0.044078571,0.000005485,-0.059071902,0.031470423,0.084225660,-0.207957900
-0.310386962,0.043905048,0.000005463,-0.058838137,0.031344006,0.083890578,-0.207150277
-0.309218098,0.043731126,0.000005441,-0.058603846,0.031217328,0.083554764,-0.206340665
-0.308045838,0.043556803,0.000005419,-0.058369030,0.031090386,0.083218218,-0.205529061
-0.306870182,0.043382079,0.000005397,-0.058133689,0.030963183,0.082880940,-0.204715466
-0.305691125,0.043206955,0.000005375,-0.057897822,0.030835716,0.082542927,-0.203899876
-0.304508666,0.043031430,0.000005353,-0.057661429,0.030707987,0.082204181,-0.203082292
-0.303322802,0.042855503,0.000005331,-0.057424509,0.030579994,0.081864701,-0.202262711
-0.302133531,0.042679174,0.000005308,-0.057187062,0.030451739,0.081524485,-0.201441132
-0.300940850,0.042502443,0.000005286,-0.056949087,0.030323220,0.081183535,-0.200617553
-0.299744756,0.042325311,0.000005264,-0.056710585,0.030194437,0.080841848,-0.199791973
-0.298545247,0.042147775,0.000005242,-0.056471555,0.030065390,0.080499425,-0.198964391
-0.297342320,0.041969837,0.000005219,-0.056231996,0.029936079,0.080156265,-0.198134806
-0.296135973,0.041791495,0.000005197,-0.055991908,0.029806505,0.079812367,-0.197303214
-0.294926203,0.041612750,0.000005174,-0.055751292,0.029676665,0.079467731,-0.196469617
-0.293713008,0.041433602,0.000005152,-0.055510145,0.029546562,0.079122357,-0.195634011
-0.292496385,0.041254049,0.000005129,-0.055268469,0.029416193,0.078776244,-0.194796395
-0.291276331,0.041074092,0.000005106,-0.055026262,0.029285560,0.078429392,-0.193956768
-0.290052844,0.040893730,0.000005084,-0.054783524,0.029154662,0.078081799,-0.193115129
-0.288825922,0.040712964,0.000005061,-0.054540255,0.029023498,0.077733466,-0.192271476
-0.287595562,0.040531793,0.000005038,-0.054296455,0.028892069,0.077384392,-0.191425808
-0.286361761,0.040350216,0.000005016,-0.054052123,0.028760374,0.077034576,-0.190578123
-0.285124517,0.040168233,0.000004993,-0.053807259,0.028628413,0.076684018,-0.189728419
-0.283883827,0.039985844,0.000004970,-0.053561862,0.028496187,0.076332718,-0.188876696
-0.282639689,0.039803049,0.000004947,-0.053315933,0.028363694,0.075980674,-0.188022952
-0.281392100,0.039619848,0.000004924,-0.053069470,0.028230935,0.075627887,-0.187167185
-0.280141057,0.039436239,0.000004901,-0.052822473,0.028097909,0.075274355,-0.186309394
-0.278886559,0.039252224,0.000004878,-0.052574942,0.027964617,0.074920079,-0.185449578
-0.277628602,0.039067801,0.000004854,-0.052326877,0.027831058,0.074565058,-0.184587734
-0.276367184,0.038882970,0.000004831,-0.052078277,0.027697231,0.074209291,-0.183723863
-0.275102302,0.038697732,0.000004808,-0.051829141,0.027563138,0.073852778,-0.182857961
-0.273833954,0.038512085,0.000004785,-0.051579471,0.027428777,0.073495519,-0.181990029
-0.272562138,0.038326029,0.000004761,-0.051329264,0.027294148,0.073137512,-0.181120064
-0.271286850,0.038139565,0.000004738,-0.051078521,0.027159252,0.072778757,-0.180248064
-0.270008088,0.037952692,0.000004714,-0.050827241,0.027024087,0.072419254,-0.179374029
-0.268725850,0.037765409,0.000004691,-0.050575425,0.026888655,0.072059002,-0.178497957
-0.267440133,0.037577716,0.000004667,-0.050323070,0.026752954,0.071698001,-0.177619847
-0.266150934,0.037389614,0.000004644,-0.050070179,0.026616984,0.071336250,-0.176739697
-0.264858252,0.037201101,0.000004620,-0.049816748,0.026480746,0.070973749,-0.175857505
-0.263562082,0.037012177,0.000004597,-0.049562780,0.026344239,0.070610497,-0.174973271
-0.262262424,0.036822843,0.000004573,-0.049308272,0.026207463,0.070246494,-0.174086993
-0.260959274,0.036633098,0.000004549,-0.049053226,0.026070417,0.069881739,-0.173198669
-0.259652630,0.036442941,0.000004525,-0.048797639,0.025933103,0.069516232,-0.172308297
-0.258342489,0.036252373,0.000004501,-0.048541513,0.025795518,0.069149971,-0.171415878
-0.257028848,0.036061392,0.000004477,-0.048284846,0.025657664,0.068782958,-0.170521408
-0.255711706,0.035870000,0.000004453,-0.048027639,0.025519540,0.068415190,-0.169624887
-0.254391059,0.035678194,0.000004429,-0.047769890,0.025381145,0.068046668,-0.168726313
-0.253066906,0.035485976,0.000004405,-0.047511600,0.025242481,0.067677391,-0.167825685
-0.251739242,0.035293345,0.000004381,-0.047252768,0.025103545,0.067307359,-0.166923001
-0.250408067,0.035100300,0.000004357,-0.046993394,0.024964339,0.066936571,-0.166018260
-0.249073377,0.034906842,0.000004333,-0.046733477,0.024824863,0.066565026,-0.165111460
-0.247735169,0.034712970,0.000004309,-0.046473018,0.024685115,0.066192724,-0.164202600
-0.246393442,0.034518683,0.000004284,-0.046212015,0.024545096,0.065819665,-0.163291679
-0.245048193,0.034323982,0.000004260,-0.045950468,0.024404805,0.065445847,-0.162378695
-0.243699419,0.034128866,0.000004235,-0.045688377,0.024264243,0.065071272,-0.161463646
-0.242347117,0.033933335,0.000004211,-0.045425742,0.024123409,0.064695937,-0.160546531
-0.240991285,0.033737389,0.000004186,-0.045162561,0.023982303,0.064319842,-0.159627350
-0.239631921,0.033541026,0.000004162,-0.044898836,0.023840925,0.063942988,-0.158706099
-0.238269022,0.033344248,0.000004137,-0.044634565,0.023699274,0.063565373,-0.157782779
-0.236902585,0.033147054,0.000004113,-0.044369748,0.023557352,0.063186997,-0.156857387
-0.235532608,0.032949443,0.000004088,-0.044104385,0.023415156,0.062807859,-0.155929921
-0.234159088,0.032751415,0.000004063,-0.043838475,0.023272687,0.062427960,-0.155000382
-0.232782023,0.032552971,0.000004038,-0.043572018,0.023129946,0.062047297,-0.154068766
-0.231401410,0.032354108,0.000004013,-0.043305014,0.022986931,0.061665872,-0.153135073
-0.230017247,0.032154828,0.000003989,-0.043037462,0.022843643,0.061283682,-0.152199302
-0.228629531,0.031955130,0.000003964,-0.042769361,0.022700081,0.060900729,-0.151261450
-0.227238259,0.031755014,0.000003939,-0.042500712,0.022556245,0.060517011,-0.150321516
-0.225843429,0.031554480,0.000003914,-0.042231515,0.022412136,0.060132528,-0.149379499
-0.224445039,0.031353526,0.000003888,-0.041961768,0.022267752,0.059747279,-0.148435398
-0.223043085,0.031152154,0.000003863,-0.041691471,0.022123094,0.059361263,-0.147489210
-0.221637566,0.030950362,0.000003838,-0.041420624,0.021978162,0.058974481,-0.146540936
-0.220228479,0.030748150,0.000003813,-0.041149227,0.021832954,0.058586932,-0.145590572
-0.218815821,0.030545518,0.000003788,-0.040877279,0.021687472,0.058198615,-0.144638118
-0.217399589,0.030342466,0.000003762,-0.040604780,0.021541715,0.057809530,-0.143683572
-0.215979782,0.030138994,0.000003737,-0.040331729,0.021395683,0.057419676,-0.142726933
-0.214556396,0.029935101,0.000003711,-0.040058127,0.021249375,0.057029053,-0.141768199
-0.213129429,0.029730786,0.000003686,-0.039783972,0.021102792,0.056637660,-0.140807370
-0.211698878,0.029526051,0.000003660,-0.039509265,0.020955932,0.056245496,-0.139844442
-0.210264742,0.029320893,0.000003635,-0.039234005,0.020808797,0.055852562,-0.138879416
-0.208827016,0.029115314,0.000003609,-0.038958191,0.020661386,0.055458856,-0.137912289
-0.207385700,0.028909312,0.000003583,-0.038681824,0.020513698,0.055064379,-0.136943061
-0.205940790,0.028702888,0.000003558,-0.038404902,0.020365734,0.054669129,-0.135971729
-0.204492283,0.028496041,0.000003532,-0.038127426,0.020217494,0.054273106,-0.134998292
-0.203040178,0.028288771,0.000003506,-0.037849395,0.020068976,0.053876310,-0.134022749
-0.201584471,0.028081078,0.000003480,-0.037570809,0.019920181,0.053478739,-0.133045099
-0.200125160,0.027872961,0.000003454,-0.037291667,0.019771110,0.053080395,-0.132065339
-0.198662243,0.027664420,0.000003428,-0.037011970,0.019621760,0.052681275,-0.131083469
-0.197195716,0.027455455,0.000003402,-0.036731716,0.019472133,0.052281380,-0.130099487
-0.195725578,0.027246065,0.000003376,-0.036450905,0.019322229,0.051880709,-0.129113392
-0.194251826,0.027036250,0.000003350,-0.036169537,0.019172046,0.051479262,-0.128125182
-0.192774457,0.026826011,0.000003324,-0.035887612,0.019021585,0.051077037,-0.127134855
-0.191293469,0.026615346,0.000003297,-0.035605129,0.018870846,0.050674035,-0.126142411
-0.189808859,0.026404255,0.000003271,-0.035322088,0.018719829,0.050270255,-0.125147848
-0.188320625,0.026192738,0.000003245,-0.035038488,0.018568533,0.049865696,-0.124151164
-0.186828763,0.025980796,0.000003218,-0.034754330,0.018416958,0.049460359,-0.123152357
-0.185333272,0.025768426,0.000003192,-0.034469612,0.018265104,0.049054242,-0.122151428
-0.183834150,0.025555630,0.000003165,-0.034184334,0.018112970,0.048647344,-0.121148373
-0.182331392,0.025342407,0.000003139,-0.033898496,0.017960558,0.048239666,-0.120143193
-0.180824998,0.025128756,0.000003112,-0.033612098,0.017807865,0.047831207,-0.119135884
-0.179314963,0.024914678,0.000003086,-0.033325139,0.017654893,0.047421967,-0.118126446
-0.177801287,0.024700172,0.000003059,-0.033037619,0.017501641,0.047011944,-0.117114877
-0.176283965,0.024485237,0.000003032,-0.032749537,0.017348109,0.046601138,-0.116101177
-0.174762997,0.024269874,0.000003005,-0.032460894,0.017194297,0.046189550,-0.115085342
-0.173238378,0.024054083,0.000002978,-0.032171688,0.017040204,0.045777177,-0.114067373
-0.171710107,0.023837862,0.000002952,-0.031881920,0.016885830,0.045364021,-0.113047267
-0.170178181,0.023621212,0.000002925,-0.031591588,0.016731176,0.044950080,-0.112025023
-0.168642597,0.023404132,0.000002898,-0.031300693,0.016576240,0.044535353,-0.111000640
-0.167103354,0.023186622,0.000002871,-0.031009235,0.016421024,0.044119841,-0.109974116
-0.165560447,0.022968682,0.000002843,-0.030717212,0.016265526,0.043703542,-0.108945450
-0.164013876,0.022750311,0.000002816,-0.030424625,0.016109746,0.043286457,-0.107914640
-0.162463636,0.022531510,0.000002789,-0.030131473,0.015953685,0.042868585,-0.106881685
-0.160909727,0.022312278,0.000002762,-0.029837755,0.015797341,0.042449924,-0.105846584
-0.159352144,0.022092614,0.000002734,-0.029543473,0.015640716,0.042030476,-0.104809334
-0.157790886,0.021872519,0.000002707,-0.029248624,0.015483808,0.041610238,-0.103769936
-0.156225950,0.021651991,0.000002680,-0.028953208,0.015326618,0.041189212,-0.102728386
-0.154657334,0.021431032,0.000002652,-0.028657226,0.015169145,0.040767395,-0.101684684
-0.153085035,0.021209640,0.000002625,-0.028360677,0.015011390,0.040344788,-0.100638828
-0.151509049,0.020987815,0.000002597,-0.028063561,0.014853351,0.039921390,-0.099590817
-0.149929376,0.020765557,0.000002570,-0.027765876,0.014695029,0.039497201,-0.098540649
-0.148346012,0.020542866,0.000002542,-0.027467624,0.014536424,0.039072220,-0.097488323
-0.146758955,0.020319741,0.000002514,-0.027168802,0.014377535,0.038646446,-0.096433838
-0.145168202,0.020096182,0.000002486,-0.026869412,0.014218362,0.038219880,-0.095377192
-0.143573750,0.019872189,0.000002459,-0.026569453,0.014058906,0.037792520,-0.094318383
-0.141975598,0.019647762,0.000002431,-0.026268924,0.013899165,0.037364366,-0.093257410
-0.140373742,0.019422900,0.000002403,-0.025967824,0.013739140,0.036935418,-0.092194272
-0.138768180,0.019197602,0.000002375,-0.025666155,0.013578831,0.036505675,-0.091128968
-0.137158909,0.018971870,0.000002347,-0.025363914,0.013418236,0.036075136,-0.090061495
-0.135545928,0.018745701,0.000002319,-0.025061102,0.013257358,0.035643801,-0.088991852
-0.133929232,0.018519097,0.000002291,-0.024757719,0.013096194,0.035211670,-0.087920039
-0.132308821,0.018292057,0.000002262,-0.024453764,0.012934745,0.034778742,-0.086846053
-0.130684690,0.018064580,0.000002234,-0.024149237,0.012773010,0.034345016,-0.085769893
-0.129056839,0.017836666,0.000002206,-0.023844137,0.012610990,0.033910492,-0.084691558
-0.127425263,0.017608315,0.000002178,-0.023538463,0.012448684,0.033475169,-0.083611045
-0.125789961,0.017379527,0.000002149,-0.023232217,0.012286093,0.033039048,-0.082528355
-0.124150930,0.017150301,0.000002121,-0.022925397,0.012123215,0.032602126,-0.081443485
-0.122508167,0.016920638,0.000002092,-0.022618002,0.011960051,0.032164405,-0.080356433
-0.120861670,0.016690536,0.000002064,-0.022310033,0.011796600,0.031725883,-0.079267199
-0.119211437,0.016459996,0.000002035,-0.022001489,0.011632863,0.031286560,-0.078175782
-0.117557464,0.016229017,0.000002006,-0.021692370,0.011468839,0.030846435,-0.077082178
-0.115899750,0.015997598,0.000001978,-0.021382675,0.011304528,0.030405508,-0.075986388
-0.114238291,0.015765741,0.000001949,-0.021072404,0.011139930,0.029963779,-0.074888409
-0.112573085,0.015533444,0.000001920,-0.020761557,0.010975044,0.029521246,-0.073788240
-0.110904130,0.015300707,0.000001891,-0.020450133,0.010809871,0.029077909,-0.072685881
-0.109231423,0.015067530,0.000001862,-0.020138132,0.010644410,0.028633768,-0.071581328
-0.107554962,0.014833912,0.000001834,-0.019825554,0.010478661,0.028188823,-0.070474582
-0.105874743,0.014599854,0.000001804,-0.019512397,0.010312624,0.027743072,-0.069365639
-0.104190765,0.014365354,0.000001775,-0.019198663,0.010146299,0.027296516,-0.068254500
-0.102503025,0.014130413,0.000001746,-0.018884350,0.009979685,0.026849153,-0.067141162
-0.100811520,0.013895031,0.000001717,-0.018569457,0.009812783,0.026400983,-0.066025625
-0.099116248,0.013659206,0.000001688,-0.018253986,0.009645592,0.025952006,-0.064907886
-0.097417205,0.013422940,0.000001659,-0.017937935,0.009478112,0.025502222,-0.063787944
-0.095714391,0.013186231,0.000001629,-0.017621303,0.009310343,0.025051629,-0.062665798
-0.094007801,0.012949079,0.000001600,-0.017304091,0.009142284,0.024600227,-0.061541447
-0.092297434,0.012711484,0.000001571,-0.016986299,0.008973936,0.024148015,-0.060414888
-0.090583287,0.012473446,0.000001541,-0.016667925,0.008805298,0.023694994,-0.059286121
-0.088865358,0.012234965,0.000001512,-0.016348970,0.008636370,0.023241163,-0.058155144
-0.087143643,0.011996039,0.000001482,-0.016029432,0.008467152,0.022786520,-0.057021955
-0.085418141,0.011756669,0.000001452,-0.015709313,0.008297644,0.022331067,-0.055886554
-0.083688848,0.011516855,0.000001423,-0.015388610,0.008127846,0.021874801,-0.054748938
-0.081955763,0.011276596,0.000001393,-0.015067325,0.007957756,0.021417723,-0.053609106
-0.080218882,0.011035892,0.000001363,-0.014745456,0.007787376,0.020959831,-0.052467057
-0.078478203,0.010794742,0.000001333,-0.014423003,0.007616705,0.020501127,-0.051322790
-0.076733724,0.010553147,0.000001303,-0.014099967,0.007445743,0.020041608,-0.050176302
-0.074985442,0.010311106,0.000001273,-0.013776345,0.007274490,0.019581275,-0.049027593
-0.073233354,0.010068619,0.000001243,-0.013452139,0.007102944,0.019120127,-0.047876661
-0.071477458,0.009825686,0.000001213,-0.013127347,0.006931108,0.018658163,-0.046723505
-0.069717752,0.009582306,0.000001183,-0.012801970,0.006758979,0.018195384,-0.045568123
-0.067954232,0.009338478,0.000001153,-0.012476007,0.006586558,0.017731788,-0.044410513
-0.066186897,0.009094204,0.000001123,-0.012149457,0.006413845,0.017267374,-0.043250675
-0.064415743,0.008849481,0.000001093,-0.011822321,0.006240840,0.016802143,-0.042088607
-0.062640768,0.008604311,0.000001062,-0.011494598,0.006067541,0.016336094,-0.040924306
-0.060861970,0.008358693,0.000001032,-0.011166287,0.005893950,0.015869227,-0.039757773
-0.059079346,0.008112626,0.000001002,-0.010837388,0.005720067,0.015401540,-0.038589006
-0.057292894,0.007866111,0.000000971,-0.010507900,0.005545889,0.014933034,-0.037418002
-0.055502610,0.007619146,0.000000941,-0.010177825,0.005371419,0.014463708,-0.036244761
-0.053708493,0.007371732,0.000000910,-0.009847160,0.005196655,0.013993560,-0.035069281
-0.051910540,0.007123869,0.000000879,-0.009515906,0.005021597,0.013522592,-0.033891561
-0.050108748,0.006875556,0.000000849,-0.009184062,0.004846246,0.013050802,-0.032711600
-0.048303114,0.006626792,0.000000818,-0.008851628,0.004670600,0.012578190,-0.031529395
-0.046493637,0.006377578,0.000000787,-0.008518603,0.004494660,0.012104755,-0.030344945
-0.044680314,0.006127914,0.000000756,-0.008184988,0.004318426,0.011630497,-0.029158250
-0.042863141,0.005877798,0.000000725,-0.007850781,0.004141897,0.011155415,-0.027969307
-0.041042117,0.005627231,0.000000694,-0.007515983,0.003965073,0.010679509,-0.026778115
-0.039217239,0.005376212,0.000000663,-0.007180593,0.003787954,0.010202778,-0.025584673
-0.037388504,0.005124742,0.000000632,-0.006844611,0.003610541,0.009725222,-0.024388979
-0.035555911,0.004872819,0.000000601,-0.006508036,0.003432831,0.009246840,-0.023191031
-0.033719455,0.004620444,0.000000570,-0.006170867,0.003254827,0.008767632,-0.021990829
-0.031879136,0.004367616,0.000000539,-0.005833106,0.003076526,0.008287597,-0.020788371
-0.030034949,0.004114336,0.000000508,-0.005494750,0.002897930,0.007806735,-0.019583656
-0.028186893,0.003860602,0.000000476,-0.005155801,0.002719037,0.007325044,-0.018376681
-0.026334966,0.003606414,0.000000445,-0.004816256,0.002539849,0.006842526,-0.017167446
-0.024479164,0.003351772,0.000000413,-0.004476117,0.002360364,0.006359178,-0.015955949
-0.022619484,0.003096677,0.000000382,-0.004135383,0.002180582,0.005875001,-0.014742189
-0.020755926,0.002841126,0.000000350,-0.003794052,0.002000503,0.005389995,-0.013526163
-0.018888485,0.002585121,0.000000319,-0.003452126,0.001820128,0.004904158,-0.012307872
-0.017017160,0.002328662,0.000000287,-0.003109604,0.001639455,0.004417489,-0.011087313
-0.015141947,0.002071746,0.000000256,-0.002766484,0.001458485,0.003929990,-0.009864485
-0.013262844,0.001814376,0.000000224,-0.002422768,0.001277218,0.003441658,-0.008639387
-0.011379850,0.001556549,0.000000192,-0.002078454,0.001095653,0.002952494,-0.007412016
-0.009492960,0.001298266,0.000000160,-0.001733542,0.000913790,0.002462497,-0.006182372
-0.007602173,0.001039527,0.000000128,-0.001388031,0.000731629,0.001971667,-0.004950453
-0.005707486,0.000780331,0.000000096,-0.001041922,0.000549169,0.001480003,-0.003716258
-0.003808897,0.000520678,0.000000064,-0.000695214,0.000366412,0.000987504,-0.002479785
-0.001906402,0.000260568,0.000000032,-0.000347907,0.000183355,0.000494170,-0.001241033
